0.0, 0.0, 0.0, 0.0, 0.0, 0.0
-0.005313067696988583, 0.0022860930766910315, -0.0040310402400791645, 0.012509058229625225, -0.025208357721567154, 0.717496931552887
-0.013833237811923027, 0.00920927431434393, -0.005163826514035463, 0.013448492623865604, -0.03996145725250244, 1.6682889461517334
-0.020915362983942032, 0.01793975755572319, -0.004452122375369072, 0.009549606591463089, -0.041770003736019135, 2.726701259613037
-0.026339389383792877, 0.026727423071861267, 0.002104948740452528, 0.006938471924513578, -0.035840488970279694, 3.8450353145599365
-0.031122012063860893, 0.0397527776658535, 0.012943565845489502, 0.007960774935781956, -0.027109455317258835, 5.003436088562012
-0.03228878974914551, 0.05339860916137695, 0.02207939140498638, -0.02791057527065277, -0.016901329159736633, 6.16649055480957
-0.037813425064086914, 0.06679102778434753, 0.0332450196146965, -0.06683759391307831, -0.0074887992814183235, 7.3216423988342285
-0.04263424873352051, 0.0797082781791687, 0.0429048016667366, -0.10837183892726898, -0.0009547239169478416, 8.474946975708008
-0.042842864990234375, 0.09348178654909134, 0.04947187006473541, -0.1587071269750595, 0.004874693229794502, 9.630622863769531
-0.04491996765136719, 0.10845193266868591, 0.051971472799777985, -0.20130795240402222, 0.013882153667509556, 10.7869873046875
-0.04858541488647461, 0.12485010921955109, 0.05729713290929794, -0.24837630987167358, 0.022215839475393295, 11.939159393310547
-0.05010509490966797, 0.14521878957748413, 0.062295425683259964, -0.2969338297843933, 0.02400922402739525, 13.087100982666016
-0.052834510803222656, 0.16533920168876648, 0.06598428636789322, -0.3519356846809387, 0.02635122835636139, 14.231873512268066
-0.054946184158325195, 0.18410420417785645, 0.07240161299705505, -0.4045330584049225, 0.026611311361193657, 15.3749418258667
-0.05920600891113281, 0.197382390499115, 0.07613623142242432, -0.4596005380153656, 0.03000844642519951, 16.51046371459961
-0.060426950454711914, 0.21068207919597626, 0.07951531559228897, -0.517214298248291, 0.030576996505260468, 17.645553588867188
-0.06140875816345215, 0.22265425324440002, 0.0823664516210556, -0.5753957033157349, 0.030340582132339478, 18.780559539794922
-0.06151723861694336, 0.23283982276916504, 0.08239996433258057, -0.6297311782836914, 0.024339785799384117, 19.913528442382812
-0.058921098709106445, 0.23954303562641144, 0.08349419385194778, -0.6881638765335083, 0.017864346504211426, 21.051193237304688
-0.059771060943603516, 0.24920298159122467, 0.08612892031669617, -0.7403830289840698, 0.009747767820954323, 22.179174423217773
-0.060452938079833984, 0.25863116979599, 0.08784332871437073, -0.7944959998130798, 0.001662970520555973, 23.29468536376953
-0.05840015411376953, 0.26697075366973877, 0.09252262115478516, -0.8508914113044739, -0.0006232988089323044, 24.414106369018555
-0.05639839172363281, 0.279771089553833, 0.09813304245471954, -0.9025071859359741, 0.0018204767256975174, 25.545381546020508
-0.04989504814147949, 0.29320597648620605, 0.10389094799757004, -0.9498076438903809, 0.005070661194622517, 26.6743106842041
-0.04500317573547363, 0.3016066253185272, 0.11221592128276825, -0.9889660477638245, 0.007232294417917728, 27.801105499267578
-0.042958736419677734, 0.3077724874019623, 0.12342098355293274, -1.0199790000915527, 0.014783799648284912, 28.92737579345703
-0.0434412956237793, 0.3099590837955475, 0.13231107592582703, -1.0499019622802734, 0.01627090945839882, 30.053972244262695
-0.04538273811340332, 0.3085184693336487, 0.14331482350826263, -1.0794527530670166, 0.017721781507134438, 31.18050765991211
-0.04946136474609375, 0.31194713711738586, 0.15447451174259186, -1.1166918277740479, 0.02027926594018936, 32.30609893798828
-0.05623221397399902, 0.31622079014778137, 0.16585789620876312, -1.16585373878479, 0.016561608761548996, 33.43356704711914
-0.06243491172790527, 0.3252978026866913, 0.18015769124031067, -1.2249109745025635, 0.012095450423657894, 34.56265640258789
-0.06940007209777832, 0.3353576958179474, 0.19678574800491333, -1.290647029876709, 0.006984423846006393, 35.696929931640625
-0.07604241371154785, 0.3470548987388611, 0.214654803276062, -1.3604036569595337, 0.0028776684775948524, 36.83417892456055
-0.08244466781616211, 0.3617532551288605, 0.22757747769355774, -1.4409353733062744, -0.004359511658549309, 37.95750427246094
-0.09176898002624512, 0.3766346275806427, 0.24611631035804749, -1.5350420475006104, -0.013221499510109425, 39.08274841308594
-0.10216498374938965, 0.3901285231113434, 0.2603272497653961, -1.645737886428833, -0.02202211320400238, 40.20420837402344
-0.1144258975982666, 0.3987816870212555, 0.27186062932014465, -1.7749218940734863, -0.030482854694128036, 41.32314682006836
-0.1311805248260498, 0.4059735834598541, 0.27767214179039, -1.914123773574829, -0.0306753758341074, 42.4404182434082
-0.14033937454223633, 0.41341161727905273, 0.2830777168273926, -2.069814682006836, -0.027516765519976616, 43.56168746948242
-0.1471264362335205, 0.4236995279788971, 0.28556251525878906, -2.2413718700408936, -0.02623920701444149, 44.683929443359375
-0.15512466430664062, 0.43419402837753296, 0.29124972224235535, -2.4272384643554688, -0.03341960906982422, 45.80353927612305
-0.16556119918823242, 0.4483126103878021, 0.29434728622436523, -2.622173309326172, -0.03896408900618553, 46.91273880004883
-0.18148565292358398, 0.46791136264801025, 0.3029530942440033, -2.8241055011749268, -0.04975416138768196, 48.024322509765625
-0.19780611991882324, 0.4909529387950897, 0.3140307366847992, -3.047727108001709, -0.06597965955734253, 49.129234313964844
-0.2177131175994873, 0.5134633183479309, 0.3217815160751343, -3.284299850463867, -0.0731305256485939, 50.224857330322266
-0.23551249504089355, 0.5406785011291504, 0.3307776153087616, -3.5450587272644043, -0.0793122872710228, 51.32553482055664
-0.24834060668945312, 0.5639532804489136, 0.3432616889476776, -3.826643943786621, -0.08654371649026871, 52.42366409301758
-0.26485562324523926, 0.5811067819595337, 0.3566572964191437, -4.115328788757324, -0.08940988779067993, 53.51801300048828
-0.281771183013916, 0.5898684859275818, 0.37351855635643005, -4.41916561126709, -0.08907946199178696, 54.61067581176758
-0.2999563217163086, 0.6024019122123718, 0.3929820656776428, -4.7428717613220215, -0.09517884254455566, 55.698917388916016
-0.322601318359375, 0.6132442355155945, 0.41387051343917847, -5.090922832489014, -0.09968826919794083, 56.7923469543457
-0.3408694267272949, 0.6264050602912903, 0.432646244764328, -5.463865756988525, -0.10394181311130524, 57.87718200683594
-0.3523523807525635, 0.6412578821182251, 0.4519413113594055, -5.851058006286621, -0.104417584836483, 58.959808349609375
-0.36263442039489746, 0.6542534828186035, 0.46850961446762085, -6.2467803955078125, -0.10643936693668365, 60.04780578613281
-0.3750288486480713, 0.6660264134407043, 0.4825695753097534, -6.6523847579956055, -0.10800430923700333, 61.13402557373047
-0.3878810405731201, 0.671631395816803, 0.49897992610931396, -7.0720038414001465, -0.11456619203090668, 62.20767593383789
-0.39754390716552734, 0.6785933375358582, 0.5218662023544312, -7.5013275146484375, -0.1178150400519371, 63.27919387817383
-0.4050126075744629, 0.6838972568511963, 0.5455663204193115, -7.939845561981201, -0.11843488365411758, 64.35091400146484
-0.4079751968383789, 0.6903141736984253, 0.5648687481880188, -8.385257720947266, -0.12351097911596298, 65.41590881347656
-0.41057586669921875, 0.6913847923278809, 0.5868130922317505, -8.838997840881348, -0.1293455958366394, 66.47623443603516
-0.41368865966796875, 0.6985501646995544, 0.6050015091896057, -9.295124053955078, -0.13168372213840485, 67.53474426269531
-0.4226384162902832, 0.7085161805152893, 0.621536135673523, -9.752616882324219, -0.1317051500082016, 68.58617401123047
-0.4340641498565674, 0.7184266448020935, 0.6387530565261841, -10.225448608398438, -0.13899923861026764, 69.64154815673828
-0.451723575592041, 0.7272039651870728, 0.6594284176826477, -10.715316772460938, -0.14330562949180603, 70.6935806274414
-0.4663705825805664, 0.7363748550415039, 0.6786863803863525, -11.219740867614746, -0.14818882942199707, 71.73522186279297
-0.4821903705596924, 0.7448305487632751, 0.695189893245697, -11.746562004089355, -0.15560521185398102, 72.76475524902344
-0.49672675132751465, 0.7528433203697205, 0.7114918828010559, -12.296473503112793, -0.15966160595417023, 73.79075622558594
-0.5075070858001709, 0.7621487975120544, 0.724263608455658, -12.86795711517334, -0.15965522825717926, 74.80865478515625
-0.5236654281616211, 0.7720653414726257, 0.7382354736328125, -13.449079513549805, -0.1581038534641266, 75.81814575195312
-0.5397403240203857, 0.7826103568077087, 0.7513508796691895, -14.043725967407227, -0.15438327193260193, 76.81387329101562
-0.5537111759185791, 0.7902044653892517, 0.7637320160865784, -14.642768859863281, -0.15178236365318298, 77.80398559570312
-0.5659663677215576, 0.8009006977081299, 0.7755218744277954, -15.24886417388916, -0.15135233104228973, 78.78112030029297
-0.5820438861846924, 0.8115510940551758, 0.7865508198738098, -15.863788604736328, -0.15024881064891815, 79.75023651123047
-0.5926470756530762, 0.8235926032066345, 0.7960489392280579, -16.49024772644043, -0.15183432400226593, 80.70354461669922
-0.6000046730041504, 0.8366093635559082, 0.8084688782691956, -17.12982749938965, -0.15741996467113495, 81.64727020263672
-0.602912187576294, 0.8467528223991394, 0.8219388723373413, -17.78058624267578, -0.16061672568321228, 82.59683227539062
-0.6136379241943359, 0.8554064035415649, 0.8348830938339233, -18.434673309326172, -0.16381458938121796, 83.538818359375
-0.6213424205780029, 0.8663693070411682, 0.8467398285865784, -19.10049057006836, -0.17229615151882172, 84.47323608398438
-0.6286132335662842, 0.8676101565361023, 0.8587794303894043, -19.775211334228516, -0.18647898733615875, 85.40660858154297
-0.6320695877075195, 0.870924174785614, 0.8719246983528137, -20.457216262817383, -0.20024050772190094, 86.33623504638672
-0.638131856918335, 0.8831039667129517, 0.8828179240226746, -21.144994735717773, -0.21540705859661102, 87.26113891601562
-0.6457169055938721, 0.8965961933135986, 0.8962608575820923, -21.843881607055664, -0.2313413769006729, 88.19092559814453
-0.6543631553649902, 0.9110209941864014, 0.9090288281440735, -22.5492000579834, -0.2460058182477951, 89.1185302734375
-0.6668856143951416, 0.9247635006904602, 0.9210264086723328, -23.264986038208008, -0.2686202824115753, 90.03670501708984
-0.6805589199066162, 0.9351229071617126, 0.9391637444496155, -23.98455047607422, -0.284954696893692, 90.94635772705078
-0.6909048557281494, 0.9438713788986206, 0.956813395023346, -24.70707130432129, -0.29534491896629333, 91.84471130371094
-0.696307897567749, 0.9506699442863464, 0.977855920791626, -25.436410903930664, -0.30204564332962036, 92.7363510131836
-0.6988344192504883, 0.9578955769538879, 0.9931352138519287, -26.170690536499023, -0.3081086277961731, 93.6274185180664
-0.6945979595184326, 0.9673914313316345, 1.0088797807693481, -26.910667419433594, -0.3136812448501587, 94.51798248291016
-0.693335771560669, 0.9758325219154358, 1.025687575340271, -27.652942657470703, -0.31760770082473755, 95.41488647460938
-0.6992981433868408, 0.9859092235565186, 1.0436333417892456, -28.396987915039062, -0.3221105635166168, 96.30598449707031
-0.7036206722259521, 0.9926430583000183, 1.060325026512146, -29.15423011779785, -0.32791921496391296, 97.1954574584961
-0.7062528133392334, 0.998833417892456, 1.07547128200531, -29.917734146118164, -0.3344917893409729, 98.07608795166016
-0.708453893661499, 1.010755181312561, 1.0883429050445557, -30.679309844970703, -0.3421124815940857, 98.94723510742188
-0.7107546329498291, 1.020394206047058, 1.1073250770568848, -31.439722061157227, -0.3461957573890686, 99.8271713256836
-0.7135429382324219, 1.0283327102661133, 1.1252862215042114, -32.206241607666016, -0.35287630558013916, 100.70841217041016
-0.7175204753875732, 1.0360069274902344, 1.1459894180297852, -32.9716911315918, -0.3547069728374481, 101.5877685546875
-0.7207598686218262, 1.0434609651565552, 1.166275978088379, -33.7405891418457, -0.3668511211872101, 102.46294403076172
-0.7239391803741455, 1.0520925521850586, 1.1855617761611938, -34.5097770690918, -0.3662523031234741, 103.32859802246094
-0.7325470447540283, 1.068183183670044, 1.2039107084274292, -35.286373138427734, -0.36885935068130493, 104.19286346435547
-0.7396805286407471, 1.0822346210479736, 1.2252928018569946, -36.058197021484375, -0.36497464776039124, 105.05107116699219
-0.7485830783843994, 1.0958776473999023, 1.2440203428268433, -36.830474853515625, -0.36564576625823975, 105.90255737304688
-0.7580268383026123, 1.1083042621612549, 1.2625012397766113, -37.600685119628906, -0.3616805374622345, 106.7508773803711
-0.7629659175872803, 1.1236478090286255, 1.2798969745635986, -38.387611389160156, -0.36036592721939087, 107.5899429321289
-0.7706964015960693, 1.139556884765625, 1.2973512411117554, -39.19216537475586, -0.36895647644996643, 108.42305755615234
-0.778761625289917, 1.157151460647583, 1.312530755996704, -40.01016616821289, -0.3813231289386749, 109.24860382080078
-0.7854506969451904, 1.1763482093811035, 1.3298019170761108, -40.831138610839844, -0.39385291934013367, 110.06998443603516
-0.7963876724243164, 1.193523645401001, 1.3472886085510254, -41.64597702026367, -0.40506067872047424, 110.88652801513672
-0.8070464134216309, 1.2150726318359375, 1.362577199935913, -42.46897506713867, -0.42330318689346313, 111.69194793701172
-0.8161826133728027, 1.2402509450912476, 1.3745324611663818, -43.300559997558594, -0.4324006140232086, 112.48306274414062
-0.8256473541259766, 1.2616127729415894, 1.3877699375152588, -44.15127944946289, -0.444055438041687, 113.26856994628906
-0.8353164196014404, 1.2786511182785034, 1.4025789499282837, -45.00545120239258, -0.4572841227054596, 114.0408935546875
-0.846153736114502, 1.2936314344406128, 1.4191222190856934, -45.869266510009766, -0.477323979139328, 114.80485534667969
-0.8575644493103027, 1.3116754293441772, 1.4389214515686035, -46.73542022705078, -0.49450817704200745, 115.56333923339844
-0.8681380748748779, 1.3325003385543823, 1.4528892040252686, -47.613319396972656, -0.5094119906425476, 116.30953979492188
-0.8803155422210693, 1.3511266708374023, 1.4686229228973389, -48.492645263671875, -0.5268740653991699, 117.05148315429688
-0.894768476486206, 1.3688232898712158, 1.4876797199249268, -49.38745880126953, -0.5455060601234436, 117.77709197998047
-0.9039859771728516, 1.38309645652771, 1.5041130781173706, -50.29469299316406, -0.5590301752090454, 118.49533081054688
-0.9086661338806152, 1.3930034637451172, 1.518301248550415, -51.21047592163086, -0.5770235657691956, 119.21112060546875
-0.9149396419525146, 1.408299446105957, 1.5338804721832275, -52.12173843383789, -0.5860844850540161, 119.92569732666016
-0.9174649715423584, 1.423723578453064, 1.5472314357757568, -53.04294967651367, -0.5990164279937744, 120.63304901123047
-0.9194552898406982, 1.438969612121582, 1.5683428049087524, -53.964393615722656, -0.6140995025634766, 121.33416748046875
-0.9273011684417725, 1.4562475681304932, 1.5904699563980103, -54.894657135009766, -0.6321151852607727, 122.03397369384766
-0.9374635219573975, 1.4772441387176514, 1.6080533266067505, -55.822200775146484, -0.6443846225738525, 122.72130584716797
-0.9455184936523438, 1.4988455772399902, 1.625663161277771, -56.743507385253906, -0.6572399139404297, 123.38591003417969
-0.952655553817749, 1.5207184553146362, 1.6481918096542358, -57.6664924621582, -0.6738853454589844, 124.03886413574219
-0.9624636173248291, 1.5415122509002686, 1.6658177375793457, -58.59183120727539, -0.6823461055755615, 124.68990325927734
-0.9716227054595947, 1.5551607608795166, 1.6833443641662598, -59.516197204589844, -0.6937680840492249, 125.33836364746094
-0.9754490852355957, 1.5633186101913452, 1.7013260126113892, -60.44902801513672, -0.7007912397384644, 125.98445129394531
-0.9736044406890869, 1.5726269483566284, 1.7150306701660156, -61.387447357177734, -0.7144587635993958, 126.62659454345703
-0.9746248722076416, 1.5861564874649048, 1.7253975868225098, -62.309730529785156, -0.7235330939292908, 127.27182006835938
-0.97176194190979, 1.6010847091674805, 1.7353464365005493, -63.23640823364258, -0.7408588528633118, 127.91939544677734
-0.9685330390930176, 1.6212399005889893, 1.7484670877456665, -64.16410827636719, -0.7538883090019226, 128.56976318359375
-0.9716155529022217, 1.6358635425567627, 1.7643933296203613, -65.07563018798828, -0.7678351402282715, 129.2236328125
-0.9777309894561768, 1.6531833410263062, 1.7806066274642944, -65.9871597290039, -0.779527485370636, 129.8701171875
-0.9812967777252197, 1.6676604747772217, 1.8020923137664795, -66.90361022949219, -0.7844768166542053, 130.5131072998047
-0.9829907417297363, 1.6863749027252197, 1.814500331878662, -67.82189178466797, -0.7892345786094666, 131.14585876464844
-0.9816768169403076, 1.6987247467041016, 1.8314101696014404, -68.751220703125, -0.7998419404029846, 131.7804412841797
-0.9803094863891602, 1.7136229276657104, 1.8468037843704224, -69.6810531616211, -0.8095479011535645, 132.41336059570312
-0.9845755100250244, 1.728707194328308, 1.8663361072540283, -70.61495971679688, -0.815588116645813, 133.05081176757812
-0.9918551445007324, 1.7480299472808838, 1.8821779489517212, -71.5422134399414, -0.8242900967597961, 133.67384338378906
-1.005899429321289, 1.765255093574524, 1.8927017450332642, -72.47306823730469, -0.8373106718063354, 134.28509521484375
-1.0187082290649414, 1.7837345600128174, 1.9037224054336548, -73.40991973876953, -0.8506619930267334, 134.87754821777344
-1.0276918411254883, 1.8033459186553955, 1.9122921228408813, -74.3528823852539, -0.8705716729164124, 135.46157836914062
-1.0375001430511475, 1.8202282190322876, 1.9221311807632446, -75.31028747558594, -0.8917734026908875, 136.03065490722656
-1.0492804050445557, 1.8338879346847534, 1.9355528354644775, -76.27389526367188, -0.9017848372459412, 136.5919952392578
-1.0610263347625732, 1.8406968116760254, 1.9492685794830322, -77.24324798583984, -0.9131425619125366, 137.15530395507812
-1.0672740936279297, 1.848859190940857, 1.95842444896698, -78.22415924072266, -0.9246312975883484, 137.71795654296875
-1.0686542987823486, 1.8605393171310425, 1.9688661098480225, -79.21351623535156, -0.9377928972244263, 138.27377319335938
-1.067293405532837, 1.8690824508666992, 1.9742237329483032, -80.2108154296875, -0.9508761167526245, 138.8240203857422
-1.0669665336608887, 1.8809785842895508, 1.979459285736084, -81.20848846435547, -0.9681549072265625, 139.38038635253906
-1.06905198097229, 1.8931790590286255, 1.9903689622879028, -82.21305847167969, -0.9785589575767517, 139.93626403808594
-1.0715672969818115, 1.9054837226867676, 2.0072550773620605, -83.21255493164062, -0.9852851629257202, 140.49920654296875
-1.0772345066070557, 1.9155642986297607, 2.0211870670318604, -84.21273803710938, -0.9871901869773865, 141.05470275878906
-1.0858356952667236, 1.923705816268921, 2.035954236984253, -85.21534729003906, -0.9880366325378418, 141.6055145263672
-1.0927884578704834, 1.9302327632904053, 2.0459039211273193, -86.21866607666016, -0.9876977801322937, 142.14649963378906
-1.0971803665161133, 1.9404183626174927, 2.0566699504852295, -87.22103881835938, -0.9906824231147766, 142.6810760498047
-1.1051743030548096, 1.9542268514633179, 2.070159435272217, -88.2214126586914, -0.9939919114112854, 143.21047973632812
-1.1126153469085693, 1.9746125936508179, 2.080400228500366, -89.230224609375, -1.0016158819198608, 143.73104858398438
-1.119399070739746, 1.994776964187622, 2.0912890434265137, -90.24769592285156, -1.0135701894760132, 144.2506866455078
-1.122800588607788, 2.0152764320373535, 2.1056087017059326, -91.27095031738281, -1.0267832279205322, 144.7665252685547
-1.1222593784332275, 2.033186674118042, 2.1226935386657715, -92.29920196533203, -1.0357155799865723, 145.28280639648438
-1.1224393844604492, 2.0503528118133545, 2.1414804458618164, -93.32393646240234, -1.043007731437683, 145.80023193359375
-1.123647928237915, 2.0670101642608643, 2.157553195953369, -94.3482437133789, -1.0461715459823608, 146.31675720214844
-1.1311752796173096, 2.0858957767486572, 2.174920082092285, -95.37545776367188, -1.0498062372207642, 146.82861328125
-1.141143560409546, 2.1012024879455566, 2.187927484512329, -96.40505981445312, -1.055260419845581, 147.3285675048828
-1.1519027948379517, 2.1156420707702637, 2.2033164501190186, -97.43877410888672, -1.0577524900436401, 147.82386779785156
-1.1588773727416992, 2.1318423748016357, 2.219693422317505, -98.47359466552734, -1.0688444375991821, 148.3070526123047
-1.1681907176971436, 2.147249221801758, 2.234229564666748, -99.51245880126953, -1.0791476964950562, 148.77464294433594
-1.1804230213165283, 2.162188768386841, 2.2480084896087646, -100.56275177001953, -1.0871601104736328, 149.2278289794922
-1.1947811841964722, 2.175466775894165, 2.264293670654297, -101.6166763305664, -1.0935239791870117, 149.66871643066406
-1.2079018354415894, 2.187610626220703, 2.2785472869873047, -102.6688232421875, -1.0906506776809692, 150.0937042236328
-1.2215969562530518, 2.197582960128784, 2.2887938022613525, -103.72119140625, -1.0889394283294678, 150.5068817138672
-1.228639006614685, 2.207728624343872, 2.2960214614868164, -104.77544403076172, -1.0921807289123535, 150.89878845214844
-1.2336993217468262, 2.216993570327759, 2.304522752761841, -105.83076477050781, -1.0957274436950684, 151.27980041503906
-1.239759922027588, 2.221564531326294, 2.3175384998321533, -106.88074493408203, -1.0971975326538086, 151.6553192138672
-1.2514959573745728, 2.2266385555267334, 2.3338871002197266, -107.93782806396484, -1.0944446325302124, 152.0303192138672
-1.2646092176437378, 2.235398769378662, 2.3532915115356445, -108.99932098388672, -1.089396595954895, 152.40115356445312
-1.2791324853897095, 2.244204521179199, 2.375112533569336, -110.07109069824219, -1.0846281051635742, 152.76055908203125
-1.294319987297058, 2.2525079250335693, 2.3897244930267334, -111.15458679199219, -1.0800940990447998, 153.1022491455078
-1.309369683265686, 2.265805721282959, 2.4062764644622803, -112.249755859375, -1.078842043876648, 153.42892456054688
-1.320263385772705, 2.2824885845184326, 2.4179792404174805, -113.34624481201172, -1.0822917222976685, 153.7320098876953
-1.3308910131454468, 2.3019909858703613, 2.433133602142334, -114.44283294677734, -1.0877658128738403, 154.01416015625
-1.3408502340316772, 2.3234598636627197, 2.4483275413513184, -115.53706359863281, -1.101194143295288, 154.27687072753906
-1.3533886671066284, 2.3422768115997314, 2.463901996612549, -116.64010620117188, -1.1173269748687744, 154.5263214111328
-1.3693938255310059, 2.3625409603118896, 2.4827370643615723, -117.74189758300781, -1.1350104808807373, 154.763671875
-1.3855855464935303, 2.378126382827759, 2.4985716342926025, -118.84032440185547, -1.14525306224823, 155.0006866455078
-1.4003982543945312, 2.3936381340026855, 2.5148966312408447, -119.94668579101562, -1.1539688110351562, 155.21946716308594
-1.4156053066253662, 2.4084980487823486, 2.5315699577331543, -121.05650329589844, -1.1538341045379639, 155.42872619628906
-1.430238127708435, 2.4218993186950684, 2.5461668968200684, -122.17155456542969, -1.1548007726669312, 155.61920166015625
-1.4503505229949951, 2.434459924697876, 2.556013822555542, -123.2933349609375, -1.163707971572876, 155.79006958007812
-1.470886468887329, 2.4490833282470703, 2.5675177574157715, -124.42213439941406, -1.178224802017212, 155.93215942382812
-1.4855906963348389, 2.4589221477508545, 2.5763840675354004, -125.5570068359375, -1.1865154504776, 156.05213928222656
-1.4981529712677002, 2.4736716747283936, 2.588245153427124, -126.69827270507812, -1.1905639171600342, 156.16111755371094
-1.5085909366607666, 2.484995126724243, 2.5945534706115723, -127.83639526367188, -1.1923977136611938, 156.25650024414062
-1.5169364213943481, 2.495718002319336, 2.601330041885376, -128.97457885742188, -1.1942874193191528, 156.34402465820312
-1.522597312927246, 2.5041537284851074, 2.6145362854003906, -130.10813903808594, -1.1929938793182373, 156.42486572265625
-1.5278316736221313, 2.5075016021728516, 2.624626636505127, -131.24130249023438, -1.1913185119628906, 156.49522399902344
-1.5348076820373535, 2.5094590187072754, 2.63828444480896, -132.37786865234375, -1.1984262466430664, 156.55804443359375
-1.5457484722137451, 2.510451078414917, 2.6518008708953857, -133.51815795898438, -1.2051767110824585, 156.61160278320312
-1.5579599142074585, 2.512202739715576, 2.666121482849121, -134.65037536621094, -1.212453007698059, 156.65150451660156
-1.569248080253601, 2.519646406173706, 2.6792492866516113, -135.79351806640625, -1.2229269742965698, 156.67771911621094
-1.5757092237472534, 2.5296053886413574, 2.6980090141296387, -136.94105529785156, -1.2234289646148682, 156.6874542236328
-1.580562949180603, 2.5400307178497314, 2.7175145149230957, -138.08782958984375, -1.228355050086975, 156.67822265625
-1.587186336517334, 2.5500528812408447, 2.7349631786346436, -139.22544860839844, -1.230028510093689, 156.66390991210938
-1.5976080894470215, 2.5678789615631104, 2.753129720687866, -140.36331176757812, -1.2350127696990967, 156.6407928466797
-1.606676459312439, 2.5868091583251953, 2.7705230712890625, -141.5035400390625, -1.2471481561660767, 156.6087646484375
-1.618874430656433, 2.608884572982788, 2.7871828079223633, -142.65528869628906, -1.2529048919677734, 156.5673065185547
-1.6296164989471436, 2.634181261062622, 2.8021292686462402, -143.8011932373047, -1.2538970708847046, 156.52012634277344
-1.6329985857009888, 2.657989978790283, 2.820737361907959, -144.94400024414062, -1.2567030191421509, 156.46307373046875
-1.6289198398590088, 2.6757893562316895, 2.838674545288086, -146.08596801757812, -1.2591663599014282, 156.401611328125
-1.6323778629302979, 2.693183422088623, 2.860553503036499, -147.21734619140625, -1.2669085264205933, 156.33999633789062
-1.6391429901123047, 2.7103936672210693, 2.88149094581604, -148.35340881347656, -1.271426796913147, 156.279052734375
-1.6530901193618774, 2.7275822162628174, 2.903115749359131, -149.47914123535156, -1.2827889919281006, 156.2130584716797
-1.6671316623687744, 2.74865984916687, 2.9214582443237305, -150.60072326660156, -1.2839765548706055, 156.13356018066406
-1.6820602416992188, 2.768341302871704, 2.9388060569763184, -151.7199249267578, -1.2810554504394531, 156.037353515625
-1.6947319507598877, 2.7876651287078857, 2.954259157180786, -152.833251953125, -1.275303602218628, 155.924560546875
-1.7076741456985474, 2.7994353771209717, 2.9689416885375977, -153.94332885742188, -1.2707560062408447, 155.79391479492188
-1.7149145603179932, 2.811216354370117, 2.9843757152557373, -155.05792236328125, -1.2656831741333008, 155.64674377441406
-1.7226786613464355, 2.8234686851501465, 3.001546859741211, -156.17987060546875, -1.2567566633224487, 155.48426818847656
-1.7362085580825806, 2.8388922214508057, 3.023206949234009, -157.30612182617188, -1.2474722862243652, 155.317138671875
-1.7437689304351807, 2.850966453552246, 3.0412492752075195, -158.43301391601562, -1.2349650859832764, 155.13339233398438
-1.750636339187622, 2.8664209842681885, 3.0591611862182617, -159.56483459472656, -1.227077603340149, 154.9435272216797
-1.7590278387069702, 2.877793312072754, 3.0791330337524414, -160.6887664794922, -1.2170718908309937, 154.74905395507812
-1.7706860303878784, 2.8867440223693848, 3.101513385772705, -161.80711364746094, -1.2130179405212402, 154.55445861816406
-1.7814526557922363, 2.894075393676758, 3.1232669353485107, -162.9235076904297, -1.2115747928619385, 154.34042358398438
-1.7903560400009155, 2.900237798690796, 3.147186517715454, -164.04208374023438, -1.2025643587112427, 154.11703491210938
-1.8020967245101929, 2.905052661895752, 3.1683859825134277, -165.14173889160156, -1.190690517425537, 153.8819122314453
-1.8188815116882324, 2.905515432357788, 3.182939291000366, -166.23497009277344, -1.183730959892273, 153.62977600097656
-1.8363598585128784, 2.913882255554199, 3.196542739868164, -167.3226318359375, -1.18085777759552, 153.3584747314453
-1.8556344509124756, 2.925804615020752, 3.2159669399261475, -168.41221618652344, -1.1844847202301025, 153.0797576904297
-1.866633653640747, 2.9346120357513428, 3.231013298034668, -169.49008178710938, -1.1904739141464233, 152.7810516357422
-1.8789622783660889, 2.9416754245758057, 3.2459139823913574, -170.5653839111328, -1.1987113952636719, 152.47213745117188
-1.8911925554275513, 2.947892427444458, 3.2573060989379883, -171.62832641601562, -1.2075012922286987, 152.14407348632812
-1.8989771604537964, 2.960616111755371, 3.2708163261413574, -172.6825408935547, -1.2169123888015747, 151.80349731445312
-1.9022390842437744, 2.9674229621887207, 3.285391330718994, -173.73548889160156, -1.220731258392334, 151.4501190185547
-1.9096053838729858, 2.9712913036346436, 3.3036954402923584, -174.79391479492188, -1.2210538387298584, 151.09173583984375
-1.9192832708358765, 2.9736647605895996, 3.3242149353027344, -175.84877014160156, -1.2233448028564453, 150.7294921875
-1.9310848712921143, 2.9750869274139404, 3.337204933166504, -176.9071807861328, -1.2319868803024292, 150.3595733642578
-1.9457194805145264, 2.9780352115631104, 3.3483123779296875, -177.9578094482422, -1.2340521812438965, 149.9824981689453
-1.9592963457107544, 2.985208749771118, 3.3559303283691406, -179.0063934326172, -1.233654499053955, 149.58750915527344
-1.9710100889205933, 2.9916956424713135, 3.368025302886963, -180.05673217773438, -1.2320904731750488, 149.1769256591797
-1.9827866554260254, 3.000044822692871, 3.383363962173462, -181.09902954101562, -1.2328263521194458, 148.75318908691406
-1.9988347291946411, 3.0098414421081543, 3.396019697189331, -182.13050842285156, -1.2345809936523438, 148.31422424316406
-2.0186922550201416, 3.0246894359588623, 3.4121336936950684, -183.15744018554688, -1.232608437538147, 147.8545684814453
-2.0335443019866943, 3.040384531021118, 3.423992395401001, -184.1744384765625, -1.2314276695251465, 147.37908935546875
-2.0437815189361572, 3.0552680492401123, 3.4386491775512695, -185.18743896484375, -1.2349439859390259, 146.8839569091797
-2.0529491901397705, 3.0739457607269287, 3.4470629692077637, -186.1937255859375, -1.2366185188293457, 146.376708984375
-2.064108371734619, 3.0963261127471924, 3.453962564468384, -187.19300842285156, -1.2371317148208618, 145.86257934570312
-2.0743470191955566, 3.113727569580078, 3.466176748275757, -188.19137573242188, -1.2377828359603882, 145.33541870117188
-2.0850090980529785, 3.1325523853302, 3.481602907180786, -189.1930389404297, -1.2338780164718628, 144.79808044433594
-2.0950887203216553, 3.150886058807373, 3.492579221725464, -190.1895751953125, -1.223948359489441, 144.25189208984375
-2.104290008544922, 3.1714444160461426, 3.506563425064087, -191.1761932373047, -1.2111438512802124, 143.69503784179688
-2.11529541015625, 3.1926820278167725, 3.5183067321777344, -192.1546630859375, -1.19598388671875, 143.12692260742188
-2.1279819011688232, 3.2130048274993896, 3.5272817611694336, -193.1168975830078, -1.1826510429382324, 142.55178833007812
-2.140803575515747, 3.230926036834717, 3.537954807281494, -194.07806396484375, -1.1808823347091675, 141.97085571289062
-2.15458083152771, 3.250084638595581, 3.546928882598877, -195.02110290527344, -1.1838972568511963, 141.38929748535156
-2.1639461517333984, 3.2653517723083496, 3.555323600769043, -195.95504760742188, -1.1904915571212769, 140.79833984375
-2.168851137161255, 3.278531789779663, 3.5591049194335938, -196.8848419189453, -1.1960006952285767, 140.20199584960938
-2.1737735271453857, 3.292107343673706, 3.567075490951538, -197.81272888183594, -1.2015762329101562, 139.5895538330078
-2.1775059700012207, 3.307457208633423, 3.577017307281494, -198.7447967529297, -1.203141212463379, 138.9703369140625
-2.1827685832977295, 3.3222098350524902, 3.592258930206299, -199.6766357421875, -1.2008335590362549, 138.3458251953125
-2.1883108615875244, 3.3422505855560303, 3.603699207305908, -200.60926818847656, -1.19536554813385, 137.71681213378906
-2.1912238597869873, 3.3637876510620117, 3.612647771835327, -201.53948974609375, -1.1913657188415527, 137.08181762695312
-2.1989760398864746, 3.379380226135254, 3.6202943325042725, -202.46546936035156, -1.187014102935791, 136.44671630859375
-2.208662271499634, 3.3967041969299316, 3.6300761699676514, -203.37982177734375, -1.1806069612503052, 135.79794311523438
-2.222318649291992, 3.4121806621551514, 3.6393508911132812, -204.2877960205078, -1.1744630336761475, 135.14013671875
-2.233741044998169, 3.420764923095703, 3.649296283721924, -205.19297790527344, -1.1755229234695435, 134.4705352783203
-2.2442967891693115, 3.429044246673584, 3.6610262393951416, -206.08714294433594, -1.178273320198059, 133.79173278808594
-2.24342942237854, 3.4412877559661865, 3.676096200942993, -206.97698974609375, -1.1791938543319702, 133.10438537597656
-2.2417502403259277, 3.4544363021850586, 3.6903510093688965, -207.86289978027344, -1.1832839250564575, 132.4095916748047
-2.2450714111328125, 3.4660637378692627, 3.7057483196258545, -208.75584411621094, -1.1891535520553589, 131.7060546875
-2.2534596920013428, 3.4751508235931396, 3.720592975616455, -209.64590454101562, -1.1973143815994263, 131.00027465820312
-2.2608840465545654, 3.479044198989868, 3.733107805252075, -210.52098083496094, -1.208947777748108, 130.2888946533203
-2.2733571529388428, 3.4811511039733887, 3.7470433712005615, -211.38873291015625, -1.218346118927002, 129.574462890625
-2.2817752361297607, 3.4852139949798584, 3.757317066192627, -212.24554443359375, -1.227091908454895, 128.84619140625
-2.2901439666748047, 3.493391513824463, 3.7699341773986816, -213.10484313964844, -1.2354141473770142, 128.10626220703125
-2.292722463607788, 3.506227493286133, 3.7860846519470215, -213.96005249023438, -1.2486917972564697, 127.35248565673828
-2.2943921089172363, 3.517374038696289, 3.8068501949310303, -214.82020568847656, -1.2589356899261475, 126.59190368652344
-2.291888952255249, 3.52923583984375, 3.8254895210266113, -215.68020629882812, -1.2632979154586792, 125.83454895019531
-2.296102523803711, 3.5415449142456055, 3.8485610485076904, -216.54588317871094, -1.2670536041259766, 125.07735443115234
-2.2967607975006104, 3.5565011501312256, 3.8730430603027344, -217.4106903076172, -1.272058129310608, 124.3146743774414
-2.300114631652832, 3.577078342437744, 3.897174119949341, -218.27069091796875, -1.2759478092193604, 123.55571746826172
-2.305530071258545, 3.5938639640808105, 3.9155914783477783, -219.12875366210938, -1.27335786819458, 122.7994155883789
-2.3129849433898926, 3.613295793533325, 3.9334473609924316, -219.97959899902344, -1.2668609619140625, 122.03539276123047
-2.3179633617401123, 3.6278302669525146, 3.9540393352508545, -220.81698608398438, -1.2639946937561035, 121.27094268798828
-2.3269236087799072, 3.643202781677246, 3.9748454093933105, -221.64752197265625, -1.2593036890029907, 120.49978637695312
-2.3366942405700684, 3.6604533195495605, 3.994255542755127, -222.4762420654297, -1.2579621076583862, 119.72614288330078
-2.345165729522705, 3.6760571002960205, 4.011810779571533, -223.30039978027344, -1.2519001960754395, 118.9438705444336
-2.352468252182007, 3.687729597091675, 4.027410507202148, -224.11656188964844, -1.2471109628677368, 118.16340637207031
-2.3529562950134277, 3.699248790740967, 4.0428900718688965, -224.92770385742188, -1.2421109676361084, 117.38562774658203
-2.3530280590057373, 3.7097513675689697, 4.059308052062988, -225.73912048339844, -1.2382911443710327, 116.60737609863281
-2.3567347526550293, 3.7214012145996094, 4.07218074798584, -226.55091857910156, -1.2399680614471436, 115.8307113647461
-2.3612544536590576, 3.733893871307373, 4.087116718292236, -227.35421752929688, -1.2332158088684082, 115.06016540527344
-2.364373207092285, 3.7425148487091064, 4.1046295166015625, -228.15283203125, -1.224637746810913, 114.29483795166016
-2.3707358837127686, 3.745915412902832, 4.123814105987549, -228.95030212402344, -1.227151870727539, 113.51744842529297
-2.3784632682800293, 3.746410846710205, 4.142801761627197, -229.74069213867188, -1.2246546745300293, 112.7322006225586
-2.3851428031921387, 3.746696949005127, 4.160229206085205, -230.5247344970703, -1.2211676836013794, 111.93972778320312
-2.390091896057129, 3.7448501586914062, 4.179140567779541, -231.3060302734375, -1.2206718921661377, 111.1392593383789
-2.3952345848083496, 3.7434442043304443, 4.198570728302002, -232.08773803710938, -1.2175852060317993, 110.33065032958984
-2.402285575866699, 3.740572690963745, 4.216768264770508, -232.86587524414062, -1.2171112298965454, 109.51714324951172
-2.4095406532287598, 3.738713026046753, 4.233625888824463, -233.63894653320312, -1.2165913581848145, 108.69507598876953
-2.4156315326690674, 3.7388529777526855, 4.249606609344482, -234.40724182128906, -1.2129676342010498, 107.86493682861328
-2.4262192249298096, 3.7385904788970947, 4.266135215759277, -235.1654510498047, -1.211246132850647, 107.02784729003906
-2.4325859546661377, 3.7388272285461426, 4.285160541534424, -235.91864013671875, -1.207643747329712, 106.18296813964844
-2.440917730331421, 3.7374656200408936, 4.302138328552246, -236.668212890625, -1.200452208518982, 105.33365631103516
-2.4509427547454834, 3.7384068965911865, 4.315308570861816, -237.41368103027344, -1.1897351741790771, 104.48096466064453
-2.462019920349121, 3.7391788959503174, 4.328678131103516, -238.1525115966797, -1.179167628288269, 103.62352752685547
-2.471822500228882, 3.740293025970459, 4.342370510101318, -238.88026428222656, -1.1666693687438965, 102.75778198242188
-2.4867405891418457, 3.7416462898254395, 4.3546462059021, -239.59756469726562, -1.155375361442566, 101.88468933105469
-2.4970321655273438, 3.745515823364258, 4.371400833129883, -240.3028564453125, -1.1449075937271118, 101.0010986328125
-2.510183572769165, 3.746887445449829, 4.386312961578369, -240.9993896484375, -1.1357523202896118, 100.11479187011719
-2.527707099914551, 3.7484774589538574, 4.398210048675537, -241.68077087402344, -1.1251683235168457, 99.21300506591797
-2.5441741943359375, 3.7531802654266357, 4.412868976593018, -242.34332275390625, -1.1134177446365356, 98.3001480102539
-2.5645151138305664, 3.758744716644287, 4.428114891052246, -242.99606323242188, -1.1009769439697266, 97.37505340576172
-2.584768533706665, 3.766597032546997, 4.443872928619385, -243.63035583496094, -1.0917518138885498, 96.43450927734375
-2.603271007537842, 3.775317430496216, 4.461114406585693, -244.24954223632812, -1.0838950872421265, 95.48163604736328
-2.6178672313690186, 3.783514976501465, 4.479004383087158, -244.85321044921875, -1.0769859552383423, 94.51592254638672
-2.632234573364258, 3.791468858718872, 4.494139194488525, -245.4379425048828, -1.0722616910934448, 93.54247283935547
-2.6452906131744385, 3.7969160079956055, 4.513697624206543, -246.01129150390625, -1.0674622058868408, 92.56412506103516
-2.6563165187835693, 3.802060842514038, 4.531886577606201, -246.57171630859375, -1.0626696348190308, 91.5810317993164
-2.6667263507843018, 3.810525417327881, 4.5477399826049805, -247.12069702148438, -1.0527032613754272, 90.59562683105469
-2.678612470626831, 3.8186020851135254, 4.567330837249756, -247.6605682373047, -1.0420386791229248, 89.60784149169922
-2.6876304149627686, 3.8264172077178955, 4.590073108673096, -248.19012451171875, -1.0340427160263062, 88.61222076416016
-2.6979527473449707, 3.8371031284332275, 4.615908622741699, -248.7159881591797, -1.0238527059555054, 87.61131286621094
-2.7103896141052246, 3.847959041595459, 4.637260437011719, -249.22584533691406, -1.0193878412246704, 86.60832977294922
-2.722562551498413, 3.857048511505127, 4.656674861907959, -249.72476196289062, -1.0148794651031494, 85.60044860839844
-2.7315521240234375, 3.868142604827881, 4.672605991363525, -250.21417236328125, -1.008998990058899, 84.58995056152344
-2.7414917945861816, 3.8778786659240723, 4.692634105682373, -250.69235229492188, -1.0021415948867798, 83.57677459716797
-2.746701240539551, 3.8889827728271484, 4.7084197998046875, -251.15988159179688, -0.9899083375930786, 82.5591812133789
-2.7537968158721924, 3.899805784225464, 4.724958896636963, -251.6145782470703, -0.9796575903892517, 81.53558349609375
-2.763772487640381, 3.9104771614074707, 4.745116233825684, -252.0609130859375, -0.9705585241317749, 80.50863647460938
-2.7727880477905273, 3.916156768798828, 4.766931056976318, -252.49525451660156, -0.9683070182800293, 79.48253631591797
-2.782505989074707, 3.9252145290374756, 4.788964748382568, -252.91946411132812, -0.9632773399353027, 78.45221710205078
-2.7890608310699463, 3.9383809566497803, 4.812353134155273, -253.3380584716797, -0.9631524682044983, 77.41493225097656
-2.7982826232910156, 3.9513018131256104, 4.831991672515869, -253.74209594726562, -0.9613701701164246, 76.38076782226562
-2.8115763664245605, 3.9711055755615234, 4.849132537841797, -254.13348388671875, -0.9625068306922913, 75.34555053710938
-2.823822259902954, 3.989773988723755, 4.867093086242676, -254.5099639892578, -0.9721612930297852, 74.30712890625
-2.838176965713501, 4.0103960037231445, 4.885317802429199, -254.8708038330078, -0.9826893210411072, 73.25950622558594
-2.853534460067749, 4.029112815856934, 4.904120922088623, -255.21595764160156, -0.9928646683692932, 72.19755554199219
-2.8630988597869873, 4.045248031616211, 4.925031661987305, -255.54710388183594, -1.0025107860565186, 71.1223373413086
-2.8679003715515137, 4.067647457122803, 4.943803787231445, -255.86788940429688, -1.0127480030059814, 70.04405975341797
-2.8767194747924805, 4.0808491706848145, 4.960055828094482, -256.1819763183594, -1.0182878971099854, 68.96781921386719
-2.883608818054199, 4.093130588531494, 4.977875709533691, -256.4901428222656, -1.0323383808135986, 67.88587951660156
-2.8929290771484375, 4.104528427124023, 4.993840217590332, -256.7835693359375, -1.0461013317108154, 66.78892517089844
-2.9028420448303223, 4.116856098175049, 5.013630390167236, -257.0693664550781, -1.0606402158737183, 65.68651580810547
-2.9137356281280518, 4.1324615478515625, 5.037453651428223, -257.34136962890625, -1.0724929571151733, 64.57500457763672
-2.9231557846069336, 4.156947135925293, 5.059778213500977, -257.6079406738281, -1.0830129384994507, 63.45863723754883
-2.934983253479004, 4.179795265197754, 5.083410739898682, -257.8627014160156, -1.0962705612182617, 62.338138580322266
-2.9432284832000732, 4.200218200683594, 5.107475280761719, -258.1119079589844, -1.1081435680389404, 61.20804977416992
-2.948967933654785, 4.218480110168457, 5.128068447113037, -258.35211181640625, -1.115911841392517, 60.07664108276367
-2.9572606086730957, 4.240517616271973, 5.147815227508545, -258.5843505859375, -1.1231317520141602, 58.939544677734375
-2.9643616676330566, 4.25899600982666, 5.165557861328125, -258.8064880371094, -1.130210518836975, 57.79827117919922
-2.9705443382263184, 4.2727952003479, 5.184886455535889, -259.0212707519531, -1.131203532218933, 56.65639114379883
-2.974348306655884, 4.289652347564697, 5.206520080566406, -259.2292785644531, -1.124729037284851, 55.51201248168945
-2.9781789779663086, 4.308927059173584, 5.227237701416016, -259.42718505859375, -1.1183651685714722, 54.36215591430664
-2.982170820236206, 4.328428268432617, 5.245181083679199, -259.616455078125, -1.113568902015686, 53.21216583251953
-2.9906680583953857, 4.345288276672363, 5.262720108032227, -259.7968444824219, -1.1081432104110718, 52.06651306152344
-3.0000967979431152, 4.359426498413086, 5.278351783752441, -259.9656066894531, -1.1065914630889893, 50.92151641845703
-3.0100865364074707, 4.373490333557129, 5.295649528503418, -260.12408447265625, -1.1069904565811157, 49.773983001708984
-3.024235248565674, 4.387673377990723, 5.311478137969971, -260.2733459472656, -1.1069462299346924, 48.63478088378906
-3.0384953022003174, 4.396017074584961, 5.328690052032471, -260.4069519042969, -1.1068750619888306, 47.49943542480469
-3.047457695007324, 4.401253700256348, 5.350738048553467, -260.5246887207031, -1.1037623882293701, 46.36543273925781
-3.0524652004241943, 4.4006547927856445, 5.372421741485596, -260.6381530761719, -1.1004080772399902, 45.23297882080078
-3.056161642074585, 4.398287296295166, 5.393897533416748, -260.7471008300781, -1.096333622932434, 44.10284423828125
-3.057936429977417, 4.404940605163574, 5.414782524108887, -260.847412109375, -1.0976669788360596, 42.96721649169922
-3.0651044845581055, 4.41606330871582, 5.436138153076172, -260.9372863769531, -1.100995659828186, 41.83076095581055
-3.0743954181671143, 4.429361820220947, 5.456175327301025, -261.0213928222656, -1.1041309833526611, 40.693607330322266
-3.08450984954834, 4.44237756729126, 5.474101543426514, -261.10443115234375, -1.0998351573944092, 39.55356979370117
-3.0930330753326416, 4.458098411560059, 5.496295928955078, -261.1849060058594, -1.098996639251709, 38.41026306152344
-3.100680351257324, 4.470271110534668, 5.521130084991455, -261.25799560546875, -1.1005014181137085, 37.26905059814453
-3.1092793941497803, 4.485246658325195, 5.546018123626709, -261.3291015625, -1.0963773727416992, 36.12248229980469
-3.117377758026123, 4.504549026489258, 5.567864894866943, -261.3870544433594, -1.0929429531097412, 34.97877502441406
-3.126645088195801, 4.518426418304443, 5.589146137237549, -261.4349060058594, -1.0932179689407349, 33.839412689208984
-3.1377599239349365, 4.536495208740234, 5.605593681335449, -261.466064453125, -1.0942511558532715, 32.70397186279297
3.1368110179901123, 4.554508686065674, 5.621746063232422, -261.48175048828125, -1.0966498851776123, 31.572128295898438
3.1301214694976807, 4.571562767028809, 5.632235050201416, -261.4864501953125, -1.1019024848937988, 30.446168899536133
3.123304605484009, 4.589667320251465, 5.643534183502197, -261.48443603515625, -1.1059061288833618, 29.318248748779297
3.119751214981079, 4.609678745269775, 5.657841682434082, -261.47705078125, -1.108847975730896, 28.184329986572266
3.115762948989868, 4.629273414611816, 5.669556617736816, -261.4622497558594, -1.119645595550537, 27.05238914489746
3.104539632797241, 4.649843215942383, 5.682701587677002, -261.4379577636719, -1.133680820465088, 25.912858963012695
3.0941812992095947, 4.667285442352295, 5.690262794494629, -261.3984069824219, -1.1471651792526245, 24.78421401977539
3.082066774368286, 4.6867828369140625, 5.695677280426025, -261.3461608886719, -1.15390145778656, 23.651737213134766
3.069133996963501, 4.70851469039917, 5.707959175109863, -261.2837219238281, -1.1615711450576782, 22.524457931518555
3.0544326305389404, 4.730834007263184, 5.722497940063477, -261.2130432128906, -1.1737854480743408, 21.397432327270508
3.036381959915161, 4.756844997406006, 5.737928867340088, -261.1297912597656, -1.181968331336975, 20.26715087890625
3.0211565494537354, 4.7790985107421875, 5.755825042724609, -261.01898193359375, -1.1894029378890991, 19.131807327270508
3.0092127323150635, 4.798752784729004, 5.773776054382324, -260.88922119140625, -1.1960822343826294, 18.00383949279785
2.997821092605591, 4.816502094268799, 5.789381504058838, -260.74615478515625, -1.2088571786880493, 16.88231658935547
2.9857828617095947, 4.836395263671875, 5.809047222137451, -260.5950012207031, -1.2170538902282715, 15.756403923034668
2.9744699001312256, 4.8602986335754395, 5.822889804840088, -260.432861328125, -1.225055456161499, 14.633685111999512
2.9675509929656982, 4.887034893035889, 5.8357253074646, -260.2655029296875, -1.2313203811645508, 13.516565322875977
2.9623711109161377, 4.911258697509766, 5.850033760070801, -260.09027099609375, -1.244019865989685, 12.397113800048828
2.9543793201446533, 4.93425178527832, 5.866123676300049, -259.9012145996094, -1.2550965547561646, 11.275391578674316
2.949767827987671, 4.953779220581055, 5.880527496337891, -259.7008056640625, -1.2627500295639038, 10.163508415222168
2.9462778568267822, 4.970966339111328, 5.892372131347656, -259.5024108886719, -1.2653597593307495, 9.054046630859375
2.9445159435272217, 4.983942031860352, 5.907273769378662, -259.300048828125, -1.2729809284210205, 7.9426679611206055
2.9424564838409424, 4.996719837188721, 5.922670841217041, -259.0950012207031, -1.27712881565094, 6.83756685256958
2.9402544498443604, 5.011059761047363, 5.935468673706055, -258.8829345703125, -1.272394061088562, 5.727621555328369
2.932868242263794, 5.026792526245117, 5.949619293212891, -258.67095947265625, -1.2700812816619873, 4.6185173988342285
2.9270641803741455, 5.045044898986816, 5.965862274169922, -258.4461364746094, -1.2784663438796997, 3.5096893310546875
2.9212563037872314, 5.065489768981934, 5.984663486480713, -258.2148132324219, -1.2866714000701904, 2.396188735961914
2.9149210453033447, 5.08681058883667, 6.001681804656982, -257.9734191894531, -1.2918790578842163, 1.289044976234436
2.9121792316436768, 5.107503890991211, 6.015467643737793, -257.73272705078125, -1.2989490032196045, 0.1870098114013672
2.909291982650757, 5.123516082763672, 6.030769348144531, -257.48883056640625, -1.3018901348114014, -0.915958046913147
2.9012362957000732, 5.138463973999023, 6.048259258270264, -257.2408752441406, -1.3037325143814087, -2.022563934326172
2.8920319080352783, 5.155792236328125, 6.066216468811035, -256.9789733886719, -1.307150959968567, -3.1315932273864746
2.8779022693634033, 5.174689292907715, 6.080175876617432, -256.7022399902344, -1.3018006086349487, -4.244297027587891
2.870363473892212, 5.191749095916748, 6.088889122009277, -256.4071350097656, -1.2936928272247314, -5.351963520050049
2.865379571914673, 5.210665702819824, 6.101521015167236, -256.1127014160156, -1.2887250185012817, -6.463829517364502
2.8617241382598877, 5.230616569519043, 6.116754055023193, -255.81256103515625, -1.291068434715271, -7.575588226318359
2.8581230640411377, 5.250586032867432, 6.13220739364624, -255.5075225830078, -1.2941017150878906, -8.690262794494629
2.8548386096954346, 5.273608684539795, 6.148574352264404, -255.1984405517578, -1.3033138513565063, -9.801183700561523
2.8541128635406494, 5.2977614402771, 6.163676738739014, -254.88284301757812, -1.3172918558120728, -10.910161972045898
2.8553683757781982, 5.319749355316162, 6.178475856781006, -254.55795288085938, -1.328339695930481, -12.018084526062012
2.8572590351104736, 5.341764450073242, 6.191905498504639, -254.23379516601562, -1.3368803262710571, -13.120868682861328
2.8545925617218018, 5.3589911460876465, 6.206770420074463, -253.9130096435547, -1.3482338190078735, -14.22673225402832
2.8527719974517822, 5.376129150390625, 6.226039886474609, -253.58932495117188, -1.3544553518295288, -15.332801818847656
2.848313570022583, 5.391482353210449, 6.247220039367676, -253.2633819580078, -1.3665388822555542, -16.436023712158203
2.8440916538238525, 5.400172710418701, 6.27101993560791, -252.93649291992188, -1.3795299530029297, -17.541181564331055
2.837238073348999, 5.403000354766846, 6.290421962738037, -252.6039581298828, -1.3959946632385254, -18.641504287719727
2.830777883529663, 5.404256343841553, 6.310340881347656, -252.2675323486328, -1.4110875129699707, -19.741697311401367
2.8254740238189697, 5.407970905303955, 6.3285136222839355, -251.9270782470703, -1.4234482049942017, -20.840112686157227
2.8205978870391846, 5.410253047943115, 6.3440775871276855, -251.5866241455078, -1.4338057041168213, -21.931974411010742
2.8152997493743896, 5.412797451019287, 6.358058452606201, -251.23916625976562, -1.4484783411026, -23.024890899658203
2.814242124557495, 5.419951438903809, 6.37766695022583, -250.88400268554688, -1.459304690361023, -24.11594009399414
2.8167083263397217, 5.428364276885986, 6.389566421508789, -250.52818298339844, -1.462788701057434, -25.19685173034668
2.8218820095062256, 5.434018135070801, 6.401611804962158, -250.1814422607422, -1.4612137079238892, -26.282716751098633
2.8237287998199463, 5.4379472732543945, 6.416226387023926, -249.83966064453125, -1.4593822956085205, -27.368816375732422
2.826133966445923, 5.443846702575684, 6.428234577178955, -249.4964599609375, -1.450168251991272, -28.453306198120117
2.827491521835327, 5.453670501708984, 6.443840503692627, -249.152099609375, -1.4450639486312866, -29.540815353393555
2.8278191089630127, 5.465311050415039, 6.460601806640625, -248.8104248046875, -1.4371414184570312, -30.632112503051758
2.8273632526397705, 5.475924491882324, 6.478879928588867, -248.47012329101562, -1.4307682514190674, -31.715625762939453
2.825843095779419, 5.485312461853027, 6.497180938720703, -248.13485717773438, -1.4272578954696655, -32.80002975463867
2.8244993686676025, 5.492774486541748, 6.513538837432861, -247.8044891357422, -1.4266217947006226, -33.8780517578125
2.82500958442688, 5.502031326293945, 6.531062602996826, -247.46900939941406, -1.4337809085845947, -34.96221160888672
2.8253700733184814, 5.516351222991943, 6.55164909362793, -247.12835693359375, -1.4416139125823975, -36.04713821411133
2.8255298137664795, 5.534028053283691, 6.5680999755859375, -246.78150939941406, -1.4452043771743774, -37.13539123535156
2.8246986865997314, 5.550748825073242, 6.588250637054443, -246.4298553466797, -1.4516109228134155, -38.227577209472656
2.8296902179718018, 5.566807746887207, 6.612264633178711, -246.07945251464844, -1.4571905136108398, -39.32197952270508
2.83626389503479, 5.5876030921936035, 6.63883638381958, -245.73118591308594, -1.4670735597610474, -40.42399978637695
2.843193292617798, 5.605509281158447, 6.66179084777832, -245.38670349121094, -1.477419376373291, -41.531494140625
2.8495771884918213, 5.621352672576904, 6.68731164932251, -245.0498046875, -1.4841060638427734, -42.64198303222656
2.852459192276001, 5.637794494628906, 6.707079887390137, -244.71926879882812, -1.483143925666809, -43.752864837646484
2.8573410511016846, 5.655691146850586, 6.727123260498047, -244.3955078125, -1.4789997339248657, -44.86993408203125
2.8553688526153564, 5.6680169105529785, 6.750034809112549, -244.07131958007812, -1.4696197509765625, -45.990966796875
2.8508780002593994, 5.676498889923096, 6.772253036499023, -243.7403106689453, -1.46139395236969, -47.10866165161133
2.848069429397583, 5.684187412261963, 6.793957710266113, -243.4000244140625, -1.4573780298233032, -48.2227668762207
2.8464596271514893, 5.692639350891113, 6.8133039474487305, -243.0539093017578, -1.4555027484893799, -49.329200744628906
2.8416359424591064, 5.709397315979004, 6.829283714294434, -242.70306396484375, -1.4521946907043457, -50.432193756103516
2.835913896560669, 5.7231669425964355, 6.842817306518555, -242.3462677001953, -1.4481725692749023, -51.53711700439453
2.831415891647339, 5.734323978424072, 6.855422496795654, -241.97933959960938, -1.448309063911438, -52.639869689941406
2.8250210285186768, 5.741076469421387, 6.871024131774902, -241.60572814941406, -1.4522018432617188, -53.75069046020508
2.8178999423980713, 5.745537281036377, 6.887207508087158, -241.2272491455078, -1.454377293586731, -54.85115051269531
2.811819314956665, 5.752532482147217, 6.897794723510742, -240.8453369140625, -1.4595667123794556, -55.94379806518555
2.8022682666778564, 5.754465103149414, 6.906642913818359, -240.4615936279297, -1.4623488187789917, -57.02959060668945
2.788592576980591, 5.760201930999756, 6.922008514404297, -240.06918334960938, -1.4693628549575806, -58.11909103393555
2.775447130203247, 5.769432067871094, 6.933695316314697, -239.6678466796875, -1.483197569847107, -59.19228744506836
2.7679283618927, 5.782048225402832, 6.951412677764893, -239.25942993164062, -1.4894767999649048, -60.265445709228516
2.7647650241851807, 5.792420864105225, 6.971536636352539, -238.8414764404297, -1.4856582880020142, -61.341346740722656
2.767347574234009, 5.7999420166015625, 6.993497371673584, -238.42112731933594, -1.4819711446762085, -62.40473937988281
2.774458646774292, 5.809342861175537, 7.012970924377441, -238.0018310546875, -1.480682611465454, -63.46942138671875
2.7845489978790283, 5.814963340759277, 7.02864408493042, -237.5896759033203, -1.4815254211425781, -64.53997802734375
2.794278383255005, 5.8215250968933105, 7.042407989501953, -237.19207763671875, -1.4926916360855103, -65.61408233642578
2.8017871379852295, 5.8286285400390625, 7.053147315979004, -236.80242919921875, -1.505615472793579, -66.68904876708984
2.803148031234741, 5.83503532409668, 7.064742565155029, -236.41529846191406, -1.5078063011169434, -67.7726821899414
2.803581476211548, 5.8456807136535645, 7.0721330642700195, -236.02639770507812, -1.515023946762085, -68.86316680908203
2.800755739212036, 5.856704235076904, 7.086655616760254, -235.64231872558594, -1.5230929851531982, -69.96263885498047
2.7967865467071533, 5.870587348937988, 7.1015238761901855, -235.265869140625, -1.5286638736724854, -71.0566635131836
2.798757791519165, 5.886427402496338, 7.111970901489258, -234.88626098632812, -1.5260905027389526, -72.15485382080078
2.8055498600006104, 5.898398399353027, 7.1268181800842285, -234.5094451904297, -1.5249260663986206, -73.24057006835938
2.8055431842803955, 5.906364917755127, 7.134744644165039, -234.13558959960938, -1.522225022315979, -74.33490753173828
2.8073980808258057, 5.914919376373291, 7.141838073730469, -233.7659454345703, -1.5223095417022705, -75.43342590332031
2.8100883960723877, 5.9238457679748535, 7.151000022888184, -233.39907836914062, -1.5179389715194702, -76.53714752197266
2.8097012042999268, 5.928117275238037, 7.164866924285889, -233.0332489013672, -1.5171011686325073, -77.6309814453125
2.8018510341644287, 5.936255931854248, 7.1803879737854, -232.66128540039062, -1.515584111213684, -78.73104858398438
2.792808771133423, 5.939223766326904, 7.19275426864624, -232.28160095214844, -1.5005685091018677, -79.82182312011719
2.780221700668335, 5.941076755523682, 7.208306312561035, -231.90040588378906, -1.4853845834732056, -80.90599060058594
2.77325701713562, 5.942592144012451, 7.2186150550842285, -231.50473022460938, -1.479665994644165, -81.97598266601562
2.7729108333587646, 5.945357322692871, 7.230672836303711, -231.09735107421875, -1.4808053970336914, -83.0392837524414
2.7662298679351807, 5.956488609313965, 7.243431091308594, -230.69886779785156, -1.479530930519104, -84.10904693603516
2.7608025074005127, 5.966004371643066, 7.255317687988281, -230.2909698486328, -1.4772429466247559, -85.17973327636719
2.7547857761383057, 5.979711055755615, 7.264913082122803, -229.87710571289062, -1.4728330373764038, -86.25422668457031
2.75500226020813, 5.995426654815674, 7.278249263763428, -229.45401000976562, -1.4674372673034668, -87.32502746582031
2.750872850418091, 6.010283470153809, 7.290034294128418, -229.035400390625, -1.4535701274871826, -88.39958953857422
2.751413106918335, 6.019286155700684, 7.303479194641113, -228.61434936523438, -1.4466787576675415, -89.47598266601562
2.750378370285034, 6.0266900062561035, 7.3156819343566895, -228.18980407714844, -1.43595290184021, -90.54869842529297
2.746605634689331, 6.031341552734375, 7.331649303436279, -227.76834106445312, -1.4213382005691528, -91.62540435791016
2.740818738937378, 6.04115104675293, 7.349136829376221, -227.34136962890625, -1.409613013267517, -92.69334411621094
2.7383501529693604, 6.052821159362793, 7.372662544250488, -226.9069061279297, -1.3888217210769653, -93.76324462890625
2.7383148670196533, 6.067383289337158, 7.394427299499512, -226.46437072753906, -1.3731093406677246, -94.82836151123047
2.7391207218170166, 6.08319616317749, 7.41471529006958, -226.019775390625, -1.3618886470794678, -95.8948974609375
2.737194299697876, 6.098130702972412, 7.4365949630737305, -225.57308959960938, -1.355726957321167, -96.95561218261719
2.7322142124176025, 6.111116409301758, 7.459451675415039, -225.1273956298828, -1.35158109664917, -98.00823974609375
2.7256081104278564, 6.123077392578125, 7.484736442565918, -224.67970275878906, -1.3501062393188477, -99.05935668945312
2.717918634414673, 6.134207248687744, 7.5094780921936035, -224.2303924560547, -1.3491382598876953, -100.10823059082031
2.712904691696167, 6.141052722930908, 7.533759117126465, -223.7808837890625, -1.3437796831130981, -101.15451049804688
2.708277940750122, 6.148636817932129, 7.556088447570801, -223.3241424560547, -1.335705280303955, -102.20147705078125
2.7070419788360596, 6.161592960357666, 7.577639579772949, -222.8621826171875, -1.3278567790985107, -103.24409484863281
2.7027456760406494, 6.173365116119385, 7.595717906951904, -222.3899383544922, -1.3203480243682861, -104.27750396728516
2.6959145069122314, 6.184957027435303, 7.616204738616943, -221.91090393066406, -1.312603235244751, -105.3078842163086
2.687208414077759, 6.19054651260376, 7.638305187225342, -221.42807006835938, -1.297888994216919, -106.333251953125
2.678391695022583, 6.190156936645508, 7.662193775177002, -220.93939208984375, -1.287346363067627, -107.34941101074219
2.6688435077667236, 6.189181804656982, 7.683206081390381, -220.44027709960938, -1.2783284187316895, -108.36381530761719
2.6629626750946045, 6.188971996307373, 7.7012128829956055, -219.9347686767578, -1.2747524976730347, -109.37479400634766
2.6580140590667725, 6.1944260597229, 7.720280170440674, -219.4235076904297, -1.274418830871582, -110.38408660888672
2.6549623012542725, 6.202723979949951, 7.740939140319824, -218.90338134765625, -1.2768163681030273, -111.39425659179688
2.650280237197876, 6.213932991027832, 7.764405250549316, -218.37881469726562, -1.2793357372283936, -112.3978271484375
2.645517110824585, 6.222544193267822, 7.7846879959106445, -217.85403442382812, -1.2814136743545532, -113.40327453613281
2.639045000076294, 6.230407238006592, 7.805327892303467, -217.3264617919922, -1.2754875421524048, -114.40727233886719
2.635164976119995, 6.24531364440918, 7.82650089263916, -216.7940673828125, -1.2645187377929688, -115.41596221923828
2.628031015396118, 6.261889457702637, 7.8494343757629395, -216.25875854492188, -1.257709264755249, -116.423095703125
2.620249032974243, 6.275084018707275, 7.872025966644287, -215.72055053710938, -1.2526832818984985, -117.42138671875
2.61369252204895, 6.2889862060546875, 7.890315532684326, -215.1796417236328, -1.2438360452651978, -118.41410827636719
2.608049154281616, 6.30711555480957, 7.904628276824951, -214.62966918945312, -1.237640619277954, -119.39690399169922
2.601064920425415, 6.323095798492432, 7.919901371002197, -214.06597900390625, -1.2316334247589111, -120.37284088134766
2.5910966396331787, 6.335780620574951, 7.932129383087158, -213.49456787109375, -1.22223699092865, -121.34198760986328
2.585660219192505, 6.3546953201293945, 7.943871974945068, -212.91358947753906, -1.2108373641967773, -122.3108139038086
2.579362154006958, 6.366909980773926, 7.958888530731201, -212.32626342773438, -1.186769723892212, -123.28018188476562
2.568547487258911, 6.372984886169434, 7.973067283630371, -211.7315216064453, -1.1610875129699707, -124.24444580078125
2.5610053539276123, 6.3738603591918945, 7.98435115814209, -211.13026428222656, -1.1439532041549683, -125.20167541503906
2.5520222187042236, 6.37757682800293, 7.998007297515869, -210.51556396484375, -1.1316120624542236, -126.14966583251953
2.5394604206085205, 6.380223751068115, 8.014516830444336, -209.89163208007812, -1.1171401739120483, -127.09120178222656
2.52765154838562, 6.384302616119385, 8.027799606323242, -209.2554473876953, -1.094518780708313, -128.0276641845703
2.5211851596832275, 6.389969348907471, 8.042878150939941, -208.60398864746094, -1.0684430599212646, -128.955810546875
2.5177552700042725, 6.39444637298584, 8.06080436706543, -207.94271850585938, -1.039510726928711, -129.87744140625
2.5111544132232666, 6.400883674621582, 8.073863983154297, -207.27333068847656, -1.0172975063323975, -130.80613708496094
2.5077078342437744, 6.401697158813477, 8.07965087890625, -206.6041259765625, -0.9974657297134399, -131.716552734375
2.500328302383423, 6.404679298400879, 8.090866088867188, -205.93582153320312, -0.9823427200317383, -132.6265869140625
2.493795156478882, 6.403806209564209, 8.102511405944824, -205.26528930664062, -0.9759312272071838, -133.5337371826172
2.4880073070526123, 6.404331207275391, 8.11197566986084, -204.58941650390625, -0.9670282006263733, -134.4398193359375
2.481154680252075, 6.407188892364502, 8.124755859375, -203.91098022460938, -0.9550228118896484, -135.34255981445312
2.4736568927764893, 6.41326904296875, 8.142110824584961, -203.22084045410156, -0.9363453984260559, -136.24305725097656
2.470587968826294, 6.42088508605957, 8.160855293273926, -202.52133178710938, -0.9189304113388062, -137.14181518554688
2.4642536640167236, 6.428358554840088, 8.18515682220459, -201.8214111328125, -0.8974759578704834, -138.04347229003906
2.4572813510894775, 6.43203592300415, 8.208161354064941, -201.1188507080078, -0.8752795457839966, -138.9462432861328
2.4496376514434814, 6.432668685913086, 8.234662055969238, -200.41265869140625, -0.8560973405838013, -139.85243225097656
2.441706895828247, 6.430220603942871, 8.255553245544434, -199.70361328125, -0.8429465889930725, -140.75341796875
2.435793161392212, 6.432945251464844, 8.276975631713867, -198.98800659179688, -0.8317864537239075, -141.6540985107422
2.4335715770721436, 6.4380998611450195, 8.294992446899414, -198.2642822265625, -0.8241629004478455, -142.54888916015625
2.435255289077759, 6.439154624938965, 8.311407089233398, -197.5370330810547, -0.8285598158836365, -143.42869567871094
2.435316324234009, 6.445498466491699, 8.32727336883545, -196.81056213378906, -0.8296946287155151, -144.3075714111328
2.4373295307159424, 6.453364849090576, 8.34778881072998, -196.08702087402344, -0.8284713625907898, -145.17990112304688
2.442087411880493, 6.465436935424805, 8.368319511413574, -195.36080932617188, -0.8293640613555908, -146.0616912841797
2.4449102878570557, 6.477880001068115, 8.38540267944336, -194.63662719726562, -0.8383359909057617, -146.94277954101562
2.4492828845977783, 6.4894700050354, 8.402499198913574, -193.90814208984375, -0.8503701090812683, -147.83013916015625
2.452428102493286, 6.502370834350586, 8.417553901672363, -193.18524169921875, -0.8564832210540771, -148.72520446777344
2.4607388973236084, 6.5114054679870605, 8.4368257522583, -192.46051025390625, -0.8624372482299805, -149.62277221679688
2.4706099033355713, 6.524208068847656, 8.46297550201416, -191.7345733642578, -0.8664764165878296, -150.52084350585938
2.4763338565826416, 6.533002853393555, 8.48320198059082, -191.02394104003906, -0.8647434115409851, -151.4251708984375
2.476428270339966, 6.5363945960998535, 8.505178451538086, -190.31158447265625, -0.8676068186759949, -152.33139038085938
2.479691743850708, 6.537041187286377, 8.521289825439453, -189.604248046875, -0.8688045144081116, -153.22872924804688
2.4794552326202393, 6.5408430099487305, 8.532414436340332, -188.90640258789062, -0.8672018051147461, -154.1234893798828
2.480260133743286, 6.546716690063477, 8.545868873596191, -188.2049560546875, -0.8656754493713379, -155.02700805664062
2.482710599899292, 6.552466869354248, 8.563798904418945, -187.5038299560547, -0.8616872429847717, -155.93612670898438
2.4905083179473877, 6.563085556030273, 8.581930160522461, -186.80027770996094, -0.8598359823226929, -156.84860229492188
2.4995110034942627, 6.573993682861328, 8.602234840393066, -186.11317443847656, -0.8595288991928101, -157.77122497558594
2.5107853412628174, 6.585653781890869, 8.622310638427734, -185.44021606445312, -0.8525198101997375, -158.69869995117188
2.5187008380889893, 6.597771644592285, 8.642268180847168, -184.77523803710938, -0.84405517578125, -159.6356658935547
2.522170305252075, 6.608209133148193, 8.659595489501953, -184.11180114746094, -0.8356765508651733, -160.57862854003906
2.526777982711792, 6.616953372955322, 8.677451133728027, -183.4484100341797, -0.8318938612937927, -161.52517700195312
2.532357931137085, 6.622091770172119, 8.693626403808594, -182.7860107421875, -0.8297097086906433, -162.47132873535156
2.535733461380005, 6.623494625091553, 8.707725524902344, -182.12039184570312, -0.8246368169784546, -163.42137145996094
2.5353915691375732, 6.621789932250977, 8.719693183898926, -181.4598388671875, -0.8140020370483398, -164.36590576171875
2.5346519947052, 6.622962474822998, 8.73513126373291, -180.80201721191406, -0.8077651858329773, -165.31231689453125
2.5370376110076904, 6.625449180603027, 8.747983932495117, -180.1443634033203, -0.8029277324676514, -166.26734924316406
2.5346224308013916, 6.625107765197754, 8.765581130981445, -179.48434448242188, -0.7989488244056702, -167.2335662841797
2.5285937786102295, 6.630463123321533, 8.785943984985352, -178.82530212402344, -0.8015446662902832, -168.19647216796875
2.525249719619751, 6.63107442855835, 8.804855346679688, -178.15948486328125, -0.8047801852226257, -169.14682006835938
2.5233023166656494, 6.629824161529541, 8.82347583770752, -177.48753356933594, -0.8054177165031433, -170.0928192138672
2.5256192684173584, 6.6300578117370605, 8.839944839477539, -176.81399536132812, -0.8071535229682922, -171.03614807128906
2.5266144275665283, 6.637889385223389, 8.859953880310059, -176.14556884765625, -0.8034276366233826, -171.97689819335938
2.531102418899536, 6.640507221221924, 8.879338264465332, -175.48550415039062, -0.8023966550827026, -172.91038513183594
2.5332138538360596, 6.644808769226074, 8.894148826599121, -174.8428955078125, -0.7973005175590515, -173.84437561035156
2.5361664295196533, 6.652313709259033, 8.912240982055664, -174.2009735107422, -0.7851267457008362, -174.77598571777344
2.53383469581604, 6.657278537750244, 8.932079315185547, -173.5629119873047, -0.77298903465271, -175.72021484375
2.524380922317505, 6.665900707244873, 8.948785781860352, -172.91995239257812, -0.7624850273132324, -176.66290283203125
2.512955904006958, 6.670258522033691, 8.963011741638184, -172.26889038085938, -0.7519903182983398, -177.5929718017578
2.502039670944214, 6.671773433685303, 8.975354194641113, -171.6143798828125, -0.7408779263496399, -178.52191162109375
2.493678331375122, 6.676216125488281, 8.989556312561035, -170.95169067382812, -0.7306453585624695, -179.44493103027344
2.4910480976104736, 6.6790971755981445, 9.0079984664917, -170.28175354003906, -0.726131021976471, -180.36325073242188
2.4905407428741455, 6.679737567901611, 9.025117874145508, -169.61175537109375, -0.7244645357131958, -181.27743530273438
2.4896886348724365, 6.68011999130249, 9.039812088012695, -168.9477996826172, -0.7215075492858887, -182.19448852539062
2.4862987995147705, 6.685641288757324, 9.053980827331543, -168.28443908691406, -0.719600260257721, -183.1096649169922
2.4801247119903564, 6.69040584564209, 9.062597274780273, -167.61085510253906, -0.7151472568511963, -184.0176544189453
2.473963975906372, 6.69861364364624, 9.076300621032715, -166.9243621826172, -0.7155552506446838, -184.9287872314453
2.4681503772735596, 6.708374977111816, 9.092862129211426, -166.22747802734375, -0.708125650882721, -185.83834838867188
2.4651310443878174, 6.717048168182373, 9.111056327819824, -165.52735900878906, -0.6953831315040588, -186.7415008544922
2.4633052349090576, 6.730393409729004, 9.127358436584473, -164.8196258544922, -0.6824914216995239, -187.64028930664062
2.4562361240386963, 6.740362167358398, 9.145515441894531, -164.1181182861328, -0.6666933298110962, -188.54698181152344
2.449937105178833, 6.749382019042969, 9.162325859069824, -163.40577697753906, -0.6550529599189758, -189.44717407226562
2.4509756565093994, 6.762336730957031, 9.17903995513916, -162.68519592285156, -0.647485077381134, -190.34234619140625
2.4521725177764893, 6.776853084564209, 9.196612358093262, -161.957763671875, -0.6404635906219482, -191.23629760742188
2.4576504230499268, 6.787889003753662, 9.214378356933594, -161.22520446777344, -0.6326969861984253, -192.1338348388672
2.4624626636505127, 6.797375202178955, 9.233333587646484, -160.50521850585938, -0.6206663846969604, -193.0364227294922
2.462160348892212, 6.811322212219238, 9.254402160644531, -159.78976440429688, -0.6198865175247192, -193.94430541992188
2.461599588394165, 6.824371337890625, 9.277286529541016, -159.0724334716797, -0.6194568276405334, -194.8492431640625
2.4590303897857666, 6.83385705947876, 9.299683570861816, -158.3538360595703, -0.616652250289917, -195.75733947753906
2.4623472690582275, 6.8429646492004395, 9.322944641113281, -157.63453674316406, -0.6142054796218872, -196.65866088867188
2.462463617324829, 6.853174686431885, 9.344748497009277, -156.9227294921875, -0.6130629181861877, -197.56280517578125
2.4618403911590576, 6.861355304718018, 9.364480972290039, -156.21334838867188, -0.6075706481933594, -198.46702575683594
2.4631435871124268, 6.877301216125488, 9.377306938171387, -155.50164794921875, -0.6067370772361755, -199.37232971191406
2.4605400562286377, 6.894888401031494, 9.391682624816895, -154.79428100585938, -0.6009619832038879, -200.28271484375
2.4586269855499268, 6.909605026245117, 9.407083511352539, -154.08811950683594, -0.599151074886322, -201.1875457763672
2.4556891918182373, 6.921736717224121, 9.422266006469727, -153.3802032470703, -0.6079103350639343, -202.0844268798828
2.4538004398345947, 6.9340314865112305, 9.440308570861816, -152.66299438476562, -0.6194480657577515, -202.97987365722656
2.4488942623138428, 6.942508220672607, 9.460290908813477, -151.93685913085938, -0.6272484660148621, -203.8744659423828
2.443758726119995, 6.950407981872559, 9.480775833129883, -151.2014923095703, -0.6269212961196899, -204.7654266357422
2.4471466541290283, 6.958847999572754, 9.495055198669434, -150.45774841308594, -0.6215013265609741, -205.653076171875
2.452141046524048, 6.9732842445373535, 9.503824234008789, -149.71580505371094, -0.6124367117881775, -206.53941345214844
2.450296640396118, 6.9926886558532715, 9.514921188354492, -148.9712677001953, -0.607714831829071, -207.42852783203125
2.445439577102661, 7.008049488067627, 9.528962135314941, -148.2228546142578, -0.6052407026290894, -208.32089233398438
2.436809778213501, 7.02304220199585, 9.543412208557129, -147.4822998046875, -0.6014263033866882, -209.20303344726562
2.4236509799957275, 7.034481048583984, 9.557679176330566, -146.73680114746094, -0.5923066735267639, -210.0774688720703
2.411109685897827, 7.044358253479004, 9.573324203491211, -145.98329162597656, -0.577297568321228, -210.94503784179688
2.400381326675415, 7.052486896514893, 9.587671279907227, -145.2200469970703, -0.5662665963172913, -211.79920959472656
2.38936448097229, 7.057526588439941, 9.601618766784668, -144.453125, -0.5529017448425293, -212.64918518066406
2.3784945011138916, 7.065614223480225, 9.615795135498047, -143.6790008544922, -0.5390658974647522, -213.48587036132812
2.366373300552368, 7.0719380378723145, 9.62891960144043, -142.8971710205078, -0.5280635356903076, -214.31813049316406
2.355041265487671, 7.072665214538574, 9.641695022583008, -142.10121154785156, -0.521568238735199, -215.1418914794922
2.3424012660980225, 7.074322700500488, 9.658092498779297, -141.30490112304688, -0.508770227432251, -215.9626922607422
2.334444284439087, 7.06890869140625, 9.676617622375488, -140.49972534179688, -0.4950474798679352, -216.76502990722656
2.3294107913970947, 7.066242694854736, 9.695897102355957, -139.68540954589844, -0.48399150371551514, -217.5670623779297
2.323560953140259, 7.069302558898926, 9.708040237426758, -138.86944580078125, -0.4750228822231293, -218.35406494140625
2.3120148181915283, 7.075507164001465, 9.722013473510742, -138.05029296875, -0.4653480052947998, -219.13917541503906
2.3015472888946533, 7.079110622406006, 9.732253074645996, -137.21844482421875, -0.46102261543273926, -219.9130401611328
2.293606996536255, 7.084178447723389, 9.740612030029297, -136.37286376953125, -0.46601828932762146, -220.68006896972656
2.2902042865753174, 7.092288494110107, 9.752304077148438, -135.5200958251953, -0.4813653826713562, -221.4459991455078
2.2910635471343994, 7.101008892059326, 9.766178131103516, -134.66000366210938, -0.49465763568878174, -222.2080535888672
2.2971603870391846, 7.110156059265137, 9.779815673828125, -133.80702209472656, -0.5040919780731201, -222.96534729003906
2.3025705814361572, 7.125624179840088, 9.799040794372559, -132.962890625, -0.5103681087493896, -223.7300262451172
2.306541681289673, 7.143179893493652, 9.821538925170898, -132.1121063232422, -0.5093007683753967, -224.5082244873047
2.3102996349334717, 7.164698600769043, 9.84296703338623, -131.26380920410156, -0.5038639307022095, -225.28431701660156
2.3095571994781494, 7.184484481811523, 9.862227439880371, -130.41598510742188, -0.5050439834594727, -226.06082153320312
2.306168794631958, 7.204422950744629, 9.877019882202148, -129.57052612304688, -0.5018332600593567, -226.83937072753906
2.3006136417388916, 7.216971397399902, 9.88989543914795, -128.7275390625, -0.4975953996181488, -227.6173553466797
2.293423891067505, 7.231844902038574, 9.900038719177246, -127.88374328613281, -0.495764821767807, -228.38433837890625
2.2894022464752197, 7.242788314819336, 9.910544395446777, -127.0405044555664, -0.4978562891483307, -229.1432342529297
2.285419225692749, 7.249072551727295, 9.92534351348877, -126.18909454345703, -0.5050650238990784, -229.906982421875
2.2807419300079346, 7.256433486938477, 9.932345390319824, -125.34552001953125, -0.5152405500411987, -230.65805053710938
2.2693545818328857, 7.262238025665283, 9.941046714782715, -124.50215911865234, -0.5178289413452148, -231.40567016601562
2.2572405338287354, 7.269102096557617, 9.950922966003418, -123.65095520019531, -0.526198148727417, -232.1424102783203
2.2480480670928955, 7.276886940002441, 9.967520713806152, -122.78890228271484, -0.5357065200805664, -232.86358642578125
2.2385003566741943, 7.287664413452148, 9.986767768859863, -121.91563415527344, -0.5444651246070862, -233.5826873779297
2.227055788040161, 7.295683860778809, 10.01052474975586, -121.02684783935547, -0.5461481213569641, -234.29747009277344
2.2167856693267822, 7.305507659912109, 10.028573036193848, -120.12312316894531, -0.5503459572792053, -235.00006103515625
2.210171937942505, 7.317872047424316, 10.042924880981445, -119.20320892333984, -0.5508816838264465, -235.69577026367188
2.208176851272583, 7.335366249084473, 10.05764389038086, -118.27404022216797, -0.5487293004989624, -236.3842010498047
2.2057173252105713, 7.356590270996094, 10.076493263244629, -117.34481811523438, -0.5458473563194275, -237.0673828125
2.1987831592559814, 7.378140449523926, 10.09463882446289, -116.42347717285156, -0.5440335273742676, -237.7415771484375
2.1898396015167236, 7.396616458892822, 10.107572555541992, -115.50542449951172, -0.5394536852836609, -238.40814208984375
2.1825220584869385, 7.415314674377441, 10.123929977416992, -114.57897186279297, -0.5356574654579163, -239.07054138183594
2.1719577312469482, 7.424293041229248, 10.137411117553711, -113.64675903320312, -0.5364130735397339, -239.7206573486328
2.1595914363861084, 7.427985668182373, 10.151838302612305, -112.70783996582031, -0.5476664900779724, -240.3569793701172
2.1486456394195557, 7.431134223937988, 10.168305397033691, -111.75898742675781, -0.5612782835960388, -240.98739624023438
2.138000726699829, 7.434604644775391, 10.183402061462402, -110.79944610595703, -0.5704569816589355, -241.60728454589844
2.1328818798065186, 7.4418864250183105, 10.196822166442871, -109.836181640625, -0.5802666544914246, -242.2200469970703
2.131269693374634, 7.454478740692139, 10.214001655578613, -108.87328338623047, -0.5905351638793945, -242.8275146484375
2.1285178661346436, 7.464208126068115, 10.231710433959961, -107.89857482910156, -0.5981432199478149, -243.4371337890625
2.1211483478546143, 7.474536418914795, 10.251331329345703, -106.92398071289062, -0.6025267839431763, -244.04840087890625
2.110679864883423, 7.4856038093566895, 10.267630577087402, -105.94702911376953, -0.602272093296051, -244.65130615234375
2.099902391433716, 7.497437477111816, 10.28036880493164, -104.96297454833984, -0.5987825393676758, -245.23658752441406
2.092059850692749, 7.504540920257568, 10.291254997253418, -103.9693832397461, -0.5960776209831238, -245.80618286132812
2.083496332168579, 7.510158061981201, 10.303393363952637, -102.97145080566406, -0.5933712124824524, -246.36407470703125
2.073735475540161, 7.515372276306152, 10.3148775100708, -101.97038269042969, -0.5889286994934082, -246.9140625
2.0644781589508057, 7.519123077392578, 10.327476501464844, -100.96112823486328, -0.5874133110046387, -247.45486450195312
2.054025888442993, 7.523695945739746, 10.340690612792969, -99.94601440429688, -0.586600124835968, -247.9866943359375
2.043678045272827, 7.532232761383057, 10.353743553161621, -98.9256362915039, -0.5922076106071472, -248.50970458984375
2.033330202102661, 7.540506362915039, 10.364953994750977, -97.89940643310547, -0.5978527069091797, -249.02059936523438
2.0231120586395264, 7.55068826675415, 10.375828742980957, -96.87297821044922, -0.605292022228241, -249.52163696289062
2.0147945880889893, 7.559350490570068, 10.387096405029297, -95.84146881103516, -0.6128741502761841, -250.0142364501953
2.008037805557251, 7.566911697387695, 10.39790153503418, -94.80520629882812, -0.6177693605422974, -250.50025939941406
2.0002739429473877, 7.571798324584961, 10.410367965698242, -93.76895141601562, -0.6204436421394348, -250.98187255859375
1.9931919574737549, 7.5769572257995605, 10.422755241394043, -92.72896575927734, -0.6247106194496155, -251.45391845703125
1.988964319229126, 7.5818610191345215, 10.436896324157715, -91.68775939941406, -0.6272462010383606, -251.9171905517578
1.983109712600708, 7.587062835693359, 10.451650619506836, -90.64525604248047, -0.6276771426200867, -252.37657165527344
1.9766709804534912, 7.595089435577393, 10.4678316116333, -89.59477233886719, -0.6287652254104614, -252.82826232910156
1.9717233180999756, 7.600422382354736, 10.485271453857422, -88.53555297851562, -0.6350942254066467, -253.27076721191406
1.9671351909637451, 7.6055908203125, 10.504776000976562, -87.47289276123047, -0.6407976150512695, -253.7069549560547
1.9610927104949951, 7.61083984375, 10.522778511047363, -86.40740203857422, -0.6449413895606995, -254.13818359375
1.955033540725708, 7.616348743438721, 10.538930892944336, -85.3402099609375, -0.6466546654701233, -254.5635986328125
1.9488699436187744, 7.62109899520874, 10.554214477539062, -84.2714614868164, -0.6467949151992798, -254.9837646484375
1.942795991897583, 7.6264848709106445, 10.5694580078125, -83.20186614990234, -0.6455642580986023, -255.39828491210938
1.9361193180084229, 7.631732940673828, 10.584826469421387, -82.13062286376953, -0.6438579559326172, -255.80702209472656
1.9298341274261475, 7.6366777420043945, 10.600041389465332, -81.05713653564453, -0.6420240998268127, -256.20880126953125
1.923468828201294, 7.640713214874268, 10.614938735961914, -79.98125457763672, -0.6407178044319153, -256.6041564941406
1.917034387588501, 7.644273281097412, 10.629843711853027, -78.90323638916016, -0.6387450098991394, -256.9927062988281
1.9098865985870361, 7.647111892700195, 10.6441650390625, -77.82403564453125, -0.6358576416969299, -257.37457275390625
1.9019510746002197, 7.648993492126465, 10.657779693603516, -76.7425308227539, -0.6324067115783691, -257.7494201660156
1.8946774005889893, 7.650228023529053, 10.670890808105469, -75.65807342529297, -0.6291780471801758, -258.1156005859375
1.8876206874847412, 7.650959014892578, 10.685126304626465, -74.5709228515625, -0.6257180571556091, -258.47613525390625
1.8798792362213135, 7.652324676513672, 10.698226928710938, -73.48384094238281, -0.6234792470932007, -258.8287658691406
1.8698127269744873, 7.651453018188477, 10.711527824401855, -72.39303588867188, -0.6228845715522766, -259.16961669921875
1.8573987483978271, 7.647482395172119, 10.724608421325684, -71.29798889160156, -0.6250895261764526, -259.49822998046875
1.8439571857452393, 7.6426005363464355, 10.737804412841797, -70.19527435302734, -0.6327770352363586, -259.8149108886719
1.8333709239959717, 7.640395164489746, 10.749542236328125, -69.08870697021484, -0.6412420272827148, -260.1190185546875
1.82265305519104, 7.639403820037842, 10.761378288269043, -67.98220825195312, -0.6502764225006104, -260.4163513183594
1.8114440441131592, 7.6398444175720215, 10.774105072021484, -66.87037658691406, -0.6605674624443054, -260.702880859375
1.8006813526153564, 7.641281604766846, 10.786742210388184, -65.75533294677734, -0.6698337197303772, -260.97576904296875
1.7889864444732666, 7.641657829284668, 10.80087661743164, -64.634521484375, -0.6763925552368164, -261.2357177734375
1.7771952152252197, 7.6396989822387695, 10.817190170288086, -63.51045227050781, -0.6821186542510986, -261.4805908203125
1.7663342952728271, 7.638090133666992, 10.831855773925781, -62.382808685302734, -0.6829975843429565, -261.71002197265625
1.7546026706695557, 7.63667106628418, 10.845370292663574, -61.25312042236328, -0.6825037002563477, -261.9254150390625
1.7431995868682861, 7.633705139160156, 10.858378410339355, -60.12398910522461, -0.6815845966339111, -262.126953125
1.7319324016571045, 7.628520488739014, 10.871153831481934, -58.99436950683594, -0.6776065230369568, -262.31744384765625
1.7200138568878174, 7.623266220092773, 10.883783340454102, -57.863075256347656, -0.6736359596252441, -262.49493408203125
1.7113821506500244, 7.61856746673584, 10.894326210021973, -56.7296142578125, -0.6675599813461304, -262.65948486328125
1.700561761856079, 7.613815784454346, 10.907176971435547, -55.593284606933594, -0.6617063879966736, -262.8114929199219
1.6894075870513916, 7.609734058380127, 10.922297477722168, -54.45099639892578, -0.6551504135131836, -262.9534912109375
1.6786854267120361, 7.60462760925293, 10.938342094421387, -53.307376861572266, -0.6515095829963684, -263.0811767578125
1.6684777736663818, 7.602630138397217, 10.952932357788086, -52.160247802734375, -0.6476004123687744, -263.1984558105469
1.6582834720611572, 7.601271152496338, 10.967730522155762, -51.009647369384766, -0.6434701085090637, -263.3030700683594
1.650134801864624, 7.599809169769287, 10.982016563415527, -49.859527587890625, -0.6389811635017395, -263.39520263671875
1.644097089767456, 7.596654415130615, 10.994949340820312, -48.710296630859375, -0.6357194781303406, -263.47760009765625
1.6366770267486572, 7.594388008117676, 11.008307456970215, -47.5615119934082, -0.630898654460907, -263.55401611328125
1.6286356449127197, 7.591729164123535, 11.022274017333984, -46.41173553466797, -0.6245142221450806, -263.62445068359375
1.6186988353729248, 7.58962345123291, 11.036855697631836, -45.26243209838867, -0.6181211471557617, -263.6891174316406
1.6084911823272705, 7.588442802429199, 11.051802635192871, -44.11780548095703, -0.611054539680481, -263.7405700683594
1.6012399196624756, 7.585899353027344, 11.067323684692383, -42.972782135009766, -0.6029520034790039, -263.7765808105469
1.5956318378448486, 7.584392547607422, 11.083318710327148, -41.82848358154297, -0.5984339118003845, -263.802001953125
1.5874583721160889, 7.584738254547119, 11.101792335510254, -40.67782211303711, -0.5946001410484314, -263.81793212890625
1.5777628421783447, 7.587586879730225, 11.119180679321289, -39.532432556152344, -0.5861045718193054, -263.8290100097656
1.5746500492095947, 7.591923236846924, 11.136977195739746, -38.3911018371582, -0.5752590298652649, -263.83319091796875
1.5689280033111572, 7.599617004394531, 11.153664588928223, -37.2533073425293, -0.5678929090499878, -263.8380126953125
1.5640285015106201, 7.604428291320801, 11.17236328125, -36.11001205444336, -0.559296190738678, -263.84149169921875
1.5608575344085693, 7.611928939819336, 11.198575973510742, -34.9597053527832, -0.5494410991668701, -263.8485107421875
1.5526812076568604, 7.621870517730713, 11.223245620727539, -33.800777435302734, -0.5339614748954773, -263.8514404296875
1.5485351085662842, 7.632643699645996, 11.244357109069824, -32.645328521728516, -0.5208620429039001, -263.8431396484375
1.5428907871246338, 7.6388654708862305, 11.267117500305176, -31.49364471435547, -0.5064709186553955, -263.8287353515625
1.5430710315704346, 7.639317512512207, 11.287223815917969, -30.340221405029297, -0.49321720004081726, -263.8124694824219
1.5408823490142822, 7.6409711837768555, 11.302022933959961, -29.194665908813477, -0.488239049911499, -263.7902526855469
1.5428264141082764, 7.642323970794678, 11.317841529846191, -28.058040618896484, -0.48830798268318176, -263.7598571777344
1.544593095779419, 7.650100231170654, 11.335936546325684, -26.92622947692871, -0.4940548837184906, -263.7325439453125
1.5480878353118896, 7.659608840942383, 11.355857849121094, -25.794118881225586, -0.5033807754516602, -263.70318603515625
1.5513999462127686, 7.664742469787598, 11.37884521484375, -24.65519142150879, -0.5164559483528137, -263.6734313964844
1.5500495433807373, 7.670332908630371, 11.399291038513184, -23.5195369720459, -0.5205838084220886, -263.66094970703125
1.5494530200958252, 7.673248767852783, 11.416393280029297, -22.380046844482422, -0.5249502658843994, -263.633544921875
1.5478274822235107, 7.677937030792236, 11.432016372680664, -21.237924575805664, -0.5266106128692627, -263.60882568359375
1.547672986984253, 7.679145336151123, 11.444937705993652, -20.096853256225586, -0.5288386344909668, -263.584716796875
1.5513136386871338, 7.680698871612549, 11.451462745666504, -18.96829605102539, -0.541499674320221, -263.5502014160156
1.5514023303985596, 7.681528091430664, 11.45731258392334, -17.837242126464844, -0.5484535694122314, -263.5274658203125
1.5566303730010986, 7.6869306564331055, 11.471147537231445, -16.7091064453125, -0.5531407594680786, -263.5184326171875
1.5641381740570068, 7.691141128540039, 11.487846374511719, -15.573328018188477, -0.5590779781341553, -263.50872802734375
1.5715534687042236, 7.699385643005371, 11.507898330688477, -14.435005187988281, -0.5743663907051086, -263.50433349609375
1.5780980587005615, 7.710460662841797, 11.526269912719727, -13.293607711791992, -0.5865254402160645, -263.5047607421875
1.5813658237457275, 7.719752788543701, 11.539963722229004, -12.157574653625488, -0.6027366518974304, -263.51239013671875
1.5879662036895752, 7.730992794036865, 11.56383991241455, -11.025141716003418, -0.6203718185424805, -263.52862548828125
1.5878880023956299, 7.747832298278809, 11.592251777648926, -9.890214920043945, -0.6364461779594421, -263.55059814453125
1.5879123210906982, 7.758584976196289, 11.6120023727417, -8.75441837310791, -0.6493817567825317, -263.5752868652344
1.5897414684295654, 7.773799419403076, 11.635397911071777, -7.605521202087402, -0.6591530442237854, -263.6058044433594
1.59078049659729, 7.790060520172119, 11.657121658325195, -6.45576286315918, -0.6615993976593018, -263.6420593261719
1.5898406505584717, 7.806742191314697, 11.678606033325195, -5.299607276916504, -0.6699269413948059, -263.673583984375
1.5909984111785889, 7.827452182769775, 11.705374717712402, -4.145644664764404, -0.6737433075904846, -263.7067565917969
1.5965631008148193, 7.842504978179932, 11.728631973266602, -2.991364002227783, -0.6750879883766174, -263.73724365234375
1.6016285419464111, 7.851003646850586, 11.750717163085938, -1.8352645635604858, -0.6758022308349609, -263.7695617675781
1.6025612354278564, 7.863109588623047, 11.7723970413208, -0.6729768514633179, -0.6839883327484131, -263.802978515625
1.5982859134674072, 7.87414026260376, 11.792831420898438, 0.48897087574005127, -0.6838181614875793, -263.83770751953125
1.5900394916534424, 7.884535312652588, 11.816669464111328, 1.6428282260894775, -0.6869205832481384, -263.86968994140625
1.5830867290496826, 7.899434566497803, 11.843704223632812, 2.8005661964416504, -0.6882298588752747, -263.890380859375
1.5776488780975342, 7.913052082061768, 11.865447044372559, 3.964158058166504, -0.6915464401245117, -263.9080810546875
1.5706751346588135, 7.92522668838501, 11.881961822509766, 5.1256022453308105, -0.6990928053855896, -263.920654296875
1.5622174739837646, 7.935445308685303, 11.897327423095703, 6.285085678100586, -0.7140429615974426, -263.92523193359375
1.5558702945709229, 7.94085168838501, 11.913084030151367, 7.445280075073242, -0.7239032983779907, -263.919677734375
1.5549862384796143, 7.9506330490112305, 11.931541442871094, 8.599056243896484, -0.7317830920219421, -263.9051513671875
1.5513465404510498, 7.965455055236816, 11.953126907348633, 9.746448516845703, -0.7343631982803345, -263.89080810546875
1.54532790184021, 7.976048946380615, 11.973010063171387, 10.893216133117676, -0.7266546487808228, -263.874267578125
1.5405066013336182, 7.9888129234313965, 11.992427825927734, 12.033677101135254, -0.7185795307159424, -263.8528137207031
1.5307586193084717, 8.000385284423828, 12.012507438659668, 13.177755355834961, -0.7114828824996948, -263.8280944824219
1.51882004737854, 8.013799667358398, 12.033203125, 14.324591636657715, -0.7069606781005859, -263.79461669921875
1.5104610919952393, 8.02706241607666, 12.050808906555176, 15.476715087890625, -0.6991050243377686, -263.7427978515625
1.5090973377227783, 8.039511680603027, 12.068903923034668, 16.63361358642578, -0.6956921219825745, -263.6754455566406
1.5132811069488525, 8.051620483398438, 12.087376594543457, 17.788942337036133, -0.6896403431892395, -263.6131591796875
1.5171244144439697, 8.063681602478027, 12.103961944580078, 18.941688537597656, -0.6824069619178772, -263.5572509765625
1.517627477645874, 8.073527336120605, 12.121514320373535, 20.08626937866211, -0.6744157075881958, -263.5082702636719
1.5155212879180908, 8.085902214050293, 12.14388656616211, 21.237173080444336, -0.6713175773620605, -263.4588317871094
1.5126121044158936, 8.094972610473633, 12.165639877319336, 22.38886833190918, -0.6652241945266724, -263.40728759765625
1.5107877254486084, 8.101296424865723, 12.189102172851562, 23.537490844726562, -0.6651358604431152, -263.344482421875
1.505767583847046, 8.102360725402832, 12.212082862854004, 24.68238067626953, -0.6548993587493896, -263.28240966796875
1.5041306018829346, 8.107680320739746, 12.235095024108887, 25.820316314697266, -0.6430399417877197, -263.2160339355469
1.5053369998931885, 8.111743927001953, 12.261434555053711, 26.956993103027344, -0.6325643062591553, -263.1504211425781
1.5001356601715088, 8.119584083557129, 12.28335189819336, 28.08845329284668, -0.6191803812980652, -263.09228515625
1.4980032444000244, 8.133729934692383, 12.305253028869629, 29.22724151611328, -0.6064661741256714, -263.0304870605469
1.5018150806427002, 8.15273380279541, 12.318943977355957, 30.36759376525879, -0.5923535823822021, -262.96112060546875
1.5024597644805908, 8.169225692749023, 12.333264350891113, 31.506589889526367, -0.5743317604064941, -262.8929138183594
1.5000441074371338, 8.183058738708496, 12.35055923461914, 32.64909362792969, -0.560369610786438, -262.82440185546875
1.4996707439422607, 8.198456764221191, 12.370345115661621, 33.802913665771484, -0.5553123950958252, -262.7513732910156
1.4989488124847412, 8.209005355834961, 12.395087242126465, 34.954402923583984, -0.545344889163971, -262.6793518066406
1.499375581741333, 8.218969345092773, 12.416129112243652, 36.10464859008789, -0.5335811972618103, -262.61053466796875
1.4989244937896729, 8.22665786743164, 12.437270164489746, 37.25749588012695, -0.5208913087844849, -262.5389404296875
1.496004343032837, 8.235326766967773, 12.454587936401367, 38.40304183959961, -0.5093302130699158, -262.4632873535156
1.4896767139434814, 8.249879837036133, 12.46665096282959, 39.53907775878906, -0.4963817596435547, -262.3919372558594
1.4839622974395752, 8.26412296295166, 12.47824478149414, 40.67372131347656, -0.48704099655151367, -262.3108825683594
1.4827706813812256, 8.28054141998291, 12.497737884521484, 41.80388259887695, -0.4812014102935791, -262.2198181152344
1.484976053237915, 8.298238754272461, 12.512492179870605, 42.93785858154297, -0.47803178429603577, -262.1264953613281
1.483794927597046, 8.315023422241211, 12.53065013885498, 44.077293395996094, -0.47455650568008423, -262.03863525390625
1.479278326034546, 8.330408096313477, 12.546709060668945, 45.21744918823242, -0.46997499465942383, -261.9535217285156
1.4759294986724854, 8.345741271972656, 12.556998252868652, 46.35281753540039, -0.4662175178527832, -261.8605041503906
1.4727137088775635, 8.358189582824707, 12.57233715057373, 47.49114227294922, -0.4630087912082672, -261.76422119140625
1.4704649448394775, 8.36795711517334, 12.593555450439453, 48.6353874206543, -0.45768988132476807, -261.6604309082031
1.4624826908111572, 8.373122215270996, 12.616843223571777, 49.77439498901367, -0.45085689425468445, -261.5625915527344
1.453033208847046, 8.38199520111084, 12.637333869934082, 50.918331146240234, -0.4431328773498535, -261.4518737792969
1.445568323135376, 8.39204216003418, 12.658157348632812, 52.05998229980469, -0.4458007216453552, -261.32940673828125
1.4354808330535889, 8.406148910522461, 12.676861763000488, 53.20122528076172, -0.4494801163673401, -261.1972351074219
1.4229776859283447, 8.422070503234863, 12.696292877197266, 54.33796691894531, -0.44772234559059143, -261.0502014160156
1.4156525135040283, 8.441564559936523, 12.714960098266602, 55.47404098510742, -0.44925689697265625, -260.88360595703125
1.4136250019073486, 8.459253311157227, 12.729925155639648, 56.60700225830078, -0.4552948772907257, -260.7185974121094
1.4134137630462646, 8.474215507507324, 12.743995666503906, 57.740997314453125, -0.46312135457992554, -260.5469665527344
1.4144213199615479, 8.48873233795166, 12.761087417602539, 58.87234115600586, -0.4662025570869446, -260.3791809082031
1.413694143295288, 8.499950408935547, 12.779329299926758, 60.00319290161133, -0.46660006046295166, -260.20751953125
1.4100444316864014, 8.509210586547852, 12.796576499938965, 61.13436508178711, -0.4589933156967163, -260.0344543457031
1.409759759902954, 8.519021034240723, 12.810908317565918, 62.259765625, -0.4456418454647064, -259.8574523925781
1.4144418239593506, 8.532116889953613, 12.825929641723633, 63.39055252075195, -0.4274841845035553, -259.68231201171875
1.4158518314361572, 8.545591354370117, 12.839082717895508, 64.5223388671875, -0.40802446007728577, -259.5101623535156
1.4158742427825928, 8.55926513671875, 12.85204029083252, 65.6573715209961, -0.3917461633682251, -259.3332214355469
1.4125964641571045, 8.572203636169434, 12.867650985717773, 66.78719329833984, -0.3813515603542328, -259.1505432128906
1.4059317111968994, 8.584177017211914, 12.886794090270996, 67.91815185546875, -0.3739839494228363, -258.95977783203125
1.397395372390747, 8.592223167419434, 12.905261993408203, 69.04718017578125, -0.3650481104850769, -258.7610778808594
1.387958288192749, 8.600784301757812, 12.924905776977539, 70.17852020263672, -0.3562321960926056, -258.55645751953125
1.379288911819458, 8.611893653869629, 12.943501472473145, 71.30812072753906, -0.34360289573669434, -258.35107421875
1.3721330165863037, 8.622875213623047, 12.96036148071289, 72.44474792480469, -0.3384164869785309, -258.1390380859375
1.3681704998016357, 8.630440711975098, 12.97990894317627, 73.57538604736328, -0.33227115869522095, -257.9228515625
1.3652803897857666, 8.636760711669922, 12.999939918518066, 74.7105484008789, -0.32355013489723206, -257.7106628417969
1.361346960067749, 8.648981094360352, 13.021278381347656, 75.85240936279297, -0.3092891275882721, -257.493408203125
1.3591978549957275, 8.662027359008789, 13.039145469665527, 76.97624969482422, -0.29471296072006226, -257.26776123046875
1.3551723957061768, 8.677380561828613, 13.049068450927734, 78.09156799316406, -0.28316834568977356, -257.037841796875
1.3518388271331787, 8.69677734375, 13.05904483795166, 79.20610046386719, -0.27405503392219543, -256.8020324707031
1.3504908084869385, 8.713099479675293, 13.070489883422852, 80.31971740722656, -0.2675618827342987, -256.5580139160156
1.350482702255249, 8.726997375488281, 13.081189155578613, 81.43115234375, -0.2615739703178406, -256.314208984375
1.3493964672088623, 8.73987865447998, 13.09472370147705, 82.55328369140625, -0.2520165741443634, -256.0711364746094
1.348752737045288, 8.753605842590332, 13.110162734985352, 83.67864227294922, -0.24407638609409332, -255.8206024169922
1.3466007709503174, 8.765633583068848, 13.129376411437988, 84.81109619140625, -0.23477761447429657, -255.5648651123047
1.3424656391143799, 8.774993896484375, 13.147517204284668, 85.93925476074219, -0.22836415469646454, -255.30685424804688
1.3443973064422607, 8.785033226013184, 13.168022155761719, 87.0634765625, -0.23159870505332947, -255.04222106933594
1.3426501750946045, 8.790406227111816, 13.189656257629395, 88.18689727783203, -0.2319408804178238, -254.78948974609375
1.3462355136871338, 8.799572944641113, 13.211400032043457, 89.31509399414062, -0.22375205159187317, -254.5377960205078
1.3487565517425537, 8.812638282775879, 13.230840682983398, 90.44366455078125, -0.2121681421995163, -254.2902374267578
1.3476378917694092, 8.828034400939941, 13.25184154510498, 91.57098388671875, -0.20155996084213257, -254.0511474609375
1.3447911739349365, 8.841300010681152, 13.272104263305664, 92.68853759765625, -0.19107191264629364, -253.8133087158203
1.3420860767364502, 8.851651191711426, 13.287897109985352, 93.80513763427734, -0.1824600249528885, -253.57669067382812
1.334768533706665, 8.862797737121582, 13.300127983093262, 94.91777801513672, -0.17776896059513092, -253.32847595214844
1.3338940143585205, 8.87430191040039, 13.316459655761719, 96.03850555419922, -0.173639714717865, -253.06854248046875
1.3348701000213623, 8.88700008392334, 13.331046104431152, 97.15670013427734, -0.1727685034275055, -252.8076629638672
1.3337242603302002, 8.896949768066406, 13.350975036621094, 98.2799072265625, -0.1668454110622406, -252.54393005371094
1.3340189456939697, 8.899374961853027, 13.368385314941406, 99.40008544921875, -0.15889106690883636, -252.27224731445312
1.332740068435669, 8.901690483093262, 13.38760757446289, 100.51449584960938, -0.1498507410287857, -252.01177978515625
1.328432321548462, 8.908526420593262, 13.409843444824219, 101.63327026367188, -0.14765392243862152, -251.75888061523438
1.3225038051605225, 8.91996955871582, 13.428101539611816, 102.75760650634766, -0.15076525509357452, -251.50848388671875
1.3183696269989014, 8.932348251342773, 13.444082260131836, 103.8785629272461, -0.15276388823986053, -251.24842834472656
1.3146812915802002, 8.94582748413086, 13.463354110717773, 104.99642181396484, -0.1576056033372879, -250.98171997070312
1.3116538524627686, 8.960514068603516, 13.478754997253418, 106.10981750488281, -0.16058507561683655, -250.70816040039062
1.3076155185699463, 8.971686363220215, 13.49274730682373, 107.21620178222656, -0.15674854815006256, -250.43240356445312
1.3084871768951416, 8.98503303527832, 13.50961971282959, 108.3155517578125, -0.15951041877269745, -250.14688110351562
1.3055388927459717, 9.000495910644531, 13.526410102844238, 109.41243743896484, -0.1601654440164566, -249.8655242919922
1.299433946609497, 9.015665054321289, 13.544127464294434, 110.50973510742188, -0.1532001942396164, -249.57911682128906
1.2973997592926025, 9.030980110168457, 13.562079429626465, 111.60997009277344, -0.14550668001174927, -249.287109375
1.3016645908355713, 9.052427291870117, 13.576825141906738, 112.7109375, -0.14303793013095856, -248.994140625
1.3083240985870361, 9.072946548461914, 13.594854354858398, 113.82183074951172, -0.14326028525829315, -248.70205688476562
1.3145220279693604, 9.09339714050293, 13.609282493591309, 114.93740844726562, -0.14114604890346527, -248.41554260253906
1.3171656131744385, 9.114083290100098, 13.621932029724121, 116.04793548583984, -0.1375514715909958, -248.1326141357422
1.3205516338348389, 9.134384155273438, 13.635390281677246, 117.15695190429688, -0.1346363127231598, -247.85862731933594
1.3232338428497314, 9.158214569091797, 13.646514892578125, 118.26558685302734, -0.13199253380298615, -247.5836944580078
1.3293182849884033, 9.180736541748047, 13.661124229431152, 119.37316131591797, -0.1307872086763382, -247.315673828125
1.3315422534942627, 9.201279640197754, 13.679123878479004, 120.48494720458984, -0.13853488862514496, -247.0530242919922
1.3342230319976807, 9.218302726745605, 13.694954872131348, 121.60401916503906, -0.1476084589958191, -246.792236328125
1.338346242904663, 9.231568336486816, 13.70953369140625, 122.72401428222656, -0.16011734306812286, -246.5320587158203
1.3454616069793701, 9.245477676391602, 13.725610733032227, 123.8454818725586, -0.1718072146177292, -246.28070068359375
1.355560064315796, 9.263050079345703, 13.744559288024902, 124.96942901611328, -0.1747521460056305, -246.03457641601562
1.3652851581573486, 9.282249450683594, 13.764851570129395, 126.09636688232422, -0.1742740422487259, -245.7952423095703
1.3677380084991455, 9.300445556640625, 13.78563117980957, 127.22416687011719, -0.1659378707408905, -245.5642852783203
1.3613698482513428, 9.315437316894531, 13.807330131530762, 128.34808349609375, -0.15058664977550507, -245.3409423828125
1.3536503314971924, 9.332942008972168, 13.829568862915039, 129.47421264648438, -0.13507507741451263, -245.1083221435547
1.3429672718048096, 9.34544563293457, 13.85183334350586, 130.59425354003906, -0.12410785257816315, -244.86888122558594
1.3342678546905518, 9.359756469726562, 13.870504379272461, 131.7095184326172, -0.10658946633338928, -244.61671447753906
1.3299682140350342, 9.369868278503418, 13.887229919433594, 132.8251190185547, -0.09787826240062714, -244.35403442382812
1.3290393352508545, 9.377161979675293, 13.907215118408203, 133.94459533691406, -0.09496370702981949, -244.0764617919922
1.32859206199646, 9.382477760314941, 13.92587947845459, 135.06455993652344, -0.08859099447727203, -243.80206298828125
1.3322346210479736, 9.39240550994873, 13.946829795837402, 136.18560791015625, -0.08276301622390747, -243.52566528320312
1.3371222019195557, 9.403367042541504, 13.967984199523926, 137.30885314941406, -0.08008350431919098, -243.24838256835938
1.3379991054534912, 9.41368579864502, 13.991055488586426, 138.43345642089844, -0.08028234541416168, -242.97711181640625
1.3346302509307861, 9.424202919006348, 14.014065742492676, 139.56365966796875, -0.08195602148771286, -242.70742797851562
1.3313648700714111, 9.435201644897461, 14.040128707885742, 140.695556640625, -0.08602485805749893, -242.42898559570312
1.3309657573699951, 9.443574905395508, 14.065069198608398, 141.82330322265625, -0.09071572870016098, -242.15292358398438
1.330261468887329, 9.454351425170898, 14.08864688873291, 142.94979858398438, -0.09571607410907745, -241.87701416015625
1.3315222263336182, 9.468151092529297, 14.112225532531738, 144.06932067871094, -0.09734635055065155, -241.6057891845703
1.3316938877105713, 9.480947494506836, 14.134183883666992, 145.1866455078125, -0.09376991540193558, -241.33950805664062
1.3325212001800537, 9.495697021484375, 14.154036521911621, 146.30386352539062, -0.08435472846031189, -241.07699584960938
1.33650803565979, 9.510978698730469, 14.17555046081543, 147.42184448242188, -0.07667950540781021, -240.8138427734375
1.3383243083953857, 9.524688720703125, 14.193204879760742, 148.54144287109375, -0.06467520445585251, -240.55728149414062
1.3403027057647705, 9.538383483886719, 14.211155891418457, 149.66717529296875, -0.04914755001664162, -240.30123901367188
1.3420226573944092, 9.553755760192871, 14.231151580810547, 150.7933807373047, -0.03568018972873688, -240.0462646484375
1.344379186630249, 9.56202220916748, 14.25152587890625, 151.91363525390625, -0.026754476130008698, -239.7926025390625
1.3470861911773682, 9.56928539276123, 14.26698112487793, 153.02566528320312, -0.019026976078748703, -239.54232788085938
1.3466627597808838, 9.575773239135742, 14.280559539794922, 154.1409149169922, -0.019821807742118835, -239.2943572998047
1.3379385471343994, 9.581949234008789, 14.292874336242676, 155.2562713623047, -0.02369740977883339, -239.05079650878906
1.3319666385650635, 9.589716911315918, 14.310267448425293, 156.37380981445312, -0.020161040127277374, -238.80154418945312
1.3277122974395752, 9.59448528289795, 14.328228950500488, 157.5023651123047, -0.01537874061614275, -238.54576110839844
1.3251359462738037, 9.600136756896973, 14.347077369689941, 158.63584899902344, -0.006489437073469162, -238.2853546142578
1.321190595626831, 9.601318359375, 14.365982055664062, 159.76644897460938, 0.003921414725482464, -238.01991271972656
1.318070650100708, 9.602874755859375, 14.387969970703125, 160.89419555664062, 0.019103825092315674, -237.74331665039062
1.3179023265838623, 9.603568077087402, 14.403104782104492, 162.0133056640625, 0.0268743596971035, -237.46241760253906
1.3198816776275635, 9.609905242919922, 14.416872024536133, 163.12423706054688, 0.028084663674235344, -237.18258666992188
1.3204143047332764, 9.619600296020508, 14.431800842285156, 164.24090576171875, 0.02802073210477829, -236.90225219726562
1.3206431865692139, 9.628144264221191, 14.447136878967285, 165.36318969726562, 0.027812665328383446, -236.62062072753906
1.316997766494751, 9.639582633972168, 14.463486671447754, 166.48696899414062, 0.02264065481722355, -236.34173583984375
1.3104612827301025, 9.653585433959961, 14.480977058410645, 167.61448669433594, 0.025234730914235115, -236.06039428710938
1.3073971271514893, 9.664997100830078, 14.495545387268066, 168.7393035888672, 0.026592370122671127, -235.76893615722656
1.3046457767486572, 9.676056861877441, 14.509428977966309, 169.86415100097656, 0.026466187089681625, -235.47445678710938
1.3009817600250244, 9.683570861816406, 14.52617359161377, 170.9895477294922, 0.019530870020389557, -235.16830444335938
1.2969639301300049, 9.693679809570312, 14.543685913085938, 172.1140594482422, 0.014694595709443092, -234.86024475097656
1.2968027591705322, 9.704806327819824, 14.560809135437012, 173.2388916015625, 0.008981587365269661, -234.548828125
1.296436071395874, 9.71908187866211, 14.576882362365723, 174.3640594482422, 0.004058029502630234, -234.23545837402344
1.3006608486175537, 9.733593940734863, 14.595223426818848, 175.4862518310547, 0.000716029666364193, -233.9220428466797
1.3017165660858154, 9.7499361038208, 14.613492012023926, 176.6099853515625, -0.0005293199792504311, -233.61557006835938
1.3037588596343994, 9.764555931091309, 14.631629943847656, 177.73416137695312, -0.0033205244690179825, -233.31060791015625
1.3025805950164795, 9.778550148010254, 14.648431777954102, 178.85943603515625, -0.005771709606051445, -233.0128936767578
1.2980759143829346, 9.791431427001953, 14.665325164794922, 179.9775848388672, -0.006317636929452419, -232.71563720703125
1.2937719821929932, 9.803423881530762, 14.683493614196777, 181.09120178222656, -0.01384100690484047, -232.41018676757812
1.288600206375122, 9.818153381347656, 14.69864273071289, 182.20201110839844, -0.019517583772540092, -232.1051025390625
1.2770893573760986, 9.832841873168945, 14.712522506713867, 183.31382751464844, -0.02919219806790352, -231.79254150390625
1.2644150257110596, 9.848350524902344, 14.725080490112305, 184.4199676513672, -0.03683610260486603, -231.4602813720703
1.2514574527740479, 9.862553596496582, 14.73254680633545, 185.5210418701172, -0.040405288338661194, -231.11228942871094
1.2362444400787354, 9.879947662353516, 14.744291305541992, 186.61602783203125, -0.05171244964003563, -230.7501220703125
1.2289378643035889, 9.895225524902344, 14.755454063415527, 187.70115661621094, -0.06658992171287537, -230.36679077148438
1.2236268520355225, 9.909791946411133, 14.76775074005127, 188.78372192382812, -0.07067669928073883, -229.9812469482422
1.2176907062530518, 9.922438621520996, 14.783722877502441, 189.85997009277344, -0.07848964631557465, -229.58815002441406
1.2081711292266846, 9.932802200317383, 14.798295021057129, 190.93540954589844, -0.08938275277614594, -229.18467712402344
1.1963560581207275, 9.944926261901855, 14.8128662109375, 192.00668334960938, -0.09656195342540741, -228.77236938476562
1.1879079341888428, 9.961610794067383, 14.824869155883789, 193.0714569091797, -0.10226887464523315, -228.34600830078125
1.1801669597625732, 9.982111930847168, 14.834771156311035, 194.1363525390625, -0.11071277409791946, -227.91860961914062
1.1732170581817627, 10.005581855773926, 14.850417137145996, 195.19879150390625, -0.12052543461322784, -227.48985290527344
1.1644036769866943, 10.027167320251465, 14.866229057312012, 196.2552490234375, -0.131368950009346, -227.05735778808594
1.155060052871704, 10.040623664855957, 14.880127906799316, 197.3119659423828, -0.14523684978485107, -226.6168212890625
1.145414113998413, 10.051135063171387, 14.895760536193848, 198.36474609375, -0.16047173738479614, -226.16250610351562
1.1395347118377686, 10.062058448791504, 14.907865524291992, 199.40573120117188, -0.17393259704113007, -225.69772338867188
1.132300615310669, 10.077423095703125, 14.91681957244873, 200.43943786621094, -0.1860862821340561, -225.22686767578125
1.126070261001587, 10.090583801269531, 14.924949645996094, 201.46417236328125, -0.19996604323387146, -224.7431182861328
1.1166937351226807, 10.105369567871094, 14.934121131896973, 202.48866271972656, -0.21560782194137573, -224.2511749267578
1.1128714084625244, 10.119734764099121, 14.941630363464355, 203.51138305664062, -0.2270040214061737, -223.7473907470703
1.11155104637146, 10.136151313781738, 14.952293395996094, 204.53326416015625, -0.23421776294708252, -223.2389678955078
1.1072165966033936, 10.147237777709961, 14.959702491760254, 205.55780029296875, -0.23025919497013092, -222.72900390625
1.0980637073516846, 10.15669059753418, 14.968093872070312, 206.57691955566406, -0.22490036487579346, -222.21348571777344
1.0874574184417725, 10.166589736938477, 14.976537704467773, 207.5918426513672, -0.2183869183063507, -221.69091796875
1.0765182971954346, 10.177059173583984, 14.985868453979492, 208.60227966308594, -0.21355292201042175, -221.16094970703125
1.065295934677124, 10.188173294067383, 14.995577812194824, 209.6072998046875, -0.20807470381259918, -220.62054443359375
1.0543739795684814, 10.200509071350098, 15.005934715270996, 210.6071014404297, -0.203052818775177, -220.0655975341797
1.0437581539154053, 10.213871955871582, 15.017627716064453, 211.599609375, -0.20055906474590302, -219.49917602539062
1.0382587909698486, 10.22671127319336, 15.027872085571289, 212.58204650878906, -0.20105284452438354, -218.92245483398438
1.0280969142913818, 10.242557525634766, 15.038301467895508, 213.5605926513672, -0.20527049899101257, -218.3419189453125
1.018024206161499, 10.259881973266602, 15.05113697052002, 214.5323944091797, -0.21445713937282562, -217.7527618408203
1.0079314708709717, 10.281099319458008, 15.06220817565918, 215.4924774169922, -0.22425515949726105, -217.15138244628906
1.0030133724212646, 10.300283432006836, 15.075420379638672, 216.4444122314453, -0.23557937145233154, -216.5395965576172
0.9974792003631592, 10.316146850585938, 15.084538459777832, 217.39190673828125, -0.24939996004104614, -215.9239044189453
0.9928443431854248, 10.331037521362305, 15.093395233154297, 218.33389282226562, -0.25838780403137207, -215.30587768554688
0.9912493228912354, 10.348164558410645, 15.103727340698242, 219.27606201171875, -0.26547303795814514, -214.68902587890625
0.9926679134368896, 10.366921424865723, 15.11349868774414, 220.22247314453125, -0.27578404545783997, -214.07240295410156
0.9890697002410889, 10.385516166687012, 15.12376594543457, 221.1787872314453, -0.28034454584121704, -213.46343994140625
0.9828460216522217, 10.40611457824707, 15.136448860168457, 222.12939453125, -0.2895257771015167, -212.85426330566406
0.9727251529693604, 10.427586555480957, 15.152955055236816, 223.08399963378906, -0.2985081374645233, -212.2341766357422
0.9621059894561768, 10.453958511352539, 15.168721199035645, 224.03591918945312, -0.30693569779396057, -211.6010284423828
0.9490320682525635, 10.477389335632324, 15.18548583984375, 224.98086547851562, -0.3109705150127411, -210.9517822265625
0.9375216960906982, 10.497477531433105, 15.193572998046875, 225.9170684814453, -0.31495770812034607, -210.2865447998047
0.927880048751831, 10.514171600341797, 15.205814361572266, 226.8448944091797, -0.3218477964401245, -209.61062622070312
0.9221312999725342, 10.526947021484375, 15.213539123535156, 227.76617431640625, -0.3299121856689453, -208.92758178710938
0.9175398349761963, 10.540506362915039, 15.224583625793457, 228.68055725097656, -0.33228206634521484, -208.24171447753906
0.9125196933746338, 10.553723335266113, 15.2332181930542, 229.5852813720703, -0.33803245425224304, -207.5547332763672
0.9104173183441162, 10.56753158569336, 15.244009017944336, 230.4849395751953, -0.352103590965271, -206.8653564453125
0.9048969745635986, 10.583176612854004, 15.252582550048828, 231.3823699951172, -0.36563771963119507, -206.1693878173828
0.8944394588470459, 10.595698356628418, 15.26186752319336, 232.2734832763672, -0.3825300335884094, -205.46450805664062
0.8842122554779053, 10.608748435974121, 15.269242286682129, 233.1495361328125, -0.3923366963863373, -204.7566375732422
0.8744451999664307, 10.623819351196289, 15.27682113647461, 234.0230255126953, -0.3937371075153351, -204.03839111328125
0.8658230304718018, 10.639566421508789, 15.283371925354004, 234.89035034179688, -0.39560237526893616, -203.3101348876953
0.8604280948638916, 10.650481224060059, 15.292448043823242, 235.75485229492188, -0.3914411962032318, -202.57713317871094
0.8539736270904541, 10.658805847167969, 15.300314903259277, 236.62147521972656, -0.3864947557449341, -201.8386993408203
0.8476667404174805, 10.669279098510742, 15.310779571533203, 237.4849395751953, -0.3838294446468353, -201.08807373046875
0.840557336807251, 10.680231094360352, 15.322681427001953, 238.3411865234375, -0.37861788272857666, -200.33572387695312
0.8359079360961914, 10.690018653869629, 15.33130931854248, 239.18687438964844, -0.38183706998825073, -199.57569885253906
0.8310303688049316, 10.699589729309082, 15.339723587036133, 240.02157592773438, -0.3880653977394104, -198.81524658203125
0.8252155780792236, 10.71208381652832, 15.349173545837402, 240.85903930664062, -0.39536425471305847, -198.04855346679688
0.8180897235870361, 10.724279403686523, 15.358428001403809, 241.68911743164062, -0.3966035544872284, -197.2753448486328
0.809497594833374, 10.740769386291504, 15.366852760314941, 242.5162353515625, -0.3981473743915558, -196.49575805664062
0.8033096790313721, 10.752767562866211, 15.376155853271484, 243.33819580078125, -0.3995340168476105, -195.71389770507812
0.7995121479034424, 10.764874458312988, 15.389477729797363, 244.16368103027344, -0.4006788730621338, -194.92979431152344
0.7917678356170654, 10.77437686920166, 15.402737617492676, 244.98431396484375, -0.40089473128318787, -194.14694213867188
0.783400297164917, 10.781975746154785, 15.414758682250977, 245.79531860351562, -0.4042646586894989, -193.35618591308594
0.7713911533355713, 10.795527458190918, 15.427372932434082, 246.5963134765625, -0.41274628043174744, -192.55825805664062
0.761345624923706, 10.810659408569336, 15.441941261291504, 247.38351440429688, -0.4234924018383026, -191.74533081054688
0.7505500316619873, 10.82691478729248, 15.458420753479004, 248.16136169433594, -0.4333987236022949, -190.92208862304688
0.7399673461914062, 10.844891548156738, 15.477582931518555, 248.9337615966797, -0.44161516427993774, -190.089111328125
0.7300639152526855, 10.860958099365234, 15.491997718811035, 249.69735717773438, -0.4484192430973053, -189.24488830566406
0.7215564250946045, 10.87834358215332, 15.504402160644531, 250.45147705078125, -0.4557287096977234, -188.39353942871094
0.7137763500213623, 10.893011093139648, 15.518603324890137, 251.20223999023438, -0.4644812345504761, -187.54063415527344
0.7077510356903076, 10.904744148254395, 15.532035827636719, 251.94384765625, -0.47993773221969604, -186.68511962890625
0.7039203643798828, 10.916329383850098, 15.54670524597168, 252.68121337890625, -0.494978129863739, -185.82998657226562
0.6991100311279297, 10.928998947143555, 15.563169479370117, 253.4210662841797, -0.5102611780166626, -184.96971130371094
0.6942739486694336, 10.939651489257812, 15.583706855773926, 254.15829467773438, -0.5193570256233215, -184.09999084472656
0.6863706111907959, 10.950708389282227, 15.59922981262207, 254.89047241210938, -0.5284719467163086, -183.22706604003906
0.6746220588684082, 10.960847854614258, 15.609734535217285, 255.6091766357422, -0.5386784672737122, -182.34092712402344
0.6600062847137451, 10.970602989196777, 15.619287490844727, 256.31524658203125, -0.5474482774734497, -181.45602416992188
0.6451301574707031, 10.98385238647461, 15.632063865661621, 257.01507568359375, -0.557447075843811, -180.55682373046875
0.633380651473999, 10.997429847717285, 15.64034366607666, 257.7046203613281, -0.5627002120018005, -179.63897705078125
0.623760461807251, 11.009575843811035, 15.653599739074707, 258.3816833496094, -0.5654041767120361, -178.7220916748047
0.6183345317840576, 11.020894050598145, 15.668242454528809, 259.052978515625, -0.5671412944793701, -177.8008575439453
0.6123707294464111, 11.035133361816406, 15.683752059936523, 259.7193603515625, -0.5688516497612, -176.87286376953125
0.6079809665679932, 11.050869941711426, 15.696447372436523, 260.3751220703125, -0.5756182670593262, -175.94393920898438
0.6031217575073242, 11.069205284118652, 15.71367073059082, 261.0317077636719, -0.5869120955467224, -175.02012634277344
0.6018145084381104, 11.08887767791748, 15.733644485473633, 261.68524169921875, -0.6028381586074829, -174.0930938720703
0.6018972396850586, 11.104023933410645, 15.753779411315918, 262.3379211425781, -0.6278982758522034, -173.1648406982422
0.600416898727417, 11.114500045776367, 15.77367115020752, 262.9881896972656, -0.6509274840354919, -172.23655700683594
0.5966641902923584, 11.124750137329102, 15.786578178405762, 263.63702392578125, -0.6763617396354675, -171.30238342285156
0.5894651412963867, 11.135926246643066, 15.798008918762207, 264.2850036621094, -0.6943587064743042, -170.3634796142578
0.5746521949768066, 11.143491744995117, 15.809703826904297, 264.9239807128906, -0.712706446647644, -169.41539001464844
0.5545229911804199, 11.156622886657715, 15.822938919067383, 265.5430603027344, -0.725161075592041, -168.4644317626953
0.5355713367462158, 11.17531681060791, 15.83212661743164, 266.1429138183594, -0.7294310331344604, -167.5068359375
0.5146141052246094, 11.194009780883789, 15.84312915802002, 266.72467041015625, -0.7360481023788452, -166.5387725830078
0.4919111728668213, 11.218449592590332, 15.854248046875, 267.2874450683594, -0.7433134317398071, -165.55747985839844
0.46816396713256836, 11.241552352905273, 15.86832332611084, 267.82928466796875, -0.7541760802268982, -164.56329345703125
0.44338440895080566, 11.261077880859375, 15.881728172302246, 268.3485412597656, -0.7623060345649719, -163.56092834472656
0.4216499328613281, 11.278185844421387, 15.896028518676758, 268.8482971191406, -0.7705508470535278, -162.54690551757812
0.40496110916137695, 11.299491882324219, 15.911026000976562, 269.33416748046875, -0.7730231881141663, -161.5205535888672
0.3926427364349365, 11.320923805236816, 15.918176651000977, 269.8009033203125, -0.7762129902839661, -160.48321533203125
0.3802928924560547, 11.343741416931152, 15.925531387329102, 270.2579650878906, -0.7778789401054382, -159.4392852783203
0.3688492774963379, 11.365224838256836, 15.933536529541016, 270.7005310058594, -0.7811527848243713, -158.38409423828125
0.35715365409851074, 11.387192726135254, 15.945652961730957, 271.12725830078125, -0.7892786264419556, -157.32366943359375
0.34782838821411133, 11.409432411193848, 15.9586181640625, 271.537353515625, -0.7993293404579163, -156.25772094726562
0.3363180160522461, 11.435441970825195, 15.971295356750488, 271.93621826171875, -0.8076192736625671, -155.18991088867188
0.32798337936401367, 11.45838737487793, 15.982691764831543, 272.3236389160156, -0.8146238923072815, -154.11778259277344
0.32002735137939453, 11.479753494262695, 15.991783142089844, 272.7012634277344, -0.8234959840774536, -153.0390167236328
0.3067169189453125, 11.498211860656738, 16.002077102661133, 273.06787109375, -0.8259875178337097, -151.95016479492188
0.2915682792663574, 11.514205932617188, 16.010313034057617, 273.42266845703125, -0.8248410820960999, -150.85943603515625
0.27779316902160645, 11.533981323242188, 16.019243240356445, 273.7615966796875, -0.822240948677063, -149.76431274414062
0.2706160545349121, 11.551106452941895, 16.029619216918945, 274.0921936035156, -0.8258004188537598, -148.67156982421875
0.2690246105194092, 11.571557998657227, 16.042240142822266, 274.4164733886719, -0.8354114294052124, -147.58132934570312
0.2715120315551758, 11.593480110168457, 16.05420684814453, 274.7358703613281, -0.8447272777557373, -146.4956817626953
0.2691984176635742, 11.613359451293945, 16.062326431274414, 275.0512390136719, -0.853672444820404, -145.41159057617188
0.2682778835296631, 11.631352424621582, 16.070226669311523, 275.3585510253906, -0.8606186509132385, -144.32278442382812
0.26767468452453613, 11.650200843811035, 16.078001022338867, 275.6624450683594, -0.8671697378158569, -143.23411560058594
0.26972103118896484, 11.6688232421875, 16.08518409729004, 275.9639587402344, -0.8704507946968079, -142.14627075195312
0.27204346656799316, 11.68198299407959, 16.09139633178711, 276.2685852050781, -0.874517023563385, -141.0564727783203
0.2758314609527588, 11.691372871398926, 16.101612091064453, 276.5816650390625, -0.8782506585121155, -139.96490478515625
0.2796056270599365, 11.702836036682129, 16.116334915161133, 276.90057373046875, -0.8811087608337402, -138.86883544921875
0.2807497978210449, 11.712553024291992, 16.133403778076172, 277.2211608886719, -0.8835988640785217, -137.76475524902344
0.284334659576416, 11.722718238830566, 16.14858055114746, 277.5369873046875, -0.886724054813385, -136.66261291503906
0.28688549995422363, 11.737335205078125, 16.16189193725586, 277.8538513183594, -0.8896244168281555, -135.5607147216797
0.2869842052459717, 11.751437187194824, 16.173114776611328, 278.17132568359375, -0.8922443985939026, -134.46710205078125
0.2859818935394287, 11.763886451721191, 16.180795669555664, 278.4871826171875, -0.8942940831184387, -133.38235473632812
0.28050827980041504, 11.776870727539062, 16.18546485900879, 278.7995910644531, -0.9007858037948608, -132.2979278564453
0.27585697174072266, 11.788411140441895, 16.191234588623047, 279.1097717285156, -0.9054788947105408, -131.21542358398438
0.2722606658935547, 11.806659698486328, 16.196382522583008, 279.4165344238281, -0.9068989753723145, -130.12725830078125
0.27246713638305664, 11.826032638549805, 16.203365325927734, 279.72039794921875, -0.9076999425888062, -129.02737426757812
0.2720053195953369, 11.84144401550293, 16.213239669799805, 280.0211181640625, -0.9047593474388123, -127.92437744140625
0.2706477642059326, 11.854393005371094, 16.22418212890625, 280.32415771484375, -0.8999894261360168, -126.82089233398438
0.2680656909942627, 11.866667747497559, 16.236469268798828, 280.6278381347656, -0.8971928358078003, -125.71552276611328
0.26656198501586914, 11.879460334777832, 16.24833869934082, 280.9327697753906, -0.8932629823684692, -124.6133041381836
0.26344990730285645, 11.892498016357422, 16.26027488708496, 281.23321533203125, -0.8854833841323853, -123.51217651367188
0.26231908798217773, 11.908148765563965, 16.26934814453125, 281.52935791015625, -0.8789852261543274, -122.40644836425781
0.25829291343688965, 11.926382064819336, 16.28081512451172, 281.829833984375, -0.8678575754165649, -121.2956771850586
0.2523984909057617, 11.944509506225586, 16.293842315673828, 282.1267395019531, -0.8558362126350403, -120.17937469482422
0.24585437774658203, 11.963677406311035, 16.30771255493164, 282.4181213378906, -0.8391701579093933, -119.06179809570312
0.24218249320983887, 11.98233413696289, 16.318613052368164, 282.70306396484375, -0.8204787969589233, -117.93861389160156
0.2396986484527588, 11.999246597290039, 16.327558517456055, 282.9839782714844, -0.8021145462989807, -116.81657409667969
0.238264799118042, 12.016363143920898, 16.339738845825195, 283.26458740234375, -0.7856724858283997, -115.6903076171875
0.23635101318359375, 12.036620140075684, 16.351940155029297, 283.5428466796875, -0.7653805613517761, -114.56068420410156
0.23230242729187012, 12.057644844055176, 16.36430549621582, 283.8200988769531, -0.745772123336792, -113.4310073852539
0.22933197021484375, 12.076480865478516, 16.38109588623047, 284.0934143066406, -0.72858726978302, -112.30213165283203
0.22096681594848633, 12.092674255371094, 16.395105361938477, 284.3616027832031, -0.7137110233306885, -111.17594909667969
0.21345210075378418, 12.108063697814941, 16.415260314941406, 284.6213073730469, -0.7024546265602112, -110.04129791259766
0.20664095878601074, 12.123748779296875, 16.433801651000977, 284.86761474609375, -0.6868176460266113, -108.90825653076172
0.20325875282287598, 12.138123512268066, 16.4506778717041, 285.10113525390625, -0.6757473349571228, -107.77537536621094
0.20341897010803223, 12.151439666748047, 16.46506690979004, 285.33258056640625, -0.6678263545036316, -106.64921569824219
0.20008158683776855, 12.16195011138916, 16.478477478027344, 285.5574645996094, -0.6678871512413025, -105.52970886230469
0.19937920570373535, 12.175206184387207, 16.493993759155273, 285.7843322753906, -0.6654653549194336, -104.40399932861328
0.19406485557556152, 12.187540054321289, 16.511432647705078, 286.0125427246094, -0.6634241938591003, -103.28194427490234
0.19019627571105957, 12.19957160949707, 16.52579689025879, 286.234619140625, -0.6664843559265137, -102.15911102294922
0.18390655517578125, 12.21750259399414, 16.544540405273438, 286.46148681640625, -0.6687407493591309, -101.03112030029297
0.17924118041992188, 12.23528003692627, 16.560293197631836, 286.68133544921875, -0.6692752242088318, -99.90555572509766
0.17263174057006836, 12.248126983642578, 16.572114944458008, 286.8941955566406, -0.670228123664856, -98.77938842773438
0.16606450080871582, 12.261170387268066, 16.583341598510742, 287.1026916503906, -0.6661785244941711, -97.6500244140625
0.1600341796875, 12.273638725280762, 16.593992233276367, 287.3059387207031, -0.6605846285820007, -96.5216293334961
0.15743207931518555, 12.286051750183105, 16.604602813720703, 287.51385498046875, -0.652938961982727, -95.38735961914062
0.1566011905670166, 12.298454284667969, 16.612831115722656, 287.7167663574219, -0.6550753116607666, -94.25732421875
0.1566920280456543, 12.311378479003906, 16.62312126159668, 287.9148254394531, -0.6670945882797241, -93.12256622314453
0.1547379493713379, 12.321379661560059, 16.632823944091797, 288.1096496582031, -0.6789186000823975, -91.98185729980469
0.15002703666687012, 12.334766387939453, 16.642501831054688, 288.3030090332031, -0.6922181844711304, -90.84276580810547
0.14541864395141602, 12.346920013427734, 16.649015426635742, 288.48345947265625, -0.7058183550834656, -89.6990737915039
0.14244532585144043, 12.354368209838867, 16.65500831604004, 288.6607666015625, -0.7146588563919067, -88.55818939208984
0.13909077644348145, 12.364300727844238, 16.660024642944336, 288.8397216796875, -0.7207635045051575, -87.42106628417969
0.13488173484802246, 12.373812675476074, 16.667104721069336, 289.0148010253906, -0.7232674360275269, -86.28439331054688
0.12912392616271973, 12.381074905395508, 16.673095703125, 289.1766052246094, -0.7224145531654358, -85.14474487304688
0.12251138687133789, 12.39060115814209, 16.683069229125977, 289.33013916015625, -0.7209075689315796, -83.99897766113281
0.11393547058105469, 12.402729034423828, 16.690813064575195, 289.473876953125, -0.7232800126075745, -82.85012817382812
0.09972906112670898, 12.415771484375, 16.703123092651367, 289.6153259277344, -0.7235918641090393, -81.69601440429688
0.08550524711608887, 12.430115699768066, 16.716182708740234, 289.743896484375, -0.7233402132987976, -80.5462646484375
0.06951522827148438, 12.445256233215332, 16.73078727722168, 289.8542785644531, -0.7175752520561218, -79.39546203613281
0.05459761619567871, 12.460188865661621, 16.746946334838867, 289.9455871582031, -0.7097453474998474, -78.24288177490234
0.03881049156188965, 12.473238945007324, 16.765390396118164, 290.020263671875, -0.7017108798027039, -77.09255981445312
0.025515317916870117, 12.485187530517578, 16.78367042541504, 290.0704345703125, -0.6937496066093445, -75.94499206542969
0.015855789184570312, 12.49779224395752, 16.800466537475586, 290.101806640625, -0.685058057308197, -74.79676818847656
0.00872039794921875, 12.511157035827637, 16.81903648376465, 290.1228942871094, -0.6789045333862305, -73.6466064453125
0.002941608428955078, 12.525826454162598, 16.836807250976562, 290.13421630859375, -0.6738415360450745, -72.49224090576172
-0.003572702407836914, 12.53950023651123, 16.855703353881836, 290.1405029296875, -0.6678944230079651, -71.33995056152344
