0.0, 0.0, 0.0, 0.0, 0.0, 0.0
0.0009272238239645958, -0.002982703037559986, -0.0023626256734132767, 0.018389500677585602, -0.017374597489833832, 0.7079562544822693
-0.0038001644425094128, -0.0049962932243943214, -0.0023023304529488087, 0.03027685172855854, -0.029365234076976776, 1.642003059387207
-0.01123085804283619, -0.004733630921691656, -0.00027440395206213, 0.04021786153316498, -0.03159875050187111, 2.688220500946045
-0.022747639566659927, -0.0030060892459005117, 0.006139514036476612, 0.04690847545862198, -0.030797014012932777, 3.7974274158477783
-0.03768825903534889, -0.00017342879436910152, 0.015774589031934738, 0.05880489945411682, -0.02652057632803917, 4.9428887367248535
-0.050543785095214844, 0.0010162319522351027, 0.023976165801286697, 0.024593383073806763, -0.024197988212108612, 6.085533142089844
-0.06183195114135742, 0.00032823876244947314, 0.029292810708284378, -0.022385142743587494, -0.01812005043029785, 7.2269182205200195
-0.07268953323364258, -0.0031371128279715776, 0.03661578521132469, -0.08119067549705505, -0.01376351062208414, 8.364375114440918
-0.08507108688354492, -0.0075128646567463875, 0.0464634969830513, -0.15113644301891327, -0.0015284959226846695, 9.50041389465332
-0.09925508499145508, -0.011575153097510338, 0.05789543688297272, -0.2385428100824356, 0.007493100129067898, 10.638360023498535
-0.11590242385864258, -0.012553339824080467, 0.07107742875814438, -0.3430427312850952, 0.015747833997011185, 11.778454780578613
-0.1337730884552002, -0.009554600343108177, 0.08453556150197983, -0.46930772066116333, 0.02195562981069088, 12.919635772705078
-0.15371990203857422, -0.0031052157282829285, 0.09556111693382263, -0.6182491183280945, 0.030286455526947975, 14.058019638061523
-0.16953563690185547, 0.0066866325214505196, 0.10646640509366989, -0.7890176773071289, 0.036746345460414886, 15.195560455322266
-0.18030619621276855, 0.016179634258151054, 0.11915533244609833, -0.9773125052452087, 0.039045024663209915, 16.33449935913086
-0.18622589111328125, 0.02800663188099861, 0.13522163033485413, -1.182733416557312, 0.04023680090904236, 17.472034454345703
-0.1943347454071045, 0.03444872424006462, 0.15024282038211823, -1.3964300155639648, 0.043326202780008316, 18.605567932128906
-0.2050790786743164, 0.04152941703796387, 0.16509833931922913, -1.6207940578460693, 0.04567098617553711, 19.741252899169922
-0.21411347389221191, 0.050161562860012054, 0.18107646703720093, -1.8593181371688843, 0.049566175788640976, 20.876554489135742
-0.22517776489257812, 0.06166446581482887, 0.19695524871349335, -2.1154613494873047, 0.05484260246157646, 22.016550064086914
-0.2340071201324463, 0.07510726153850555, 0.2110525667667389, -2.388374090194702, 0.05578635260462761, 23.155681610107422
-0.2397925853729248, 0.08964240550994873, 0.22855710983276367, -2.672178030014038, 0.05593190714716911, 24.29532241821289
-0.24601364135742188, 0.1053854376077652, 0.2454712688922882, -2.960273504257202, 0.05350895971059799, 25.42684555053711
-0.25778794288635254, 0.11785721033811569, 0.2597600221633911, -3.252650022506714, 0.04730295389890671, 26.555572509765625
-0.2712388038635254, 0.13200801610946655, 0.2749791145324707, -3.557119607925415, 0.038614753633737564, 27.682703018188477
-0.28496575355529785, 0.14322353899478912, 0.2869977653026581, -3.873364210128784, 0.02541719377040863, 28.800418853759766
-0.2970566749572754, 0.15433910489082336, 0.2975914478302002, -4.2035369873046875, 0.014645131304860115, 29.913480758666992
-0.3126637935638428, 0.165479376912117, 0.3109229505062103, -4.545633316040039, 0.010594062507152557, 31.02020263671875
-0.3287191390991211, 0.17768947780132294, 0.32604193687438965, -4.9039483070373535, 0.001387331634759903, 32.1151237487793
-0.3464221954345703, 0.1893959790468216, 0.34030503034591675, -5.276031970977783, -0.00531490333378315, 33.201576232910156
-0.36576271057128906, 0.19785603880882263, 0.3562971353530884, -5.665745258331299, -0.007402947172522545, 34.28396987915039
-0.3836526870727539, 0.2121732532978058, 0.3767375648021698, -6.072052955627441, -0.0066755590960383415, 35.3652229309082
-0.39995718002319336, 0.23153187334537506, 0.3983900547027588, -6.499986171722412, -0.006565555930137634, 36.44364929199219
-0.4175140857696533, 0.250349760055542, 0.4223361015319824, -6.943812847137451, -0.00312172994017601, 37.520755767822266
-0.42962002754211426, 0.27023667097091675, 0.43917956948280334, -7.41506290435791, -0.0022994298487901688, 38.583282470703125
-0.44226598739624023, 0.2892565429210663, 0.45354706048965454, -7.905585289001465, 0.0022074738517403603, 39.643741607666016
-0.4547452926635742, 0.30641263723373413, 0.4681747853755951, -8.408263206481934, 0.0036728093400597572, 40.692569732666016
-0.4657297134399414, 0.3201824426651001, 0.4786033630371094, -8.923404693603516, 0.0038115689530968666, 41.74257278442383
-0.4753866195678711, 0.334644079208374, 0.48733723163604736, -9.447195053100586, 0.0047218287363648415, 42.78443908691406
-0.4860239028930664, 0.35009169578552246, 0.5004355311393738, -9.980659484863281, 0.00657963752746582, 43.81689453125
-0.493502140045166, 0.36220598220825195, 0.5119642019271851, -10.522066116333008, 0.003521452657878399, 44.8436279296875
-0.49921631813049316, 0.3734506070613861, 0.5212091207504272, -11.067717552185059, 0.0008145757019519806, 45.86070251464844
-0.5037593841552734, 0.3876483142375946, 0.5309833288192749, -11.615485191345215, -0.0013107145205140114, 46.87736892700195
-0.5093178749084473, 0.4000624716281891, 0.5401249527931213, -12.166624069213867, -0.0044929152354598045, 47.88772201538086
-0.5151245594024658, 0.4127117097377777, 0.5528700351715088, -12.718612670898438, -0.009833741933107376, 48.89237976074219
-0.527172327041626, 0.4288195073604584, 0.5650383234024048, -13.276313781738281, -0.009633946232497692, 49.89589309692383
-0.5388896465301514, 0.4448665976524353, 0.5780755281448364, -13.850196838378906, -0.012029803358018398, 50.889076232910156
-0.5476510524749756, 0.46293318271636963, 0.5941674709320068, -14.438436508178711, -0.017350707203149796, 51.87364959716797
-0.5537405014038086, 0.48814746737480164, 0.6137324571609497, -15.034274101257324, -0.0159387718886137, 52.85775375366211
-0.5622684955596924, 0.5112705230712891, 0.6294553875923157, -15.637069702148438, -0.01656477525830269, 53.83412170410156
-0.5736937522888184, 0.5285616517066956, 0.6396648287773132, -16.24308967590332, -0.013932718895375729, 54.803462982177734
-0.5846109390258789, 0.5487688183784485, 0.6500622034072876, -16.861310958862305, -0.01631614938378334, 55.76069641113281
-0.5926368236541748, 0.5641823410987854, 0.6600205898284912, -17.491985321044922, -0.025294113904237747, 56.71232604980469
-0.602323055267334, 0.5796720385551453, 0.6682572364807129, -18.13327407836914, -0.031357474625110626, 57.66255187988281
-0.6126344203948975, 0.595843493938446, 0.6814252734184265, -18.778060913085938, -0.028352102264761925, 58.60506820678711
-0.6257901191711426, 0.6113840341567993, 0.700206995010376, -19.433706283569336, -0.021979600191116333, 59.546905517578125
-0.638756513595581, 0.6178227066993713, 0.720441997051239, -20.097469329833984, -0.014302356168627739, 60.47791290283203
-0.6542651653289795, 0.6316236257553101, 0.7396199107170105, -20.776897430419922, -0.010675819590687752, 61.40035629272461
-0.6698007583618164, 0.6450109481811523, 0.7619490623474121, -21.464805603027344, -0.008544610813260078, 62.31190490722656
-0.6860582828521729, 0.6643845438957214, 0.7787138819694519, -22.174644470214844, 0.0006836242973804474, 63.2122802734375
-0.6962783336639404, 0.6867038011550903, 0.7944588661193848, -22.902746200561523, 0.008017973974347115, 64.10391235351562
-0.7086496353149414, 0.7072254419326782, 0.8085892200469971, -23.642194747924805, 0.016178961843252182, 64.98170471191406
-0.7231013774871826, 0.7231107950210571, 0.8230307102203369, -24.390541076660156, 0.02473721280694008, 65.8515625
-0.7356719970703125, 0.7430530190467834, 0.8395081758499146, -25.155309677124023, 0.024435773491859436, 66.71343231201172
-0.7501604557037354, 0.7605510950088501, 0.851519763469696, -25.93181800842285, 0.02351623773574829, 67.56439208984375
-0.7655038833618164, 0.7790802717208862, 0.8660796880722046, -26.716814041137695, 0.02683403342962265, 68.40653991699219
-0.7802398204803467, 0.7988945245742798, 0.8836709856987, -27.517953872680664, 0.026190804317593575, 69.24102020263672
-0.8007872104644775, 0.815126359462738, 0.8987427353858948, -28.334577560424805, 0.0199037604033947, 70.05728912353516
-0.8206050395965576, 0.830151379108429, 0.9163013100624084, -29.1661376953125, 0.016144853085279465, 70.85647583007812
-0.8383142948150635, 0.8489563465118408, 0.9361109733581543, -30.014808654785156, 0.009692836552858353, 71.63935089111328
-0.8558955192565918, 0.8718293309211731, 0.9563908576965332, -30.87470817565918, -0.001343809999525547, 72.40689086914062
-0.8736584186553955, 0.8884384036064148, 0.9799109101295471, -31.745441436767578, -0.013744957745075226, 73.16162109375
-0.8882973194122314, 0.9061961770057678, 0.9991247653961182, -32.638099670410156, -0.026497695595026016, 73.90294647216797
-0.9045679569244385, 0.9248865842819214, 1.0192233324050903, -33.539215087890625, -0.03761698678135872, 74.63410186767578
-0.9185442924499512, 0.9429183602333069, 1.038214087486267, -34.45366668701172, -0.046162981539964676, 75.34966278076172
-0.9338088035583496, 0.9628143310546875, 1.0552687644958496, -35.379295349121094, -0.05412384495139122, 76.04655456542969
-0.9472925662994385, 0.9786044359207153, 1.0672212839126587, -36.31513214111328, -0.061285559087991714, 76.72130584716797
-0.9601633548736572, 0.9958832263946533, 1.0841213464736938, -37.26294708251953, -0.06768815219402313, 77.38399505615234
-0.9743101596832275, 1.0091930627822876, 1.0977013111114502, -38.221214294433594, -0.07137928158044815, 78.03437805175781
-0.985267162322998, 1.0240556001663208, 1.111404538154602, -39.18946075439453, -0.06831788271665573, 78.67427062988281
-0.9963126182556152, 1.0456007719039917, 1.1302752494812012, -40.160640716552734, -0.06469777226448059, 79.30764770507812
-1.0064589977264404, 1.0635617971420288, 1.1488698720932007, -41.143760681152344, -0.07023867219686508, 79.92723083496094
-1.017979621887207, 1.0838314294815063, 1.1686238050460815, -42.132911682128906, -0.07562137395143509, 80.53646087646484
-1.0312838554382324, 1.1022469997406006, 1.1848480701446533, -43.12387466430664, -0.0823095440864563, 81.1325454711914
-1.0416483879089355, 1.118680477142334, 1.2018471956253052, -44.12166213989258, -0.08222339302301407, 81.71549987792969
-1.0578136444091797, 1.1313412189483643, 1.22211492061615, -45.127197265625, -0.08144639432430267, 82.28768920898438
-1.074040174484253, 1.1477807760238647, 1.249488353729248, -46.142311096191406, -0.0788007527589798, 82.8405532836914
-1.0852365493774414, 1.165393352508545, 1.273430347442627, -47.16395568847656, -0.07929183542728424, 83.37981414794922
-1.0941789150238037, 1.1798425912857056, 1.2964171171188354, -48.195655822753906, -0.08279125392436981, 83.90721130371094
-1.1045506000518799, 1.1917227506637573, 1.317840576171875, -49.225337982177734, -0.08178311586380005, 84.42543029785156
-1.1147685050964355, 1.2055824995040894, 1.3353615999221802, -50.255699157714844, -0.08293363451957703, 84.93631744384766
-1.1227710247039795, 1.2213959693908691, 1.35062575340271, -51.288787841796875, -0.08846206963062286, 85.43550109863281
-1.131697416305542, 1.2336448431015015, 1.3672945499420166, -52.323455810546875, -0.09001986682415009, 85.93345642089844
-1.1391925811767578, 1.2435886859893799, 1.378164529800415, -53.354122161865234, -0.09136193990707397, 86.42301177978516
-1.1476155519485474, 1.2510449886322021, 1.3948915004730225, -54.38949203491211, -0.09298845380544662, 86.90220642089844
-1.1568562984466553, 1.2559890747070312, 1.411953091621399, -55.427635192871094, -0.09901151806116104, 87.36738586425781
-1.1690616607666016, 1.261461615562439, 1.431469440460205, -56.472415924072266, -0.09880855679512024, 87.83053588867188
-1.1837944984436035, 1.267937421798706, 1.450729250907898, -57.529205322265625, -0.09927622973918915, 88.28856658935547
-1.2006028890609741, 1.2732633352279663, 1.4634215831756592, -58.5977897644043, -0.1009984239935875, 88.72904968261719
-1.2168302536010742, 1.2763104438781738, 1.4764025211334229, -59.680580139160156, -0.10408011078834534, 89.15365600585938
-1.2314205169677734, 1.2837262153625488, 1.4883424043655396, -60.76882553100586, -0.113112673163414, 89.56378936767578
-1.2447274923324585, 1.293299674987793, 1.5005252361297607, -61.86626052856445, -0.12292087078094482, 89.9534912109375
-1.2574793100357056, 1.306041955947876, 1.5131123065948486, -62.973243713378906, -0.13316543400287628, 90.32547760009766
-1.270041584968567, 1.3207435607910156, 1.529545545578003, -64.08539581298828, -0.14478492736816406, 90.68156433105469
-1.2806833982467651, 1.333081603050232, 1.5503393411636353, -65.20143127441406, -0.15199391543865204, 91.02362060546875
-1.2911970615386963, 1.347278356552124, 1.5709953308105469, -66.32064819335938, -0.1604103147983551, 91.35194396972656
-1.3017706871032715, 1.3600082397460938, 1.592240571975708, -67.4446029663086, -0.16720034182071686, 91.6751480102539
-1.3114120960235596, 1.3695647716522217, 1.6188342571258545, -68.56886291503906, -0.16925501823425293, 91.99358367919922
-1.3211299180984497, 1.3813889026641846, 1.6475461721420288, -69.69216918945312, -0.17020539939403534, 92.30086517333984
-1.3279304504394531, 1.3929193019866943, 1.6731970310211182, -70.81369018554688, -0.17147067189216614, 92.59691619873047
-1.3328440189361572, 1.4055728912353516, 1.6939725875854492, -71.93850708007812, -0.17624527215957642, 92.88238525390625
-1.3385671377182007, 1.4176547527313232, 1.7100614309310913, -73.06278991699219, -0.18274658918380737, 93.15789794921875
-1.3430984020233154, 1.43201744556427, 1.7244949340820312, -74.1829833984375, -0.19068238139152527, 93.42210388183594
-1.346131443977356, 1.4462642669677734, 1.7360655069351196, -75.30573272705078, -0.19603024423122406, 93.68484497070312
-1.3472177982330322, 1.4597049951553345, 1.7436429262161255, -76.42994689941406, -0.20203916728496552, 93.94184875488281
-1.3489958047866821, 1.4752161502838135, 1.7510313987731934, -77.5528793334961, -0.21153490245342255, 94.19908905029297
-1.3539927005767822, 1.484869122505188, 1.764187216758728, -78.68118286132812, -0.2164638787508011, 94.45489501953125
-1.3610737323760986, 1.4872971773147583, 1.7740960121154785, -79.81993103027344, -0.22227352857589722, 94.70213317871094
-1.3680922985076904, 1.487993597984314, 1.7856091260910034, -80.95319366455078, -0.22533969581127167, 94.93827056884766
-1.3788777589797974, 1.4926270246505737, 1.7997153997421265, -82.08826446533203, -0.22320593893527985, 95.16504669189453
-1.389973521232605, 1.4976780414581299, 1.8173874616622925, -83.22766876220703, -0.2168702334165573, 95.38385009765625
-1.3995741605758667, 1.5067336559295654, 1.8360694646835327, -84.37051391601562, -0.20956461131572723, 95.5852279663086
-1.4107502698898315, 1.5196369886398315, 1.8545172214508057, -85.51268005371094, -0.2082313597202301, 95.78138732910156
-1.4226665496826172, 1.5317634344100952, 1.8778834342956543, -86.65814208984375, -0.20537248253822327, 95.96977233886719
-1.434414029121399, 1.5478533506393433, 1.9034779071807861, -87.80949401855469, -0.20204439759254456, 96.14679718017578
-1.4427874088287354, 1.561641812324524, 1.9243818521499634, -88.95741271972656, -0.1954229772090912, 96.30792236328125
-1.4479575157165527, 1.5754631757736206, 1.9436066150665283, -90.10842895507812, -0.19036182761192322, 96.4607162475586
-1.4510408639907837, 1.5882441997528076, 1.9626214504241943, -91.2582778930664, -0.1858653873205185, 96.60713958740234
-1.4551036357879639, 1.6028671264648438, 1.9829542636871338, -92.40787506103516, -0.18451905250549316, 96.7455825805664
-1.4597313404083252, 1.6195099353790283, 2.004948139190674, -93.55191802978516, -0.18511345982551575, 96.88429260253906
-1.4639372825622559, 1.63603675365448, 2.026928186416626, -94.69659423828125, -0.189530611038208, 97.00959014892578
-1.474069356918335, 1.6607465744018555, 2.0498790740966797, -95.84819030761719, -0.19552260637283325, 97.12821960449219
-1.483015537261963, 1.6886756420135498, 2.0728564262390137, -96.99567413330078, -0.19753491878509521, 97.23035430908203
-1.4890398979187012, 1.7152795791625977, 2.095332622528076, -98.13513946533203, -0.19879047572612762, 97.33262634277344
-1.49369215965271, 1.7450323104858398, 2.118157386779785, -99.27477264404297, -0.20488138496875763, 97.43201446533203
-1.4980602264404297, 1.775209903717041, 2.14253830909729, -100.4210433959961, -0.21267247200012207, 97.53211975097656
-1.4973372220993042, 1.8041210174560547, 2.163060426712036, -101.5486831665039, -0.22561122477054596, 97.62445068359375
-1.4942476749420166, 1.8289376497268677, 2.1822636127471924, -102.66809844970703, -0.2362052947282791, 97.72306823730469
-1.4854471683502197, 1.8528577089309692, 2.202801465988159, -103.78568267822266, -0.24564597010612488, 97.83106994628906
-1.4788079261779785, 1.873932957649231, 2.2217330932617188, -104.89983367919922, -0.25165092945098877, 97.94515991210938
-1.4783819913864136, 1.8925994634628296, 2.2421154975891113, -106.01284790039062, -0.25985807180404663, 98.06004333496094
-1.4801523685455322, 1.9093403816223145, 2.2622995376586914, -107.12474060058594, -0.26403895020484924, 98.18364715576172
-1.4822171926498413, 1.9242017269134521, 2.2797675132751465, -108.23979949951172, -0.2615230679512024, 98.30374145507812
-1.4853928089141846, 1.942798376083374, 2.292111396789551, -109.3554916381836, -0.25910767912864685, 98.42157745361328
-1.4912383556365967, 1.958522915840149, 2.305107355117798, -110.48345947265625, -0.26205477118492126, 98.5384750366211
-1.4959070682525635, 1.9719562530517578, 2.3173725605010986, -111.61579895019531, -0.26451051235198975, 98.64684295654297
-1.4968562126159668, 1.9886095523834229, 2.328964948654175, -112.75067901611328, -0.26667702198028564, 98.74676513671875
-1.4990122318267822, 2.0091288089752197, 2.34493088722229, -113.88856506347656, -0.2682736814022064, 98.8439712524414
-1.5042868852615356, 2.0298140048980713, 2.3576552867889404, -115.03348541259766, -0.2656882107257843, 98.93738555908203
-1.5063916444778442, 2.0493860244750977, 2.3744730949401855, -116.1808853149414, -0.2727552056312561, 99.02273559570312
-1.5065492391586304, 2.068574905395508, 2.391652822494507, -117.329345703125, -0.28087058663368225, 99.09910583496094
-1.5045021772384644, 2.0862369537353516, 2.404155731201172, -118.47481536865234, -0.288394570350647, 99.17420959472656
-1.5017061233520508, 2.102703094482422, 2.420229196548462, -119.62821960449219, -0.2975897789001465, 99.24982452392578
-1.4977890253067017, 2.121417999267578, 2.4325852394104004, -120.78349304199219, -0.3053886592388153, 99.33544921875
-1.4919440746307373, 2.141911506652832, 2.448863983154297, -121.94022369384766, -0.3103475570678711, 99.42371368408203
-1.4893807172775269, 2.1604628562927246, 2.465644359588623, -123.09427642822266, -0.3130373954772949, 99.52021789550781
-1.4894050359725952, 2.1800589561462402, 2.479156017303467, -124.24097442626953, -0.3150642514228821, 99.6201400756836
-1.4863625764846802, 2.1990292072296143, 2.490483045578003, -125.38323211669922, -0.3162324130535126, 99.71831512451172
-1.481787085533142, 2.2210395336151123, 2.50578236579895, -126.52869415283203, -0.3194501996040344, 99.82209777832031
-1.4750285148620605, 2.240384817123413, 2.520667791366577, -127.67266082763672, -0.3295005261898041, 99.92781066894531
-1.4698283672332764, 2.2620701789855957, 2.5334320068359375, -128.82398986816406, -0.34349411725997925, 100.0412368774414
-1.468101978302002, 2.28084397315979, 2.545968770980835, -129.97557067871094, -0.3596089780330658, 100.15748596191406
-1.465771198272705, 2.3007020950317383, 2.561150312423706, -131.12657165527344, -0.37280914187431335, 100.27533721923828
-1.4651509523391724, 2.319499969482422, 2.5760951042175293, -132.27581787109375, -0.38242843747138977, 100.39826202392578
-1.4619321823120117, 2.338050603866577, 2.5911214351654053, -133.41920471191406, -0.39475467801094055, 100.52151489257812
-1.4614906311035156, 2.3552494049072266, 2.6060197353363037, -134.5608367919922, -0.40282273292541504, 100.65174102783203
-1.456300139427185, 2.373898506164551, 2.622182607650757, -135.71578979492188, -0.4050081670284271, 100.78380584716797
-1.4520503282546997, 2.393953800201416, 2.6412060260772705, -136.86204528808594, -0.40898191928863525, 100.92107391357422
-1.4484533071517944, 2.416095495223999, 2.6578140258789062, -138.00279235839844, -0.41372013092041016, 101.06133270263672
-1.4429426193237305, 2.4355719089508057, 2.6748147010803223, -139.14341735839844, -0.4150385856628418, 101.20816802978516
-1.4398235082626343, 2.4528048038482666, 2.6891977787017822, -140.27978515625, -0.422456830739975, 101.35831451416016
-1.4351894855499268, 2.466322183609009, 2.7037947177886963, -141.4187774658203, -0.4345729649066925, 101.51235961914062
-1.4301395416259766, 2.4783151149749756, 2.722327947616577, -142.5572509765625, -0.4438588321208954, 101.6821517944336
-1.4215872287750244, 2.491337776184082, 2.7442820072174072, -143.69615173339844, -0.4506336450576782, 101.86234283447266
-1.4111533164978027, 2.5085296630859375, 2.7670373916625977, -144.83131408691406, -0.4516230821609497, 102.05341339111328
-1.3994901180267334, 2.521583080291748, 2.79056978225708, -145.9658203125, -0.4466176927089691, 102.25355529785156
-1.3842754364013672, 2.536712646484375, 2.8120903968811035, -147.09228515625, -0.4444306194782257, 102.4669189453125
-1.373081088066101, 2.550485610961914, 2.8347904682159424, -148.21511840820312, -0.4386914372444153, 102.69654846191406
-1.3651591539382935, 2.5675861835479736, 2.8574492931365967, -149.34217834472656, -0.4385279417037964, 102.93905639648438
-1.360159993171692, 2.5834152698516846, 2.8802404403686523, -150.4705047607422, -0.44090649485588074, 103.19535064697266
-1.3559669256210327, 2.6044325828552246, 2.902116298675537, -151.60169982910156, -0.44189512729644775, 103.45497131347656
-1.3593285083770752, 2.624669075012207, 2.923325300216675, -152.7279815673828, -0.44081974029541016, 103.71842956542969
-1.3642830848693848, 2.639552354812622, 2.94079852104187, -153.86077880859375, -0.44162434339523315, 103.9734115600586
-1.3675267696380615, 2.6528170108795166, 2.9609556198120117, -154.9977264404297, -0.4402782618999481, 104.22591400146484
-1.3677469491958618, 2.6658782958984375, 2.9809513092041016, -156.146728515625, -0.44066762924194336, 104.47573852539062
-1.3687037229537964, 2.6746745109558105, 2.9995481967926025, -157.30812072753906, -0.44079840183258057, 104.72907257080078
-1.3681100606918335, 2.6848866939544678, 3.0204243659973145, -158.47024536132812, -0.44401004910469055, 104.97203063964844
-1.3654061555862427, 2.6911072731018066, 3.0426523685455322, -159.630126953125, -0.45334187150001526, 105.2137222290039
-1.3594640493392944, 2.696565628051758, 3.063474655151367, -160.78163146972656, -0.4611565172672272, 105.45915222167969
-1.3536120653152466, 2.7040586471557617, 3.0860986709594727, -161.939208984375, -0.4658213257789612, 105.71070861816406
-1.3435336351394653, 2.7110679149627686, 3.1076183319091797, -163.09442138671875, -0.4686754643917084, 105.96797943115234
-1.334685206413269, 2.7188119888305664, 3.131931781768799, -164.24395751953125, -0.4766324758529663, 106.23995208740234
-1.3210945129394531, 2.7260379791259766, 3.1531975269317627, -165.392578125, -0.4933817982673645, 106.52328491210938
-1.307230830192566, 2.7348740100860596, 3.172043800354004, -166.5363006591797, -0.5131320357322693, 106.82220458984375
-1.2942168712615967, 2.743391752243042, 3.1916377544403076, -167.6747589111328, -0.5323156118392944, 107.13706970214844
-1.2824021577835083, 2.7505226135253906, 3.211611032485962, -168.80081176757812, -0.5503754019737244, 107.46426391601562
-1.2687339782714844, 2.757652521133423, 3.2335526943206787, -169.9241943359375, -0.5669136643409729, 107.80075073242188
-1.2558481693267822, 2.763643503189087, 3.2539865970611572, -171.04513549804688, -0.5841637253761292, 108.15284729003906
-1.2427409887313843, 2.7692649364471436, 3.2699923515319824, -172.1623077392578, -0.6000855565071106, 108.52112579345703
-1.229040265083313, 2.774348020553589, 3.285283327102661, -173.2842254638672, -0.6129195690155029, 108.90422821044922
-1.2146729230880737, 2.7807774543762207, 3.299764394760132, -174.4051971435547, -0.6244779825210571, 109.30538177490234
-1.2018030881881714, 2.785580635070801, 3.3160386085510254, -175.5252227783203, -0.6332789063453674, 109.72528839111328
-1.189374566078186, 2.7911300659179688, 3.334071636199951, -176.63478088378906, -0.6428488492965698, 110.16169738769531
-1.1745151281356812, 2.797585964202881, 3.3542380332946777, -177.73260498046875, -0.6511330604553223, 110.61307525634766
-1.1583205461502075, 2.8025712966918945, 3.3770511150360107, -178.8153839111328, -0.6577255725860596, 111.0809555053711
-1.1406631469726562, 2.8073365688323975, 3.4005579948425293, -179.8887481689453, -0.6621301174163818, 111.56620788574219
-1.1244385242462158, 2.813244342803955, 3.427156686782837, -180.95013427734375, -0.6655731201171875, 112.0673599243164
-1.1123192310333252, 2.819434881210327, 3.4542455673217773, -181.99844360351562, -0.6709275841712952, 112.58011627197266
-1.100769281387329, 2.8203439712524414, 3.478806257247925, -183.03778076171875, -0.6773916482925415, 113.10333251953125
-1.0910379886627197, 2.8201043605804443, 3.5031676292419434, -184.07080078125, -0.6835005283355713, 113.64250946044922
-1.082123041152954, 2.82332181930542, 3.5261828899383545, -185.10060119628906, -0.6935969591140747, 114.19622802734375
-1.0735080242156982, 2.8269293308258057, 3.546069860458374, -186.12879943847656, -0.7028323411941528, 114.76243591308594
-1.0647737979888916, 2.8315603733062744, 3.565093755722046, -187.1555938720703, -0.7156281471252441, 115.33343505859375
-1.055990219116211, 2.83365797996521, 3.585204839706421, -188.17990112304688, -0.7317527532577515, 115.91786193847656
-1.0459284782409668, 2.835853338241577, 3.606417655944824, -189.20050048828125, -0.746854305267334, 116.51180267333984
-1.0367138385772705, 2.84136700630188, 3.6275012493133545, -190.21331787109375, -0.7581896781921387, 117.11901092529297
-1.02854585647583, 2.848917007446289, 3.64813494682312, -191.21620178222656, -0.7710838913917542, 117.73240661621094
-1.0226895809173584, 2.8605220317840576, 3.6705076694488525, -192.2176055908203, -0.7831562757492065, 118.35604858398438
-1.016939401626587, 2.87562894821167, 3.6928341388702393, -193.21693420410156, -0.794262170791626, 118.98487854003906
-1.0104517936706543, 2.890623092651367, 3.712501287460327, -194.20933532714844, -0.8039395809173584, 119.61544799804688
-0.9997189044952393, 2.9021151065826416, 3.7318520545959473, -195.19664001464844, -0.8156009316444397, 120.24987030029297
-0.9881277084350586, 2.912996292114258, 3.7481703758239746, -196.17776489257812, -0.8255042433738708, 120.89209747314453
-0.9774200916290283, 2.921035051345825, 3.7639925479888916, -197.15237426757812, -0.8417640328407288, 121.54568481445312
-0.9641737937927246, 2.9282801151275635, 3.7799906730651855, -198.11798095703125, -0.8596220016479492, 122.21282196044922
-0.9504790306091309, 2.9357502460479736, 3.7928459644317627, -199.0673828125, -0.877513587474823, 122.88851928710938
-0.9385123252868652, 2.9473137855529785, 3.801814317703247, -200.01092529296875, -0.8929386138916016, 123.57634735107422
-0.9286577701568604, 2.954765558242798, 3.809807300567627, -200.9475860595703, -0.9067462682723999, 124.27645874023438
-0.9185731410980225, 2.9618282318115234, 3.819155216217041, -201.87730407714844, -0.9190067648887634, 124.98900604248047
-0.9080810546875, 2.967088222503662, 3.8280224800109863, -202.8052520751953, -0.9321324825286865, 125.70665740966797
-0.8944122791290283, 2.9729020595550537, 3.836928606033325, -203.73220825195312, -0.9436474442481995, 126.43468475341797
-0.8820888996124268, 2.98087739944458, 3.8500537872314453, -204.64645385742188, -0.9508267045021057, 127.17328643798828
-0.8686549663543701, 2.9901909828186035, 3.862940788269043, -205.55101013183594, -0.9577981233596802, 127.92135620117188
-0.8545897006988525, 2.9992806911468506, 3.8777408599853516, -206.44488525390625, -0.9645782113075256, 128.68186950683594
-0.8408918380737305, 3.0073609352111816, 3.8915278911590576, -207.32362365722656, -0.9626508355140686, 129.45335388183594
-0.8287534713745117, 3.0180118083953857, 3.9060537815093994, -208.19102478027344, -0.9561288356781006, 130.24143981933594
-0.815265417098999, 3.028651237487793, 3.916126251220703, -209.0516815185547, -0.9463921189308167, 131.04287719726562
-0.8030893802642822, 3.0390114784240723, 3.9251856803894043, -209.90122985839844, -0.935599684715271, 131.8546905517578
-0.7911055088043213, 3.0516650676727295, 3.9343583583831787, -210.73741149902344, -0.9251987338066101, 132.67910766601562
-0.7798640727996826, 3.065225601196289, 3.9459338188171387, -211.5601043701172, -0.9168469905853271, 133.5147705078125
-0.7676315307617188, 3.08235764503479, 3.9542603492736816, -212.3731689453125, -0.9125908613204956, 134.3571014404297
-0.756298303604126, 3.097090244293213, 3.9629533290863037, -213.17562866210938, -0.9096003174781799, 135.20852661132812
-0.7469205856323242, 3.110351800918579, 3.9746077060699463, -213.97119140625, -0.9062071442604065, 136.07284545898438
-0.7376246452331543, 3.122123956680298, 3.98763370513916, -214.76385498046875, -0.8992810845375061, 136.94424438476562
-0.730095386505127, 3.133615016937256, 4.002866268157959, -215.5533905029297, -0.890984058380127, 137.8189239501953
-0.7220840454101562, 3.1450841426849365, 4.017657279968262, -216.3367462158203, -0.8834052681922913, 138.69776916503906
-0.7158231735229492, 3.1536054611206055, 4.031519889831543, -217.1112823486328, -0.8729674816131592, 139.5769500732422
-0.7102987766265869, 3.160360813140869, 4.045375823974609, -217.8795166015625, -0.8668668866157532, 140.46322631835938
-0.7057063579559326, 3.166584014892578, 4.05775260925293, -218.6446990966797, -0.8620311617851257, 141.34959411621094
-0.7003018856048584, 3.171987771987915, 4.071023941040039, -219.4082489013672, -0.8608744740486145, 142.2447967529297
-0.692234992980957, 3.1740047931671143, 4.087761402130127, -220.1664276123047, -0.8647711873054504, 143.1464080810547
-0.6859536170959473, 3.176783323287964, 4.104190826416016, -220.92311096191406, -0.8678268790245056, 144.05844116210938
-0.6811859607696533, 3.178807258605957, 4.119498252868652, -221.6786651611328, -0.8698029518127441, 144.97518920898438
-0.6761765480041504, 3.1834917068481445, 4.132293224334717, -222.42861938476562, -0.86891108751297, 145.89332580566406
-0.6736972332000732, 3.1878089904785156, 4.145939350128174, -223.17544555664062, -0.8661482334136963, 146.8173065185547
-0.6698925495147705, 3.1897032260894775, 4.160243034362793, -223.91497802734375, -0.8606178164482117, 147.74005126953125
-0.6649434566497803, 3.1919941902160645, 4.173879623413086, -224.65065002441406, -0.8541828989982605, 148.6649932861328
-0.6586892604827881, 3.19477915763855, 4.1884870529174805, -225.3807373046875, -0.8506971001625061, 149.58705139160156
-0.6529335975646973, 3.20103120803833, 4.204891204833984, -226.10690307617188, -0.8470876812934875, 150.51768493652344
-0.6447150707244873, 3.210909128189087, 4.21976900100708, -226.8273468017578, -0.8391864895820618, 151.4523468017578
-0.635528564453125, 3.219160795211792, 4.233671188354492, -227.54127502441406, -0.8309366106987, 152.39361572265625
-0.6260099411010742, 3.228541135787964, 4.247716903686523, -228.24484252929688, -0.8213229775428772, 153.3441162109375
-0.6152539253234863, 3.2392053604125977, 4.260417461395264, -228.943603515625, -0.8106961846351624, 154.3046875
-0.6035127639770508, 3.2506613731384277, 4.278208255767822, -229.63584899902344, -0.8019779324531555, 155.27432250976562
-0.5927655696868896, 3.2601780891418457, 4.29810094833374, -230.31304931640625, -0.7946564555168152, 156.25173950195312
-0.5814998149871826, 3.269818067550659, 4.314319610595703, -230.97708129882812, -0.7859996557235718, 157.2393341064453
-0.5735571384429932, 3.278386354446411, 4.3280110359191895, -231.63217163085938, -0.7761467695236206, 158.23040771484375
-0.5671103000640869, 3.28753662109375, 4.339674949645996, -232.27781677246094, -0.7679688334465027, 159.22833251953125
-0.5605409145355225, 3.301337718963623, 4.352296829223633, -232.9171142578125, -0.7587119340896606, 160.22994995117188
-0.5570991039276123, 3.318016767501831, 4.365923881530762, -233.5496368408203, -0.748417854309082, 161.23568725585938
-0.5564479827880859, 3.332343339920044, 4.3776044845581055, -234.18167114257812, -0.7401427626609802, 162.2460479736328
-0.551738977432251, 3.3434715270996094, 4.386063098907471, -234.81092834472656, -0.7274788618087769, 163.25408935546875
-0.5489311218261719, 3.35689640045166, 4.3924689292907715, -235.42926025390625, -0.7138503789901733, 164.26687622070312
-0.5468330383300781, 3.366274833679199, 4.39619779586792, -236.04306030273438, -0.701667070388794, 165.27684020996094
-0.5452535152435303, 3.379748821258545, 4.402960300445557, -236.652587890625, -0.6891566514968872, 166.2921142578125
-0.5449604988098145, 3.3886828422546387, 4.412010669708252, -237.25860595703125, -0.6815907955169678, 167.3043975830078
-0.5433800220489502, 3.3946280479431152, 4.42350435256958, -237.86122131347656, -0.672352135181427, 168.3135986328125
-0.5416843891143799, 3.396796703338623, 4.435812950134277, -238.46279907226562, -0.661385178565979, 169.3172607421875
-0.5384252071380615, 3.3938987255096436, 4.443318843841553, -239.0623016357422, -0.65122389793396, 170.32228088378906
-0.5404200553894043, 3.3954100608825684, 4.446086406707764, -239.65003967285156, -0.6451272964477539, 171.32496643066406
-0.5393853187561035, 3.4050707817077637, 4.450169563293457, -240.2347412109375, -0.6379736661911011, 172.3195037841797
-0.535536527633667, 3.417693853378296, 4.455753803253174, -240.82028198242188, -0.6296145915985107, 173.3169708251953
-0.528740406036377, 3.434530258178711, 4.460748672485352, -241.40304565429688, -0.6220806241035461, 174.3175048828125
-0.5216519832611084, 3.4554896354675293, 4.465329170227051, -241.98016357421875, -0.6145883798599243, 175.3147430419922
-0.5111510753631592, 3.4771454334259033, 4.469231128692627, -242.55104064941406, -0.6058550477027893, 176.3131866455078
-0.5018856525421143, 3.500981569290161, 4.47152853012085, -243.10299682617188, -0.6017211675643921, 177.31602478027344
-0.4946744441986084, 3.5265371799468994, 4.471656799316406, -243.64337158203125, -0.5964938998222351, 178.32843017578125
-0.486508846282959, 3.5489723682403564, 4.4736833572387695, -244.1773223876953, -0.5937381982803345, 179.3473358154297
-0.47853612899780273, 3.572939872741699, 4.477291584014893, -244.70968627929688, -0.597395658493042, 180.36802673339844
-0.47452831268310547, 3.594459056854248, 4.48785924911499, -245.23318481445312, -0.6009882092475891, 181.3904266357422
-0.4757845401763916, 3.615267515182495, 4.498033046722412, -245.75128173828125, -0.6075349450111389, 182.41229248046875
-0.4802372455596924, 3.6358041763305664, 4.5088324546813965, -246.26869201660156, -0.6095620393753052, 183.42269897460938
-0.48445892333984375, 3.651454448699951, 4.519820690155029, -246.79086303710938, -0.604138195514679, 184.43310546875
-0.48302316665649414, 3.6611547470092773, 4.5286054611206055, -247.31771850585938, -0.6006067991256714, 185.4466094970703
-0.4815528392791748, 3.669013500213623, 4.536449432373047, -247.841064453125, -0.6024206280708313, 186.4598846435547
-0.47994232177734375, 3.6799240112304688, 4.543609619140625, -248.3594512939453, -0.6042333245277405, 187.48098754882812
-0.4762003421783447, 3.6908044815063477, 4.554267406463623, -248.88833618164062, -0.608471691608429, 188.4998779296875
-0.47309374809265137, 3.7011868953704834, 4.567785263061523, -249.4121856689453, -0.6177088022232056, 189.517578125
-0.4718196392059326, 3.7103419303894043, 4.581078052520752, -249.93716430664062, -0.6237121224403381, 190.53082275390625
-0.4725301265716553, 3.723689079284668, 4.5919599533081055, -250.4597930908203, -0.6310612559318542, 191.5457763671875
-0.47164297103881836, 3.738567352294922, 4.602758884429932, -250.9801483154297, -0.6370432376861572, 192.5613250732422
-0.4698617458343506, 3.7521579265594482, 4.61743688583374, -251.49546813964844, -0.6394495964050293, 193.5807342529297
-0.4698958396911621, 3.757302761077881, 4.630887985229492, -252.0115966796875, -0.6413590908050537, 194.60177612304688
-0.46676039695739746, 3.760173797607422, 4.645219802856445, -252.52706909179688, -0.6440596580505371, 195.6224365234375
-0.4648170471191406, 3.7669694423675537, 4.658085346221924, -253.03436279296875, -0.642504870891571, 196.64520263671875
-0.4648253917694092, 3.7792856693267822, 4.66961669921875, -253.53695678710938, -0.6410662531852722, 197.6761932373047
-0.46286511421203613, 3.7915821075439453, 4.679779529571533, -254.0435333251953, -0.6424807906150818, 198.70974731445312
-0.4659857749938965, 3.8037898540496826, 4.690577983856201, -254.54470825195312, -0.6472089290618896, 199.74391174316406
-0.46947622299194336, 3.8195667266845703, 4.70241117477417, -255.05137634277344, -0.6451727151870728, 200.779541015625
-0.4720587730407715, 3.8388311862945557, 4.718360900878906, -255.5662841796875, -0.6419200301170349, 201.81182861328125
-0.4744832515716553, 3.860957384109497, 4.734706401824951, -256.0914611816406, -0.6442657709121704, 202.84268188476562
-0.4754185676574707, 3.8841912746429443, 4.751594543457031, -256.624755859375, -0.6434658765792847, 203.86898803710938
-0.4772036075592041, 3.9042017459869385, 4.76807165145874, -257.16162109375, -0.6441009044647217, 204.8902130126953
-0.47783637046813965, 3.9185736179351807, 4.7872233390808105, -257.6957702636719, -0.6431493759155273, 205.91600036621094
-0.47811150550842285, 3.931002140045166, 4.807648658752441, -258.2242431640625, -0.638491153717041, 206.94102478027344
-0.4769160747528076, 3.9463751316070557, 4.827603816986084, -258.7453918457031, -0.6380230188369751, 207.97024536132812
-0.47562456130981445, 3.9655182361602783, 4.843690395355225, -259.2712707519531, -0.6422112584114075, 208.99989318847656
-0.4779243469238281, 3.9877970218658447, 4.86391544342041, -259.7929992675781, -0.6461635828018188, 210.03411865234375
-0.48331141471862793, 4.015384197235107, 4.883861541748047, -260.3186950683594, -0.6550461053848267, 211.06192016601562
-0.49220776557922363, 4.039379596710205, 4.901210784912109, -260.8563537597656, -0.6696826815605164, 212.0810546875
-0.5027961730957031, 4.0597429275512695, 4.916844844818115, -261.4036865234375, -0.680163562297821, 213.0970001220703
-0.511040449142456, 4.0736494064331055, 4.930608749389648, -261.9608154296875, -0.6845000982284546, 214.1043243408203
-0.516777753829956, 4.0844035148620605, 4.943301677703857, -262.53009033203125, -0.6871256828308105, 215.10556030273438
-0.5209701061248779, 4.089539051055908, 4.958658218383789, -263.1055603027344, -0.6846284866333008, 216.10829162597656
-0.5242977142333984, 4.093379974365234, 4.975420951843262, -263.68310546875, -0.6798365116119385, 217.10537719726562
-0.5303378105163574, 4.098293304443359, 4.9922614097595215, -264.25457763671875, -0.6772932410240173, 218.09938049316406
-0.5379428863525391, 4.105959415435791, 5.0089592933654785, -264.82855224609375, -0.6773861646652222, 219.0954132080078
-0.548166036605835, 4.118582248687744, 5.029719829559326, -265.4030456542969, -0.6761564016342163, 220.0953369140625
-0.5572874546051025, 4.128880023956299, 5.047552585601807, -265.9911193847656, -0.6776411533355713, 221.08856201171875
-0.5667438507080078, 4.139371871948242, 5.065332412719727, -266.592529296875, -0.6797868609428406, 222.072998046875
-0.576653242111206, 4.154170989990234, 5.0807671546936035, -267.20587158203125, -0.684253990650177, 223.0533905029297
-0.5868279933929443, 4.168271064758301, 5.096235275268555, -267.8333740234375, -0.6943625211715698, 224.02098083496094
-0.5937278270721436, 4.182353973388672, 5.108952522277832, -268.46417236328125, -0.7040022015571594, 224.9834747314453
-0.5999882221221924, 4.196767807006836, 5.122076988220215, -269.1007995605469, -0.7116437554359436, 225.9369659423828
-0.6028492450714111, 4.210211753845215, 5.134984016418457, -269.7445373535156, -0.7155508995056152, 226.88063049316406
-0.608673095703125, 4.222064971923828, 5.148346424102783, -270.3907165527344, -0.7183763980865479, 227.82281494140625
-0.614267110824585, 4.232366561889648, 5.157859802246094, -271.0431823730469, -0.7174708843231201, 228.7550506591797
-0.6231098175048828, 4.241330623626709, 5.166171550750732, -271.6988830566406, -0.7171844244003296, 229.68380737304688
-0.6309196949005127, 4.244147300720215, 5.171174049377441, -272.36376953125, -0.7139567136764526, 230.6108856201172
-0.6411981582641602, 4.250121593475342, 5.179895877838135, -273.0314636230469, -0.7076370716094971, 231.5364990234375
-0.6475992202758789, 4.260542392730713, 5.187670707702637, -273.70721435546875, -0.7058840990066528, 232.45973205566406
-0.652825117111206, 4.268527030944824, 5.194930553436279, -274.3892517089844, -0.7006179094314575, 233.3777313232422
-0.6586222648620605, 4.279965877532959, 5.203187465667725, -275.0704040527344, -0.6996155381202698, 234.2947235107422
-0.6630189418792725, 4.293032646179199, 5.212561130523682, -275.759033203125, -0.6983529925346375, 235.212890625
-0.6688823699951172, 4.307345390319824, 5.2238688468933105, -276.4581298828125, -0.7027928829193115, 236.12594604492188
-0.6754648685455322, 4.3235015869140625, 5.2374796867370605, -277.1608581542969, -0.7131900191307068, 237.03524780273438
-0.6816914081573486, 4.341444969177246, 5.250034809112549, -277.8730773925781, -0.7283748984336853, 237.93817138671875
-0.6856303215026855, 4.361299991607666, 5.26294469833374, -278.5938415527344, -0.7400560975074768, 238.84255981445312
-0.6879251003265381, 4.378244400024414, 5.274941444396973, -279.32867431640625, -0.7449109554290771, 239.73788452148438
-0.6936113834381104, 4.3954081535339355, 5.28801155090332, -280.0717468261719, -0.7480266094207764, 240.6286163330078
-0.69986891746521, 4.41285514831543, 5.304415702819824, -280.817138671875, -0.7472877502441406, 241.5137176513672
-0.705432653427124, 4.429115295410156, 5.3219451904296875, -281.56634521484375, -0.7437266707420349, 242.39842224121094
-0.7097556591033936, 4.4445881843566895, 5.342796325683594, -282.3135681152344, -0.7330434322357178, 243.27978515625
-0.7127950191497803, 4.4615020751953125, 5.366109848022461, -283.060546875, -0.7246700525283813, 244.15597534179688
-0.7196271419525146, 4.470308780670166, 5.389702320098877, -283.8034362792969, -0.7113660573959351, 245.02066040039062
-0.7287237644195557, 4.47360897064209, 5.412830829620361, -284.552978515625, -0.7037890553474426, 245.88075256347656
-0.7367949485778809, 4.478078365325928, 5.434083461761475, -285.31365966796875, -0.6967025399208069, 246.73757934570312
-0.7433836460113525, 4.4838457107543945, 5.453484058380127, -286.0869140625, -0.6867834329605103, 247.5896759033203
-0.748284101486206, 4.491031646728516, 5.472565174102783, -286.8629150390625, -0.6759620904922485, 248.4401092529297
-0.7479674816131592, 4.503221035003662, 5.493678569793701, -287.6445617675781, -0.6657313108444214, 249.29066467285156
-0.7469654083251953, 4.514699459075928, 5.514467239379883, -288.4219055175781, -0.6572712659835815, 250.14564514160156
-0.7474470138549805, 4.525341987609863, 5.533010482788086, -289.1914367675781, -0.6487549543380737, 251.00039672851562
-0.7477734088897705, 4.536044597625732, 5.5506205558776855, -289.96380615234375, -0.6421421766281128, 251.85299682617188
-0.7478432655334473, 4.548452854156494, 5.568246364593506, -290.73590087890625, -0.6355747580528259, 252.70347595214844
-0.7469723224639893, 4.56366491317749, 5.586556434631348, -291.512451171875, -0.6291773915290833, 253.55313110351562
-0.7488915920257568, 4.577262878417969, 5.6039018630981445, -292.29736328125, -0.6248489618301392, 254.39801025390625
-0.7545187473297119, 4.591519355773926, 5.617853164672852, -293.08563232421875, -0.6215274333953857, 255.23709106445312
-0.7604937553405762, 4.603396892547607, 5.632992744445801, -293.87579345703125, -0.6264297962188721, 256.0742492675781
-0.764150857925415, 4.614016532897949, 5.645951747894287, -294.6707458496094, -0.6303591132164001, 256.9028625488281
-0.7693471908569336, 4.625446319580078, 5.661260604858398, -295.4718017578125, -0.6328451633453369, 257.7311706542969
-0.7739274501800537, 4.634925842285156, 5.679991245269775, -296.2837829589844, -0.6367096304893494, 258.56072998046875
-0.7826910018920898, 4.641656875610352, 5.699052333831787, -297.0964050292969, -0.6302898526191711, 259.3861999511719
-0.7924797534942627, 4.6505632400512695, 5.718055725097656, -297.90966796875, -0.6289116740226746, 260.20294189453125
-0.805072546005249, 4.662182807922363, 5.736105918884277, -298.7312927246094, -0.6271976232528687, 261.0074768066406
-0.818861722946167, 4.672446250915527, 5.754101276397705, -299.5575866699219, -0.630122184753418, 261.8030700683594
-0.833331823348999, 4.681460857391357, 5.770747184753418, -300.3922119140625, -0.6369544267654419, 262.58837890625
-0.8461644649505615, 4.695988178253174, 5.78536319732666, -301.2387390136719, -0.6470553278923035, 263.3605651855469
-0.857569694519043, 4.714324951171875, 5.797200679779053, -302.1015930175781, -0.6589802503585815, 264.1188049316406
-0.8648784160614014, 4.73518705368042, 5.814321994781494, -302.97662353515625, -0.6676647067070007, 264.86956787109375
-0.8701980113983154, 4.7587571144104, 5.832614898681641, -303.8614196777344, -0.676741361618042, 265.61920166015625
-0.8784444332122803, 4.781657695770264, 5.85109806060791, -304.7458801269531, -0.6853387951850891, 266.3673095703125
-0.8857700824737549, 4.809266090393066, 5.868525981903076, -305.6383056640625, -0.6898905038833618, 267.110595703125
-0.8947494029998779, 4.832679748535156, 5.886284828186035, -306.53936767578125, -0.6908660531044006, 267.8418273925781
-0.9019153118133545, 4.854280471801758, 5.905105113983154, -307.44476318359375, -0.6911542415618896, 268.5589294433594
-0.9078593254089355, 4.874490261077881, 5.922612190246582, -308.35528564453125, -0.6912820339202881, 269.26947021484375
-0.91109299659729, 4.894901752471924, 5.93925142288208, -309.2687683105469, -0.6942533850669861, 269.9723815917969
-0.91341233253479, 4.9118828773498535, 5.955549716949463, -310.1817626953125, -0.6938939690589905, 270.67034912109375
-0.9181003570556641, 4.928623676300049, 5.971892356872559, -311.0946350097656, -0.6927844285964966, 271.3658752441406
-0.922499418258667, 4.948036193847656, 5.985595703125, -312.01263427734375, -0.6890504956245422, 272.06048583984375
-0.9227473735809326, 4.970171928405762, 5.999477386474609, -312.9352722167969, -0.6885172128677368, 272.7505187988281
-0.9227888584136963, 4.9918742179870605, 6.014647483825684, -313.8631286621094, -0.6880280375480652, 273.4434814453125
-0.9232187271118164, 5.012125492095947, 6.029491424560547, -314.79229736328125, -0.6935108304023743, 274.1310729980469
-0.9195787906646729, 5.031374931335449, 6.044049263000488, -315.7182922363281, -0.6973419189453125, 274.8175964355469
-0.9171745777130127, 5.050290584564209, 6.062066078186035, -316.6369934082031, -0.702052116394043, 275.5130615234375
-0.91141676902771, 5.068787097930908, 6.078126907348633, -317.5476989746094, -0.7118223905563354, 276.2120056152344
-0.9079294204711914, 5.088509559631348, 6.097738742828369, -318.4508361816406, -0.7207620143890381, 276.9148864746094
-0.9047353267669678, 5.108066082000732, 6.121798515319824, -319.3463134765625, -0.7317420840263367, 277.62493896484375
-0.9004077911376953, 5.1234283447265625, 6.145057201385498, -320.2440490722656, -0.7417135834693909, 278.3467102050781
-0.8953859806060791, 5.134778022766113, 6.16535758972168, -321.1376953125, -0.7490320205688477, 279.0753173828125
-0.8886327743530273, 5.145331382751465, 6.188653945922852, -322.02728271484375, -0.7499017119407654, 279.80999755859375
-0.881188154220581, 5.151607990264893, 6.209769248962402, -322.9126281738281, -0.7478471994400024, 280.54656982421875
-0.874169111251831, 5.160366535186768, 6.224353790283203, -323.8009338378906, -0.7410204410552979, 281.2882385253906
-0.8668200969696045, 5.170369625091553, 6.238981246948242, -324.6829833984375, -0.7391078472137451, 282.0304260253906
-0.8598148822784424, 5.181698799133301, 6.251422882080078, -325.5606994628906, -0.7371500730514526, 282.7738342285156
-0.8512547016143799, 5.198122978210449, 6.262395858764648, -326.4267272949219, -0.7373828887939453, 283.5242919921875
-0.843191385269165, 5.217919826507568, 6.272923946380615, -327.2873840332031, -0.7390912771224976, 284.27593994140625
-0.8387155532836914, 5.236041069030762, 6.281867980957031, -328.1388244628906, -0.7414601445198059, 285.0335693359375
-0.832352876663208, 5.251572132110596, 6.293041229248047, -328.9829406738281, -0.7429324984550476, 285.7929992675781
-0.8246619701385498, 5.269507884979248, 6.301870346069336, -329.8236083984375, -0.7426372766494751, 286.5592041015625
-0.8203809261322021, 5.291690349578857, 6.312167644500732, -330.6600341796875, -0.7426440715789795, 287.3345031738281
-0.8145520687103271, 5.317655086517334, 6.32165002822876, -331.494384765625, -0.7430624961853027, 288.1164855957031
-0.805323600769043, 5.341334342956543, 6.334791660308838, -332.31976318359375, -0.7461717128753662, 288.9036865234375
-0.7950432300567627, 5.361789703369141, 6.351004600524902, -333.143310546875, -0.7481772303581238, 289.7047424316406
-0.7853939533233643, 5.381858825683594, 6.367262840270996, -333.96368408203125, -0.7545812726020813, 290.5172424316406
-0.7775843143463135, 5.394974708557129, 6.378560543060303, -334.7740783691406, -0.7550451159477234, 291.32818603515625
-0.7718172073364258, 5.40293025970459, 6.389789581298828, -335.5780334472656, -0.7485531568527222, 292.1493835449219
-0.7719016075134277, 5.410228252410889, 6.401430606842041, -336.3795166015625, -0.7420188784599304, 292.96966552734375
-0.7694182395935059, 5.419608116149902, 6.4121880531311035, -337.1883239746094, -0.7390093803405762, 293.7963562011719
-0.7680025100708008, 5.428079605102539, 6.424052715301514, -337.99334716796875, -0.7367962002754211, 294.6279602050781
-0.76601243019104, 5.435240745544434, 6.437864303588867, -338.8005676269531, -0.7345897555351257, 295.4638366699219
-0.7646169662475586, 5.438215732574463, 6.450613498687744, -339.6051940917969, -0.7301074862480164, 296.3077392578125
-0.762317419052124, 5.439289569854736, 6.464576244354248, -340.4053955078125, -0.7248240113258362, 297.15185546875
-0.7592556476593018, 5.441827297210693, 6.479579448699951, -341.2008056640625, -0.7195447087287903, 298.002685546875
-0.7557637691497803, 5.4439568519592285, 6.49256706237793, -341.99212646484375, -0.7141978740692139, 298.8515930175781
-0.7503042221069336, 5.445390224456787, 6.502439975738525, -342.78326416015625, -0.7082135081291199, 299.70013427734375
-0.7437775135040283, 5.448001384735107, 6.511048793792725, -343.5648498535156, -0.7007846236228943, 300.5455017089844
-0.7364308834075928, 5.450623512268066, 6.519009590148926, -344.33551025390625, -0.6935299038887024, 301.3924255371094
-0.7291178703308105, 5.454240798950195, 6.527710437774658, -345.10089111328125, -0.6876072287559509, 302.24444580078125
-0.7202799320220947, 5.4592366218566895, 6.537668228149414, -345.8614196777344, -0.6817089319229126, 303.10858154296875
-0.7144782543182373, 5.469346046447754, 6.549127101898193, -346.6119079589844, -0.6735671162605286, 303.9757385253906
-0.7079074382781982, 5.476764678955078, 6.559625148773193, -347.35675048828125, -0.6705565452575684, 304.8441467285156
-0.7033112049102783, 5.484971523284912, 6.569702625274658, -348.1001281738281, -0.6703482866287231, 305.7201843261719
-0.7012219429016113, 5.495441436767578, 6.575745105743408, -348.841552734375, -0.6711100339889526, 306.5976867675781
-0.7048735618591309, 5.508608341217041, 6.583836078643799, -349.5823669433594, -0.6756244897842407, 307.4750671386719
-0.705092191696167, 5.525063514709473, 6.594587802886963, -350.3211975097656, -0.678631067276001, 308.34747314453125
-0.7001650333404541, 5.53909158706665, 6.609045505523682, -351.061767578125, -0.6839433908462524, 309.22137451171875
-0.6953060626983643, 5.549142360687256, 6.621758937835693, -351.7968444824219, -0.6904512047767639, 310.1086120605469
-0.6922993659973145, 5.560102939605713, 6.629814147949219, -352.5314025878906, -0.7012409567832947, 311.0008850097656
-0.6905689239501953, 5.576361656188965, 6.640909194946289, -353.26702880859375, -0.7150754332542419, 311.8993225097656
-0.6891517639160156, 5.595090866088867, 6.64873743057251, -354.0039367675781, -0.724008321762085, 312.79559326171875
-0.6842916011810303, 5.610755443572998, 6.658511638641357, -354.73992919921875, -0.7316818833351135, 313.6917419433594
-0.6806216239929199, 5.626160621643066, 6.668076992034912, -355.4688720703125, -0.7327190637588501, 314.594970703125
-0.6766912937164307, 5.6386895179748535, 6.6812262535095215, -356.1920471191406, -0.7347475290298462, 315.5024108886719
-0.6784403324127197, 5.650825500488281, 6.6960978507995605, -356.9111022949219, -0.7350530624389648, 316.4051513671875
-0.682610273361206, 5.661832332611084, 6.7101311683654785, -357.63348388671875, -0.7324410080909729, 317.3048400878906
-0.6850998401641846, 5.6705851554870605, 6.724837303161621, -358.3554382324219, -0.7270684242248535, 318.2002868652344
-0.6856129169464111, 5.6785569190979, 6.736827850341797, -359.0731506347656, -0.7245728969573975, 319.0915222167969
-0.684302568435669, 5.68813419342041, 6.746295928955078, -359.7920837402344, -0.7233909368515015, 319.98486328125
-0.681663990020752, 5.6989312171936035, 6.757586479187012, -360.5057678222656, -0.7150149345397949, 320.8836975097656
-0.675938606262207, 5.717432022094727, 6.765136241912842, -361.2229309082031, -0.7059421539306641, 321.78704833984375
-0.6699230670928955, 5.735570907592773, 6.769466400146484, -361.93670654296875, -0.6976715326309204, 322.6921081542969
-0.6623528003692627, 5.751973628997803, 6.779977321624756, -362.65234375, -0.6915874481201172, 323.6088562011719
-0.6544156074523926, 5.768810749053955, 6.789162635803223, -363.3577880859375, -0.6893162727355957, 324.5218200683594
-0.6477668285369873, 5.792651176452637, 6.800653457641602, -364.0534362792969, -0.685300886631012, 325.44244384765625
-0.6401851177215576, 5.819459438323975, 6.812548637390137, -364.7337341308594, -0.6812657713890076, 326.3683166503906
-0.6343810558319092, 5.841537952423096, 6.819167613983154, -365.4078674316406, -0.6759927272796631, 327.2958984375
-0.629490852355957, 5.85863733291626, 6.824344158172607, -366.0768127441406, -0.6700770854949951, 328.22760009765625
-0.6250388622283936, 5.8761138916015625, 6.828978061676025, -366.7490539550781, -0.668190062046051, 329.16436767578125
-0.6266095638275146, 5.891366958618164, 6.834484577178955, -367.4266357421875, -0.6696469783782959, 330.109130859375
-0.6307053565979004, 5.906164169311523, 6.84254789352417, -368.1030578613281, -0.6669438481330872, 331.0538330078125
-0.6349008083343506, 5.919888973236084, 6.8528852462768555, -368.77813720703125, -0.6570453643798828, 331.99609375
-0.6380033493041992, 5.933133602142334, 6.861921787261963, -369.4557189941406, -0.6465189456939697, 332.9402770996094
-0.6416001319885254, 5.945461750030518, 6.8667311668396, -370.1344299316406, -0.6410186886787415, 333.877197265625
-0.6432011127471924, 5.961022853851318, 6.8703532218933105, -370.8168029785156, -0.6319331526756287, 334.81103515625
-0.6434171199798584, 5.977763652801514, 6.874148368835449, -371.5011291503906, -0.6296119093894958, 335.7381896972656
-0.6433742046356201, 5.9944682121276855, 6.877687931060791, -372.18292236328125, -0.6309267282485962, 336.6654052734375
-0.6360313892364502, 6.012214660644531, 6.88012170791626, -372.8611755371094, -0.6281108856201172, 337.5817565917969
-0.6265628337860107, 6.035215377807617, 6.883110523223877, -373.5330505371094, -0.6233271956443787, 338.50091552734375
-0.6169445514678955, 6.053101062774658, 6.885745525360107, -374.1910705566406, -0.6192977428436279, 339.4235534667969
-0.6062467098236084, 6.06734037399292, 6.890726089477539, -374.8420104980469, -0.6172040104866028, 340.36102294921875
-0.5973923206329346, 6.0842461585998535, 6.900596618652344, -375.4814147949219, -0.6070368885993958, 341.3047790527344
-0.5887064933776855, 6.102006912231445, 6.910398006439209, -376.11688232421875, -0.5992355346679688, 342.2568664550781
-0.5775082111358643, 6.121643543243408, 6.9195475578308105, -376.74957275390625, -0.592923641204834, 343.2134704589844
-0.5675747394561768, 6.141003608703613, 6.931321620941162, -377.37762451171875, -0.5832366943359375, 344.1810607910156
-0.5577256679534912, 6.1574320793151855, 6.944274425506592, -377.9957580566406, -0.5767747759819031, 345.14947509765625
-0.5487027168273926, 6.170356750488281, 6.957624435424805, -378.6077880859375, -0.5715412497520447, 346.1208190917969
-0.5419728755950928, 6.184060096740723, 6.969514846801758, -379.216064453125, -0.5690683126449585, 347.09857177734375
-0.5331337451934814, 6.1996941566467285, 6.984521865844727, -379.81719970703125, -0.572852373123169, 348.0847473144531
-0.5254521369934082, 6.212450981140137, 6.997817039489746, -380.41473388671875, -0.5743247866630554, 349.0715637207031
-0.5226147174835205, 6.224207878112793, 7.0091233253479, -380.99853515625, -0.5643710494041443, 350.0623779296875
-0.5185325145721436, 6.2358903884887695, 7.021842002868652, -381.57806396484375, -0.5589119791984558, 351.0583801269531
-0.5145385265350342, 6.245901584625244, 7.035475254058838, -382.15216064453125, -0.552798330783844, 352.0581970214844
-0.5114250183105469, 6.255433559417725, 7.049983501434326, -382.7220153808594, -0.549136757850647, 353.06488037109375
-0.5082418918609619, 6.261554718017578, 7.062560081481934, -383.2882995605469, -0.5451743006706238, 354.06707763671875
-0.505995512008667, 6.267852306365967, 7.072657585144043, -383.8521728515625, -0.5422863960266113, 355.06884765625
-0.5053589344024658, 6.276459693908691, 7.085396766662598, -384.4111022949219, -0.5376153588294983, 356.0654602050781
-0.5035421848297119, 6.28733491897583, 7.0966925621032715, -384.9702453613281, -0.5349560976028442, 357.060546875
-0.5015854835510254, 6.301934719085693, 7.1114726066589355, -385.5225830078125, -0.5361088514328003, 358.05657958984375
-0.4952707290649414, 6.317172050476074, 7.124699115753174, -386.0730285644531, -0.5360546112060547, 359.0538330078125
-0.48992466926574707, 6.330507755279541, 7.1374030113220215, -386.605224609375, -0.5354112982749939, 360.05712890625
-0.48435378074645996, 6.345178604125977, 7.148347854614258, -387.12823486328125, -0.5378011465072632, 361.0715026855469
-0.4725644588470459, 6.360280513763428, 7.1620707511901855, -387.64312744140625, -0.5399634838104248, 362.09600830078125
-0.4612102508544922, 6.37617301940918, 7.171360969543457, -388.15460205078125, -0.546076238155365, 363.1224060058594
-0.45163440704345703, 6.3888840675354, 7.1814494132995605, -388.65362548828125, -0.5486472249031067, 364.1531066894531
-0.44466447830200195, 6.403011322021484, 7.190718173980713, -389.144775390625, -0.5541831851005554, 365.19268798828125
-0.44082117080688477, 6.416786193847656, 7.19651985168457, -389.6333312988281, -0.5574718713760376, 366.2373352050781
-0.44188499450683594, 6.434132099151611, 7.201539039611816, -390.1171875, -0.5611259341239929, 367.28424072265625
-0.4415457248687744, 6.452478408813477, 7.207282543182373, -390.6039123535156, -0.5652129054069519, 368.3309631347656
-0.4398369789123535, 6.471026420593262, 7.2118144035339355, -391.0896911621094, -0.5693110823631287, 369.3727722167969
-0.44173169136047363, 6.490067481994629, 7.219541072845459, -391.5677795410156, -0.5676233768463135, 370.4177551269531
-0.44167327880859375, 6.511642932891846, 7.227756023406982, -392.0445556640625, -0.5584051012992859, 371.4590759277344
-0.4379138946533203, 6.532486915588379, 7.236466884613037, -392.5195007324219, -0.5501453280448914, 372.5063781738281
-0.4305269718170166, 6.556282043457031, 7.243967056274414, -392.99261474609375, -0.5461832880973816, 373.5528869628906
-0.4181532859802246, 6.574545860290527, 7.248249053955078, -393.46185302734375, -0.5476366281509399, 374.6007385253906
-0.41049790382385254, 6.596380233764648, 7.2529120445251465, -393.9200439453125, -0.5445209741592407, 375.655517578125
-0.4017188549041748, 6.618602752685547, 7.262103080749512, -394.3695068359375, -0.5506284832954407, 376.7226257324219
-0.3880748748779297, 6.643020153045654, 7.272782325744629, -394.8134765625, -0.5617870688438416, 377.79656982421875
-0.3766777515411377, 6.6636176109313965, 7.285132884979248, -395.2447814941406, -0.5735986828804016, 378.87677001953125
-0.36615729331970215, 6.679790496826172, 7.293394088745117, -395.6590270996094, -0.5804128050804138, 379.95611572265625
-0.3572537899017334, 6.694608211517334, 7.306947231292725, -396.0560607910156, -0.5828003287315369, 381.0407409667969
-0.3488595485687256, 6.7106547355651855, 7.319138050079346, -396.4485168457031, -0.5884948372840881, 382.13409423828125
-0.3418581485748291, 6.726457118988037, 7.331918716430664, -396.8309020996094, -0.5931861996650696, 383.22900390625
-0.332683801651001, 6.741632461547852, 7.34213924407959, -397.2060852050781, -0.5957757234573364, 384.32568359375
-0.32275390625, 6.754957675933838, 7.352043628692627, -397.5672607421875, -0.5978289246559143, 385.4208068847656
-0.31546497344970703, 6.76902961730957, 7.360345840454102, -397.92486572265625, -0.6030800342559814, 386.5224914550781
-0.3055851459503174, 6.7844557762146, 7.3696136474609375, -398.28033447265625, -0.6089827418327332, 387.6291198730469
-0.2960164546966553, 6.79865837097168, 7.377267837524414, -398.62188720703125, -0.6111769080162048, 388.7428894042969
-0.2893822193145752, 6.809837818145752, 7.386837482452393, -398.9477233886719, -0.610018253326416, 389.857177734375
-0.28301262855529785, 6.81785774230957, 7.395937919616699, -399.26788330078125, -0.6109423637390137, 390.97027587890625
-0.2751791477203369, 6.824855327606201, 7.401331424713135, -399.58660888671875, -0.615618884563446, 392.0827941894531
-0.26688075065612793, 6.831809997558594, 7.405993461608887, -399.8985900878906, -0.6182498335838318, 393.1972351074219
-0.260174036026001, 6.841754913330078, 7.407104969024658, -400.2003479003906, -0.6206952333450317, 394.3134460449219
-0.25646328926086426, 6.848289489746094, 7.407881736755371, -400.4947204589844, -0.6262588500976562, 395.4400634765625
-0.24762940406799316, 6.855007648468018, 7.410583019256592, -400.78436279296875, -0.6289964318275452, 396.56756591796875
-0.24297833442687988, 6.870441913604736, 7.417568683624268, -401.0611572265625, -0.629860520362854, 397.6983947753906
-0.23853325843811035, 6.885241508483887, 7.423920154571533, -401.3305358886719, -0.6317287087440491, 398.8279724121094
-0.23400187492370605, 6.898500919342041, 7.43001651763916, -401.5993347167969, -0.6354105472564697, 399.95635986328125
-0.23258018493652344, 6.915909290313721, 7.435995578765869, -401.85565185546875, -0.6351430416107178, 401.0780334472656
-0.2325119972229004, 6.9326300621032715, 7.444174289703369, -402.1156921386719, -0.6302381753921509, 402.1983947753906
-0.23514270782470703, 6.948180675506592, 7.4565839767456055, -402.37017822265625, -0.6287662386894226, 403.319091796875
-0.23620223999023438, 6.963131427764893, 7.468542575836182, -402.62432861328125, -0.6238100528717041, 404.4422607421875
-0.23599839210510254, 6.974851131439209, 7.481110572814941, -402.8815002441406, -0.6191704273223877, 405.5650634765625
-0.23521041870117188, 6.98344087600708, 7.490385055541992, -403.136474609375, -0.6148824691772461, 406.68603515625
-0.2350752353668213, 6.994889259338379, 7.497092247009277, -403.39556884765625, -0.6141933798789978, 407.8123474121094
-0.2320694923400879, 7.004450798034668, 7.502696990966797, -403.656005859375, -0.6188376545906067, 408.9380187988281
-0.22798514366149902, 7.017942905426025, 7.511181354522705, -403.9129333496094, -0.6219783425331116, 410.06744384765625
-0.2233257293701172, 7.026635646820068, 7.519864082336426, -404.16650390625, -0.6260296106338501, 411.1949157714844
-0.2167985439300537, 7.0358500480651855, 7.530434608459473, -404.4117431640625, -0.6293137669563293, 412.32098388671875
-0.20705008506774902, 7.049525260925293, 7.541438579559326, -404.6476745605469, -0.631567120552063, 413.45574951171875
-0.19957709312438965, 7.063932418823242, 7.554473400115967, -404.8721618652344, -0.633016049861908, 414.59173583984375
-0.1922929286956787, 7.081476211547852, 7.566764831542969, -405.09014892578125, -0.6341434121131897, 415.73211669921875
-0.18630313873291016, 7.099551677703857, 7.576367378234863, -405.2992248535156, -0.6367836594581604, 416.87353515625
-0.1810452938079834, 7.114708423614502, 7.583835601806641, -405.5030822753906, -0.6377835273742676, 418.019775390625
-0.180511474609375, 7.134798526763916, 7.591999530792236, -405.695556640625, -0.6424461603164673, 419.1669616699219
-0.17964816093444824, 7.154424667358398, 7.600131988525391, -405.8913879394531, -0.6474160552024841, 420.3090515136719
-0.18125605583190918, 7.170138835906982, 7.606534481048584, -406.0879211425781, -0.6509310603141785, 421.4471740722656
-0.18393754959106445, 7.180326461791992, 7.610857963562012, -406.2880859375, -0.6572710871696472, 422.5831604003906
-0.18527960777282715, 7.185667514801025, 7.61706018447876, -406.4931945800781, -0.6640114188194275, 423.71221923828125
-0.19102168083190918, 7.193462371826172, 7.627641677856445, -406.6964111328125, -0.6731237173080444, 424.84356689453125
-0.19651484489440918, 7.199979782104492, 7.636673927307129, -406.90765380859375, -0.6772084832191467, 425.9743957519531
-0.2051713466644287, 7.210719585418701, 7.6426167488098145, -407.1224365234375, -0.6814257502555847, 427.0977783203125
-0.2111189365386963, 7.225776672363281, 7.649094581604004, -407.34747314453125, -0.6844819188117981, 428.2186584472656
-0.21584415435791016, 7.241959095001221, 7.653306007385254, -407.579833984375, -0.6832884550094604, 429.3416442871094
-0.2218925952911377, 7.260843276977539, 7.659647464752197, -407.8172912597656, -0.6779384613037109, 430.46380615234375
-0.2256777286529541, 7.276880741119385, 7.6674933433532715, -408.06256103515625, -0.6763503551483154, 431.5870361328125
-0.22451257705688477, 7.293200969696045, 7.676535606384277, -408.3168640136719, -0.6831874847412109, 432.7152404785156
-0.22821331024169922, 7.312458515167236, 7.683604717254639, -408.575439453125, -0.6908125281333923, 433.8456115722656
-0.22778654098510742, 7.329090595245361, 7.688302516937256, -408.83453369140625, -0.6973188519477844, 434.9673156738281
-0.2279648780822754, 7.347385883331299, 7.69545316696167, -409.0952453613281, -0.7050419449806213, 436.09234619140625
-0.2306215763092041, 7.366148471832275, 7.700729846954346, -409.35009765625, -0.7116957306861877, 437.2193603515625
-0.23073983192443848, 7.386041164398193, 7.707103252410889, -409.6092529296875, -0.7189018726348877, 438.3476867675781
-0.22762513160705566, 7.404677391052246, 7.709357261657715, -409.8642883300781, -0.7192410826683044, 439.4702453613281
-0.2237865924835205, 7.425863265991211, 7.7121782302856445, -410.1209716796875, -0.7287739515304565, 440.5892639160156
-0.2211744785308838, 7.44317626953125, 7.712437629699707, -410.368408203125, -0.7356966733932495, 441.70916748046875
-0.2171492576599121, 7.460740566253662, 7.7123565673828125, -410.6150207519531, -0.7477479577064514, 442.82476806640625
-0.21474599838256836, 7.475310325622559, 7.7164530754089355, -410.8581848144531, -0.7592109441757202, 443.9405517578125
-0.21445727348327637, 7.488958358764648, 7.721235275268555, -411.0938415527344, -0.7732352018356323, 445.061279296875
-0.21294856071472168, 7.500820159912109, 7.7237935066223145, -411.3266296386719, -0.7851576209068298, 446.18524169921875
-0.21558237075805664, 7.512345790863037, 7.728126049041748, -411.5597229003906, -0.7911909818649292, 447.3114013671875
-0.21893095970153809, 7.522256374359131, 7.734250068664551, -411.80029296875, -0.7995381951332092, 448.441162109375
-0.21742773056030273, 7.5316267013549805, 7.746335029602051, -412.03997802734375, -0.8085885047912598, 449.57049560546875
-0.21410894393920898, 7.545426368713379, 7.761080265045166, -412.2735900878906, -0.8202164769172668, 450.6990661621094
-0.2086327075958252, 7.559604644775391, 7.776722431182861, -412.5002746582031, -0.836616039276123, 451.8295593261719
-0.19872283935546875, 7.568161964416504, 7.78673791885376, -412.720458984375, -0.8497849106788635, 452.9562683105469
-0.18983769416809082, 7.5797624588012695, 7.796492099761963, -412.92791748046875, -0.8639844059944153, 454.08465576171875
-0.18245410919189453, 7.59304666519165, 7.807839870452881, -413.1248474121094, -0.8777412176132202, 455.2130432128906
-0.17479777336120605, 7.608837604522705, 7.819207668304443, -413.3110656738281, -0.8889291286468506, 456.3457336425781
-0.16876864433288574, 7.622133255004883, 7.824159145355225, -413.4926452636719, -0.8970544338226318, 457.4799499511719
-0.16302490234375, 7.634149551391602, 7.828245639801025, -413.667236328125, -0.9057495594024658, 458.60858154296875
-0.15983104705810547, 7.649100303649902, 7.833069324493408, -413.8329162597656, -0.9198509454727173, 459.735107421875
-0.1558382511138916, 7.661701202392578, 7.843960285186768, -414.0009460449219, -0.932570219039917, 460.8691711425781
-0.15156197547912598, 7.675870895385742, 7.858394622802734, -414.1622009277344, -0.9454554319381714, 461.996826171875
-0.1447160243988037, 7.694931507110596, 7.874283790588379, -414.3150634765625, -0.956828773021698, 463.1261901855469
-0.13594460487365723, 7.714265823364258, 7.896422863006592, -414.460205078125, -0.968580424785614, 464.2612609863281
-0.1301891803741455, 7.732646465301514, 7.918881416320801, -414.5995178222656, -0.9771897196769714, 465.39447021484375
-0.12607955932617188, 7.753075122833252, 7.94007682800293, -414.7351379394531, -0.9865535497665405, 466.5201721191406
-0.11806058883666992, 7.774660587310791, 7.955666542053223, -414.8645324707031, -0.998167872428894, 467.64483642578125
-0.10738205909729004, 7.794806480407715, 7.971504211425781, -414.98895263671875, -1.0112028121948242, 468.7699279785156
-0.09860801696777344, 7.809965133666992, 7.991329669952393, -415.0987854003906, -1.0221400260925293, 469.89569091796875
-0.08816218376159668, 7.823245048522949, 8.00697135925293, -415.19989013671875, -1.032308578491211, 471.02191162109375
-0.07648992538452148, 7.832896709442139, 8.020007133483887, -415.29058837890625, -1.037183403968811, 472.1462097167969
-0.06400799751281738, 7.838853359222412, 8.03518009185791, -415.37017822265625, -1.0401500463485718, 473.273681640625
-0.050112009048461914, 7.842957973480225, 8.045794486999512, -415.4336853027344, -1.0410560369491577, 474.4031982421875
-0.03889918327331543, 7.846494674682617, 8.058323860168457, -415.4768981933594, -1.0379287004470825, 475.5412902832031
-0.031523942947387695, 7.851052761077881, 8.075175285339355, -415.5067138671875, -1.0392967462539673, 476.68890380859375
-0.0245664119720459, 7.854419231414795, 8.090099334716797, -415.53167724609375, -1.0472395420074463, 477.8378601074219
-0.0163421630859375, 7.867144584655762, 8.105989456176758, -415.55023193359375, -1.052697777748108, 479.00543212890625
-0.008824348449707031, 7.879234790802002, 8.121400833129883, -415.55963134765625, -1.050919532775879, 480.1672058105469
-0.0025784969329833984, 7.891098499298096, 8.130935668945312, -415.5601501464844, -1.0485750436782837, 481.3293762207031
0.0013439655303955078, 7.906275749206543, 8.142451286315918, -415.5613098144531, -1.045788049697876, 482.49224853515625
0.0065076351165771484, 7.915282726287842, 8.154899597167969, -415.552978515625, -1.041294813156128, 483.6597900390625
0.007457733154296875, 7.929291725158691, 8.165251731872559, -415.5399475097656, -1.0407966375350952, 484.8266906738281
0.004576683044433594, 7.946262836456299, 8.173285484313965, -415.5166015625, -1.0415972471237183, 485.9817810058594
9.560585021972656e-05, 7.963523864746094, 8.184954643249512, -415.49542236328125, -1.0392805337905884, 487.13555908203125
-0.004632472991943359, 7.982404708862305, 8.196380615234375, -415.4805603027344, -1.0340256690979004, 488.2831726074219
-0.005229949951171875, 8.001633644104004, 8.209105491638184, -415.4740295410156, -1.0339142084121704, 489.4366149902344
-0.004429340362548828, 8.020001411437988, 8.220755577087402, -415.4661560058594, -1.0302530527114868, 490.60247802734375
-0.0006251335144042969, 8.03740406036377, 8.232843399047852, -415.4596862792969, -1.0238101482391357, 491.77117919921875
0.000982522964477539, 8.055960655212402, 8.239518165588379, -415.4436340332031, -1.0163472890853882, 492.9339904785156
0.005357027053833008, 8.077675819396973, 8.243440628051758, -415.427734375, -1.0098042488098145, 494.099853515625
0.0083465576171875, 8.099955558776855, 8.246742248535156, -415.40625, -1.0077927112579346, 495.2582702636719
0.010361909866333008, 8.12200927734375, 8.25065803527832, -415.3830871582031, -1.0094400644302368, 496.4189453125
0.01505279541015625, 8.148359298706055, 8.259315490722656, -415.36181640625, -1.0153205394744873, 497.5751953125
0.01627492904663086, 8.172279357910156, 8.268440246582031, -415.32965087890625, -1.01706862449646, 498.7308349609375
0.019292831420898438, 8.19529914855957, 8.279956817626953, -415.2897033691406, -1.0155068635940552, 499.8824768066406
0.0204470157623291, 8.220915794372559, 8.294198036193848, -415.242919921875, -1.0095796585083008, 501.02984619140625
0.02094745635986328, 8.248297691345215, 8.308880805969238, -415.1958923339844, -1.003339171409607, 502.17596435546875
0.01874518394470215, 8.273051261901855, 8.319059371948242, -415.1585388183594, -0.9941241145133972, 503.3164978027344
0.019222021102905273, 8.296560287475586, 8.327503204345703, -415.12841796875, -0.985378086566925, 504.45916748046875
0.019722700119018555, 8.317880630493164, 8.337841987609863, -415.0937194824219, -0.9729134440422058, 505.5970764160156
0.020305156707763672, 8.335644721984863, 8.344074249267578, -415.05401611328125, -0.9637684226036072, 506.7313232421875
0.018005847930908203, 8.350151062011719, 8.349811553955078, -415.02056884765625, -0.9509389400482178, 507.8643493652344
0.013744115829467773, 8.366167068481445, 8.35649299621582, -414.9942626953125, -0.9368371963500977, 508.99285888671875
0.010667085647583008, 8.38086986541748, 8.362715721130371, -414.9750061035156, -0.9242355227470398, 510.1260986328125
0.005326032638549805, 8.393235206604004, 8.369427680969238, -414.9530029296875, -0.9096701741218567, 511.2676696777344
0.00712895393371582, 8.411303520202637, 8.373332023620605, -414.9359130859375, -0.9001187682151794, 512.4063720703125
0.007422208786010742, 8.431755065917969, 8.375205039978027, -414.91717529296875, -0.8935763835906982, 513.5435180664062
0.006487369537353516, 8.455570220947266, 8.378920555114746, -414.9012451171875, -0.8916833400726318, 514.6887817382812
0.0036253929138183594, 8.475089073181152, 8.376771926879883, -414.8899230957031, -0.8868581652641296, 515.8216552734375
0.0013136863708496094, 8.492461204528809, 8.37956714630127, -414.8807067871094, -0.8868274688720703, 516.9498901367188
-0.002170085906982422, 8.512402534484863, 8.386119842529297, -414.8693542480469, -0.8900570869445801, 518.07958984375
-0.003261566162109375, 8.52851676940918, 8.396551132202148, -414.8573303222656, -0.892142653465271, 519.2039184570312
-0.007366657257080078, 8.540292739868164, 8.408282279968262, -414.8427429199219, -0.8906816840171814, 520.3283081054688
-0.007427215576171875, 8.551741600036621, 8.417535781860352, -414.8361511230469, -0.8977246880531311, 521.4554443359375
-0.011702299118041992, 8.564556121826172, 8.431337356567383, -414.8315124511719, -0.9034059643745422, 522.58740234375
-0.01744365692138672, 8.578500747680664, 8.443639755249023, -414.8317565917969, -0.9073531627655029, 523.7216796875
-0.02299809455871582, 8.595504760742188, 8.455639839172363, -414.83514404296875, -0.9072773456573486, 524.8477783203125
-0.030910491943359375, 8.615856170654297, 8.471343040466309, -414.8447265625, -0.9103196859359741, 525.9715576171875
-0.03477811813354492, 8.636672973632812, 8.489665031433105, -414.8554992675781, -0.9092172980308533, 527.0895385742188
-0.03548288345336914, 8.661272048950195, 8.506786346435547, -414.8689270019531, -0.9101034998893738, 528.2033081054688
-0.038492679595947266, 8.68325424194336, 8.520970344543457, -414.8895263671875, -0.9078083634376526, 529.3174438476562
-0.03841686248779297, 8.704179763793945, 8.536192893981934, -414.91094970703125, -0.9051880240440369, 530.4296264648438
-0.039893388748168945, 8.727970123291016, 8.552616119384766, -414.9357604980469, -0.907076358795166, 531.5379638671875
-0.03608417510986328, 8.749770164489746, 8.569993019104004, -414.9618225097656, -0.9047115445137024, 532.6449584960938
-0.034264564514160156, 8.774040222167969, 8.587837219238281, -414.9783020019531, -0.8962124586105347, 533.757568359375
-0.03484797477722168, 8.792313575744629, 8.607181549072266, -414.9935302734375, -0.8886059522628784, 534.8772583007812
-0.039690494537353516, 8.810076713562012, 8.62507152557373, -415.01043701171875, -0.8813186883926392, 535.998779296875
-0.04145073890686035, 8.826639175415039, 8.645759582519531, -415.035888671875, -0.8711298108100891, 537.1279296875
-0.04962587356567383, 8.847526550292969, 8.664753913879395, -415.0712585449219, -0.8558274507522583, 538.2662963867188
-0.05335426330566406, 8.866949081420898, 8.686131477355957, -415.1136474609375, -0.8436415195465088, 539.41162109375
-0.05817413330078125, 8.88740348815918, 8.707921981811523, -415.1676330566406, -0.8334566354751587, 540.5548095703125
-0.06236124038696289, 8.907482147216797, 8.727575302124023, -415.2212829589844, -0.8225402235984802, 541.6895141601562
-0.06322240829467773, 8.923832893371582, 8.741039276123047, -415.2727966308594, -0.8101087212562561, 542.8329467773438
-0.06614518165588379, 8.93863582611084, 8.751797676086426, -415.32525634765625, -0.805509626865387, 543.9769287109375
-0.07091188430786133, 8.948148727416992, 8.764447212219238, -415.3816833496094, -0.8035529255867004, 545.1170043945312
-0.06932735443115234, 8.953459739685059, 8.776174545288086, -415.44390869140625, -0.796819269657135, 546.2532348632812
-0.0666351318359375, 8.964707374572754, 8.7877197265625, -415.5043029785156, -0.7917903661727905, 547.38720703125
-0.06169247627258301, 8.973730087280273, 8.798484802246094, -415.5601806640625, -0.791781485080719, 548.5222778320312
-0.055323123931884766, 8.982391357421875, 8.8110933303833, -415.6162109375, -0.7896777391433716, 549.6541748046875
-0.045349836349487305, 8.999126434326172, 8.83050537109375, -415.66497802734375, -0.7785055041313171, 550.7952270507812
-0.03370499610900879, 9.016106605529785, 8.849420547485352, -415.706298828125, -0.7698835730552673, 551.944091796875
-0.022374868392944336, 9.033196449279785, 8.86967658996582, -415.7353820800781, -0.759523332118988, 553.0881958007812
-0.0072095394134521484, 9.048166275024414, 8.89259147644043, -415.7488098144531, -0.7461404204368591, 554.23388671875
0.005312442779541016, 9.059191703796387, 8.917486190795898, -415.7406311035156, -0.736409604549408, 555.3788452148438
0.0159304141998291, 9.064306259155273, 8.936210632324219, -415.7190246582031, -0.732319712638855, 556.5220947265625
0.021895408630371094, 9.067625045776367, 8.957743644714355, -415.68255615234375, -0.7314045429229736, 557.662841796875
0.024029970169067383, 9.069047927856445, 8.9785795211792, -415.6371765136719, -0.7321387529373169, 558.8056640625
0.02850341796875, 9.07548999786377, 8.99969482421875, -415.591796875, -0.7305607199668884, 559.9569091796875
0.028783321380615234, 9.083785057067871, 9.021100997924805, -415.5423889160156, -0.7305020093917847, 561.1124877929688
0.03003215789794922, 9.093029975891113, 9.041678428649902, -415.49603271484375, -0.7321540713310242, 562.2619018554688
0.031154394149780273, 9.101378440856934, 9.059029579162598, -415.4521179199219, -0.7299109101295471, 563.4113159179688
0.03501129150390625, 9.109075546264648, 9.077473640441895, -415.4070129394531, -0.728531002998352, 564.5569458007812
0.038207292556762695, 9.121864318847656, 9.095576286315918, -415.35540771484375, -0.7280856966972351, 565.6971435546875
0.03984212875366211, 9.138528823852539, 9.117789268493652, -415.2953796386719, -0.7230975031852722, 566.8425903320312
0.0415341854095459, 9.16000747680664, 9.134910583496094, -415.22821044921875, -0.7251901030540466, 567.990478515625
0.04680013656616211, 9.181733131408691, 9.150839805603027, -415.1661682128906, -0.7283940315246582, 569.1376342773438
0.05174565315246582, 9.204072952270508, 9.165444374084473, -415.0978088378906, -0.7328190207481384, 570.2915649414062
0.05556917190551758, 9.222732543945312, 9.176658630371094, -415.0231018066406, -0.7348487973213196, 571.4476318359375
0.058768272399902344, 9.240538597106934, 9.187431335449219, -414.9389343261719, -0.7389103174209595, 572.6019287109375
0.0649104118347168, 9.258174896240234, 9.197823524475098, -414.8574523925781, -0.743026077747345, 573.7583618164062
0.06714415550231934, 9.270482063293457, 9.207755088806152, -414.7696533203125, -0.7363976240158081, 574.910400390625
0.06838607788085938, 9.278759956359863, 9.218483924865723, -414.67999267578125, -0.7266702055931091, 576.05908203125
0.06940889358520508, 9.284568786621094, 9.228516578674316, -414.5881042480469, -0.7153225541114807, 577.199951171875
0.071533203125, 9.29773998260498, 9.234770774841309, -414.4984436035156, -0.705306887626648, 578.3475341796875
0.07343840599060059, 9.314240455627441, 9.23843002319336, -414.4067687988281, -0.6848874092102051, 579.4913940429688
0.07767391204833984, 9.32760238647461, 9.245481491088867, -414.3148193359375, -0.6670770645141602, 580.64208984375
0.08474898338317871, 9.334844589233398, 9.252084732055664, -414.2152404785156, -0.6530029773712158, 581.7943725585938
0.08795166015625, 9.345203399658203, 9.260100364685059, -414.107177734375, -0.6341994404792786, 582.938720703125
0.0932164192199707, 9.359162330627441, 9.274514198303223, -413.99652099609375, -0.6138102412223816, 584.0750732421875
0.09765839576721191, 9.366168022155762, 9.291166305541992, -413.8801574707031, -0.5896281599998474, 585.2083129882812
0.1029806137084961, 9.37263298034668, 9.304972648620605, -413.7513732910156, -0.569391667842865, 586.3451538085938
0.11061334609985352, 9.38078784942627, 9.323927879333496, -413.6116027832031, -0.5421123504638672, 587.4841918945312
0.11952066421508789, 9.393065452575684, 9.341898918151855, -413.4594421386719, -0.5177735686302185, 588.6131591796875
0.12389969825744629, 9.407426834106445, 9.363226890563965, -413.2995910644531, -0.5012785196304321, 589.7451782226562
0.12741303443908691, 9.425226211547852, 9.381932258605957, -413.134765625, -0.49314048886299133, 590.875244140625
0.1306161880493164, 9.446269035339355, 9.397285461425781, -412.9688415527344, -0.49047377705574036, 592.0043334960938
0.13658356666564941, 9.461010932922363, 9.413578033447266, -412.80096435546875, -0.483195960521698, 593.1350708007812
0.1386280059814453, 9.474488258361816, 9.430754661560059, -412.6247863769531, -0.47525376081466675, 594.2749633789062
0.1388864517211914, 9.484578132629395, 9.446669578552246, -412.4516906738281, -0.46975287795066833, 595.4107055664062
0.13569188117980957, 9.493281364440918, 9.458678245544434, -412.27545166015625, -0.45585954189300537, 596.5422973632812
0.1282496452331543, 9.501016616821289, 9.470017433166504, -412.1048583984375, -0.4474185109138489, 597.6757202148438
0.1233987808227539, 9.513715744018555, 9.4840726852417, -411.94427490234375, -0.444635808467865, 598.8201293945312
0.12308454513549805, 9.529813766479492, 9.4985990524292, -411.78839111328125, -0.44451814889907837, 599.9654541015625
0.12232375144958496, 9.54296875, 9.513444900512695, -411.6342468261719, -0.4393984079360962, 601.1116333007812
0.12186861038208008, 9.555706977844238, 9.527617454528809, -411.4788513183594, -0.43768778443336487, 602.2507934570312
0.12462091445922852, 9.565778732299805, 9.541873931884766, -411.32049560546875, -0.43183186650276184, 603.3804931640625
0.1283864974975586, 9.575119018554688, 9.556803703308105, -411.15191650390625, -0.42295965552330017, 604.5093383789062
0.13292789459228516, 9.585344314575195, 9.571409225463867, -410.9837646484375, -0.4133475422859192, 605.6341552734375
0.13288211822509766, 9.593500137329102, 9.5868558883667, -410.813720703125, -0.403930127620697, 606.7608032226562
0.1298084259033203, 9.602978706359863, 9.60287857055664, -410.6449890136719, -0.3926762640476227, 607.8907470703125
0.13430356979370117, 9.610493659973145, 9.617448806762695, -410.48529052734375, -0.3841933608055115, 609.0234985351562
0.13713622093200684, 9.61767292022705, 9.632698059082031, -410.3221435546875, -0.3746887445449829, 610.1597900390625
0.13969039916992188, 9.625365257263184, 9.649028778076172, -410.1630859375, -0.36949533224105835, 611.296630859375
0.13612008094787598, 9.633268356323242, 9.659273147583008, -409.9963073730469, -0.36557498574256897, 612.4253540039062
0.13733386993408203, 9.645214080810547, 9.671680450439453, -409.8275146484375, -0.35982829332351685, 613.5599365234375
0.14092493057250977, 9.658272743225098, 9.685256958007812, -409.6574401855469, -0.3566555976867676, 614.7001953125
0.14751267433166504, 9.673813819885254, 9.69598388671875, -409.4808349609375, -0.3499188721179962, 615.8311767578125
0.14807868003845215, 9.686551094055176, 9.7090425491333, -409.30615234375, -0.3423108756542206, 616.9578247070312
0.14599275588989258, 9.697713851928711, 9.72540283203125, -409.1241455078125, -0.33169034123420715, 618.0875244140625
0.1458415985107422, 9.710718154907227, 9.741048812866211, -408.9460144042969, -0.32017749547958374, 619.2127075195312
0.14452314376831055, 9.722885131835938, 9.755949020385742, -408.77081298828125, -0.3147030770778656, 620.3397827148438
0.14412736892700195, 9.738801956176758, 9.769973754882812, -408.5924987792969, -0.31369197368621826, 621.464599609375
0.14539313316345215, 9.755691528320312, 9.788985252380371, -408.4102478027344, -0.31237149238586426, 622.5979614257812
0.14792180061340332, 9.771100997924805, 9.802642822265625, -408.23223876953125, -0.3156181573867798, 623.7355346679688
0.1509537696838379, 9.783220291137695, 9.815664291381836, -408.05670166015625, -0.3199293613433838, 624.8762817382812
0.1480257511138916, 9.79517936706543, 9.83056926727295, -407.8851013183594, -0.32174935936927795, 626.0157470703125
0.14392375946044922, 9.811392784118652, 9.847404479980469, -407.7167053222656, -0.32195472717285156, 627.1546630859375
0.14076757431030273, 9.830464363098145, 9.866756439208984, -407.5542907714844, -0.3275333046913147, 628.2948608398438
0.1372520923614502, 9.85159969329834, 9.889262199401855, -407.3933410644531, -0.3331526219844818, 629.4395751953125
0.1325836181640625, 9.872197151184082, 9.912792205810547, -407.23150634765625, -0.33330976963043213, 630.5894775390625
0.1292433738708496, 9.892346382141113, 9.937521934509277, -407.07012939453125, -0.33774712681770325, 631.7371215820312
0.12551140785217285, 9.907855033874512, 9.957681655883789, -406.9077453613281, -0.34291890263557434, 632.8807373046875
0.1200554370880127, 9.919100761413574, 9.976372718811035, -406.7456359863281, -0.34905627369880676, 634.0155029296875
0.11531496047973633, 9.930028915405273, 9.990321159362793, -406.59637451171875, -0.3512638807296753, 635.1447143554688
0.11160659790039062, 9.94025707244873, 10.002323150634766, -406.4531555175781, -0.34713977575302124, 636.2722778320312
0.11327648162841797, 9.947672843933105, 10.015084266662598, -406.3096923828125, -0.33683568239212036, 637.3966674804688
0.11566734313964844, 9.9566011428833, 10.026244163513184, -406.1637268066406, -0.322011798620224, 638.5287475585938
0.11879324913024902, 9.96793270111084, 10.037094116210938, -406.0141906738281, -0.3078082203865051, 639.6620483398438
0.12101364135742188, 9.979522705078125, 10.048433303833008, -405.86492919921875, -0.29362842440605164, 640.7950439453125
0.11995148658752441, 9.991302490234375, 10.058481216430664, -405.7169189453125, -0.28152987360954285, 641.9273681640625
0.11617159843444824, 9.99710750579834, 10.067805290222168, -405.5689392089844, -0.2654808461666107, 643.0557861328125
0.1129920482635498, 10.00329303741455, 10.079854011535645, -405.4244689941406, -0.24763688445091248, 644.1834106445312
0.11029291152954102, 10.01195240020752, 10.094703674316406, -405.28375244140625, -0.22775451838970184, 645.3123168945312
0.10415077209472656, 10.019328117370605, 10.11172103881836, -405.1389465332031, -0.21192312240600586, 646.4469604492188
0.09840774536132812, 10.023789405822754, 10.13510799407959, -405.0080871582031, -0.19883102178573608, 647.5875854492188
0.09428191184997559, 10.026169776916504, 10.157222747802734, -404.88482666015625, -0.18374167382717133, 648.735107421875
0.08758330345153809, 10.030254364013672, 10.180137634277344, -404.7693176269531, -0.16718845069408417, 649.8800659179688
0.08466291427612305, 10.036236763000488, 10.198956489562988, -404.6624755859375, -0.15176405012607574, 651.02294921875
0.08145594596862793, 10.041070938110352, 10.214319229125977, -404.5548400878906, -0.13788403570652008, 652.1683349609375
0.07306933403015137, 10.042451858520508, 10.2298002243042, -404.4498291015625, -0.12338054180145264, 653.3146362304688
0.06127762794494629, 10.044410705566406, 10.244129180908203, -404.3493957519531, -0.10446768254041672, 654.450927734375
0.05337119102478027, 10.048770904541016, 10.260611534118652, -404.2562255859375, -0.08612215518951416, 655.5875244140625
0.04685473442077637, 10.053497314453125, 10.273540496826172, -404.17987060546875, -0.07070685923099518, 656.72119140625
0.04080319404602051, 10.056339263916016, 10.28637981414795, -404.1123962402344, -0.05000419542193413, 657.8532104492188
0.034471988677978516, 10.057995796203613, 10.298420906066895, -404.0560302734375, -0.03855304419994354, 658.9934692382812
0.028455018997192383, 10.06335735321045, 10.310304641723633, -404.007568359375, -0.034491222351789474, 660.1389770507812
0.02135777473449707, 10.06914234161377, 10.318800926208496, -403.96441650390625, -0.029842231422662735, 661.28125
0.014928340911865234, 10.078940391540527, 10.332229614257812, -403.926513671875, -0.019970599561929703, 662.430908203125
0.00979304313659668, 10.084224700927734, 10.345584869384766, -403.89971923828125, -0.015346135944128036, 663.5747680664062
0.004269599914550781, 10.091522216796875, 10.3584566116333, -403.87725830078125, -0.010166269727051258, 664.719970703125
0.0021021366119384766, 10.10507869720459, 10.372613906860352, -403.8636779785156, -0.007151173427700996, 665.8674926757812
0.008631706237792969, 10.118427276611328, 10.388029098510742, -403.84930419921875, 7.862411439418793e-05, 667.0183715820312
0.01614999771118164, 10.135065078735352, 10.402112007141113, -403.8250427246094, 0.005727026611566544, 668.1707763671875
0.023873329162597656, 10.151506423950195, 10.418741226196289, -403.7956237792969, 0.00683601526543498, 669.3181762695312
0.02872943878173828, 10.168689727783203, 10.435242652893066, -403.75701904296875, 0.008546700701117516, 670.469482421875
0.03164839744567871, 10.184361457824707, 10.453662872314453, -403.71246337890625, 0.007550560403615236, 671.6287841796875
0.037743330001831055, 10.202303886413574, 10.468340873718262, -403.66094970703125, 0.008740387856960297, 672.7844848632812
0.03808021545410156, 10.217267990112305, 10.48323917388916, -403.59912109375, 0.018712200224399567, 673.9336547851562
0.03604483604431152, 10.22928524017334, 10.501229286193848, -403.5373229980469, 0.026629745960235596, 675.0736083984375
0.03478717803955078, 10.241509437561035, 10.519124984741211, -403.4830627441406, 0.03197184205055237, 676.1998901367188
0.03468608856201172, 10.257631301879883, 10.537498474121094, -403.4290771484375, 0.037674739956855774, 677.3159790039062
0.0324099063873291, 10.26844310760498, 10.556209564208984, -403.3667907714844, 0.041463885456323624, 678.4342651367188
0.03038930892944336, 10.282822608947754, 10.572510719299316, -403.3073425292969, 0.03698127716779709, 679.5509033203125
0.029439687728881836, 10.307208061218262, 10.590042114257812, -403.24658203125, 0.03850201144814491, 680.6707153320312
0.024058103561401367, 10.334166526794434, 10.607959747314453, -403.1913146972656, 0.036954835057258606, 681.7924194335938
0.019503355026245117, 10.358796119689941, 10.622977256774902, -403.146728515625, 0.027904493734240532, 682.9222412109375
0.012285232543945312, 10.385170936584473, 10.64000415802002, -403.1104431152344, 0.01889084279537201, 684.0432739257812
0.004957675933837891, 10.406270027160645, 10.658037185668945, -403.0852355957031, 0.00973700825124979, 685.1725463867188
0.0005273818969726562, 10.420140266418457, 10.672440528869629, -403.07257080078125, 0.005215209908783436, 686.3075561523438
-0.0022373199462890625, 10.432854652404785, 10.691466331481934, -403.0697326660156, -0.00039659813046455383, 687.4468994140625
-0.004996538162231445, 10.44759750366211, 10.709023475646973, -403.0630187988281, 0.004793618805706501, 688.5900268554688
-0.004254579544067383, 10.466143608093262, 10.724811553955078, -403.0580749511719, 0.0066872332245111465, 689.7392578125
-0.002027273178100586, 10.477197647094727, 10.740815162658691, -403.0556945800781, 0.007990265265107155, 690.8909912109375
0.0031745433807373047, 10.485156059265137, 10.756248474121094, -403.0555725097656, 0.0028386013582348824, 692.0429077148438
0.008859634399414062, 10.496624946594238, 10.774091720581055, -403.0447998046875, -0.0008835829794406891, 693.1880493164062
0.010696172714233398, 10.509498596191406, 10.793813705444336, -403.0260009765625, -0.00019342172890901566, 694.33349609375
0.012267112731933594, 10.529413223266602, 10.809061050415039, -403.0067138671875, 0.007666760124266148, 695.4845581054688
0.018945932388305664, 10.54692268371582, 10.82773494720459, -402.98675537109375, 0.0145382946357131, 696.630615234375
0.027260303497314453, 10.566866874694824, 10.846713066101074, -402.9591369628906, 0.026293432340025902, 697.7672729492188
0.034806251525878906, 10.58515739440918, 10.873076438903809, -402.92138671875, 0.032112542539834976, 698.912353515625
0.04203176498413086, 10.604833602905273, 10.898030281066895, -402.8658752441406, 0.0351543091237545, 700.0525512695312
0.04141521453857422, 10.620737075805664, 10.919482231140137, -402.7999267578125, 0.03881257772445679, 701.1904296875
0.042975425720214844, 10.636419296264648, 10.940685272216797, -402.7280578613281, 0.04668766260147095, 702.3321533203125
0.042438507080078125, 10.650445938110352, 10.962663650512695, -402.6571350097656, 0.05068543180823326, 703.4795532226562
0.04015326499938965, 10.658095359802246, 10.988343238830566, -402.58935546875, 0.05336521565914154, 704.6284790039062
0.03866410255432129, 10.665711402893066, 11.01486873626709, -402.5279846191406, 0.05696164071559906, 705.775146484375
0.03960132598876953, 10.669698715209961, 11.039109230041504, -402.4665832519531, 0.06061641499400139, 706.9136352539062
0.03738689422607422, 10.676109313964844, 11.062065124511719, -402.4031982421875, 0.06100825220346451, 708.0506591796875
0.033348798751831055, 10.684182167053223, 11.085159301757812, -402.34625244140625, 0.06524893641471863, 709.185791015625
0.028382301330566406, 10.693258285522461, 11.107447624206543, -402.2959289550781, 0.07192753255367279, 710.3221435546875
0.023389339447021484, 10.706778526306152, 11.12377643585205, -402.2525329589844, 0.08089055120944977, 711.4641723632812
0.023839712142944336, 10.719712257385254, 11.140604019165039, -402.2167053222656, 0.08774545788764954, 712.6072998046875
0.02562999725341797, 10.73586368560791, 11.158167839050293, -402.1783142089844, 0.09137750416994095, 713.7555541992188
0.025348663330078125, 10.74757194519043, 11.181363105773926, -402.13250732421875, 0.09456676989793777, 714.9015502929688
0.023004770278930664, 10.755717277526855, 11.209051132202148, -402.0896911621094, 0.09362704306840897, 716.0453491210938
0.023847103118896484, 10.763236999511719, 11.231363296508789, -402.0556335449219, 0.09214729070663452, 717.1896362304688
0.02562236785888672, 10.772001266479492, 11.254525184631348, -402.0235290527344, 0.0912666916847229, 718.3294677734375
0.028063297271728516, 10.782995223999023, 11.282639503479004, -401.98687744140625, 0.0926085114479065, 719.4694213867188
0.031683921813964844, 10.793525695800781, 11.3062744140625, -401.94921875, 0.09451628476381302, 720.6044311523438
0.03718113899230957, 10.810043334960938, 11.330405235290527, -401.9077453613281, 0.09541171789169312, 721.7429809570312
0.04000735282897949, 10.819761276245117, 11.352922439575195, -401.85308837890625, 0.09498105943202972, 722.881103515625
0.04455280303955078, 10.832983016967773, 11.37637710571289, -401.7991027832031, 0.09264356642961502, 724.0288696289062
0.04533553123474121, 10.848052024841309, 11.39997673034668, -401.7411804199219, 0.09130950272083282, 725.1721801757812
0.0400850772857666, 10.861157417297363, 11.42367172241211, -401.6817626953125, 0.08739325404167175, 726.3174438476562
0.034562110900878906, 10.873229026794434, 11.445449829101562, -401.6192626953125, 0.09013243764638901, 727.4613037109375
0.03309822082519531, 10.887043952941895, 11.464523315429688, -401.5683288574219, 0.09695791453123093, 728.6110229492188
0.026541709899902344, 10.90341567993164, 11.483124732971191, -401.5138244628906, 0.10464925318956375, 729.7577514648438
0.017641544342041016, 10.923688888549805, 11.500304222106934, -401.46337890625, 0.12143425643444061, 730.9055786132812
0.012496232986450195, 10.946611404418945, 11.519484519958496, -401.4268493652344, 0.12270906567573547, 732.0613403320312
0.012698650360107422, 10.963383674621582, 11.538427352905273, -401.4037170410156, 0.12320300936698914, 733.22021484375
0.014548540115356445, 10.977190971374512, 11.556098937988281, -401.3835144042969, 0.11829803884029388, 734.37646484375
0.014050006866455078, 10.992565155029297, 11.574480056762695, -401.35894775390625, 0.11697666347026825, 735.5305786132812
0.00891256332397461, 11.005840301513672, 11.594432830810547, -401.3370056152344, 0.11319325119256973, 736.6810913085938
0.002330780029296875, 11.021817207336426, 11.615428924560547, -401.3185119628906, 0.10746103525161743, 737.8251953125
-0.002523183822631836, 11.037171363830566, 11.641219139099121, -401.3095397949219, 0.10479634255170822, 738.9678955078125
-0.0071375370025634766, 11.050923347473145, 11.664423942565918, -401.3144226074219, 0.10237274318933487, 740.1085815429688
-0.008901834487915039, 11.064044952392578, 11.688358306884766, -401.3251953125, 0.10043314099311829, 741.24609375
-0.014257431030273438, 11.074872970581055, 11.710444450378418, -401.33123779296875, 0.0947064757347107, 742.3798217773438
-0.023149967193603516, 11.089425086975098, 11.733180046081543, -401.3417663574219, 0.089555524289608, 743.511962890625
-0.03351092338562012, 11.106959342956543, 11.75193977355957, -401.36529541015625, 0.08606128394603729, 744.6491088867188
-0.042821645736694336, 11.126998901367188, 11.769926071166992, -401.40240478515625, 0.07482566684484482, 745.7935180664062
-0.05283784866333008, 11.147733688354492, 11.786423683166504, -401.4445495605469, 0.0715402215719223, 746.9387817382812
-0.05588173866271973, 11.166034698486328, 11.79354190826416, -401.50067138671875, 0.06757596880197525, 748.08056640625
-0.057889699935913086, 11.181018829345703, 11.803178787231445, -401.5616149902344, 0.06642492860555649, 749.2188720703125
-0.06221890449523926, 11.193743705749512, 11.814325332641602, -401.6257019042969, 0.06301646679639816, 750.3573608398438
-0.061476945877075195, 11.205934524536133, 11.828536987304688, -401.6944580078125, 0.06520449370145798, 751.5007934570312
-0.060602426528930664, 11.22248363494873, 11.844987869262695, -401.7646484375, 0.07101577520370483, 752.6488037109375
-0.05718111991882324, 11.24118423461914, 11.86401081085205, -401.8283386230469, 0.08119656890630722, 753.80615234375
-0.05450320243835449, 11.262197494506836, 11.883845329284668, -401.89105224609375, 0.09552531689405441, 754.968994140625
-0.05901360511779785, 11.279011726379395, 11.901942253112793, -401.9478454589844, 0.11008339375257492, 756.1271362304688
-0.06373834609985352, 11.293642044067383, 11.92076587677002, -402.01312255859375, 0.11729913204908371, 757.2799072265625
-0.07125544548034668, 11.310837745666504, 11.938777923583984, -402.08575439453125, 0.12368299812078476, 758.4320678710938
-0.07635331153869629, 11.332906723022461, 11.958659172058105, -402.1645202636719, 0.12938299775123596, 759.587890625
-0.08217740058898926, 11.352164268493652, 11.976086616516113, -402.249755859375, 0.1436777114868164, 760.74853515625
-0.08987832069396973, 11.37795639038086, 11.993485450744629, -402.338134765625, 0.1542014628648758, 761.9078979492188
-0.09592962265014648, 11.402596473693848, 12.014548301696777, -402.4344482421875, 0.16166329383850098, 763.0707397460938
-0.10079169273376465, 11.425299644470215, 12.034075736999512, -402.537109375, 0.1633492410182953, 764.2288208007812
-0.10557317733764648, 11.448792457580566, 12.050867080688477, -402.64581298828125, 0.15890376269817352, 765.3983764648438
-0.11090803146362305, 11.474700927734375, 12.06444263458252, -402.76947021484375, 0.15606531500816345, 766.5537719726562
-0.11832642555236816, 11.493453979492188, 12.080172538757324, -402.9009704589844, 0.15671758353710175, 767.70361328125
-0.12540960311889648, 11.509815216064453, 12.092809677124023, -403.0448303222656, 0.15026035904884338, 768.8482666015625
-0.130690336227417, 11.528850555419922, 12.10576057434082, -403.1995544433594, 0.14146271347999573, 769.9911499023438
-0.13968539237976074, 11.550379753112793, 12.121699333190918, -403.3567199707031, 0.1348874866962433, 771.1361694335938
-0.15254640579223633, 11.566634178161621, 12.13754940032959, -403.5145568847656, 0.13568252325057983, 772.2776489257812
-0.16741561889648438, 11.585686683654785, 12.157587051391602, -403.68902587890625, 0.12858620285987854, 773.4189453125
-0.17830705642700195, 11.6025390625, 12.178887367248535, -403.88226318359375, 0.123463474214077, 774.5576782226562
-0.18735694885253906, 11.617859840393066, 12.198087692260742, -404.0931091308594, 0.11687722057104111, 775.6944580078125
-0.19783687591552734, 11.634161949157715, 12.217570304870605, -404.30755615234375, 0.11164572834968567, 776.8251342773438
-0.2101142406463623, 11.649421691894531, 12.236369132995605, -404.5357971191406, 0.10758562386035919, 777.9534912109375
-0.22078466415405273, 11.659932136535645, 12.25594425201416, -404.77581787109375, 0.10658472031354904, 779.0845947265625
-0.23287439346313477, 11.670653343200684, 12.275508880615234, -405.020751953125, 0.1050855740904808, 780.2106323242188
-0.24195647239685059, 11.681286811828613, 12.295289039611816, -405.2756042480469, 0.0994006097316742, 781.3357543945312
-0.2519040107727051, 11.686055183410645, 12.31436824798584, -405.5406494140625, 0.09463369101285934, 782.4591064453125
-0.2587890625, 11.693732261657715, 12.336016654968262, -405.8206787109375, 0.09316929429769516, 783.57373046875
-0.2634761333465576, 11.705026626586914, 12.361311912536621, -406.10699462890625, 0.09268605709075928, 784.6911010742188
-0.268146276473999, 11.717316627502441, 12.386683464050293, -406.4007568359375, 0.09874328225851059, 785.8089599609375
-0.27356410026550293, 11.732491493225098, 12.411402702331543, -406.7022399902344, 0.1011429950594902, 786.9240112304688
-0.2803328037261963, 11.748279571533203, 12.433469772338867, -407.0090637207031, 0.10414671152830124, 788.03125
-0.286409854888916, 11.765168190002441, 12.4548921585083, -407.3218078613281, 0.10733120143413544, 789.1287231445312
-0.2905256748199463, 11.786108016967773, 12.476336479187012, -407.6429138183594, 0.10259277373552322, 790.2238159179688
-0.2925708293914795, 11.807072639465332, 12.493646621704102, -407.96844482421875, 0.09619095921516418, 791.322509765625
-0.29651927947998047, 11.825909614562988, 12.507218360900879, -408.3005065917969, 0.09475401043891907, 792.4188842773438
-0.2996346950531006, 11.836827278137207, 12.520686149597168, -408.6355285644531, 0.09709203243255615, 793.5130004882812
-0.3066093921661377, 11.849727630615234, 12.535284996032715, -408.9845886230469, 0.09552884846925735, 794.6050415039062
-0.31359100341796875, 11.860115051269531, 12.550066947937012, -409.340087890625, 0.09510049968957901, 795.6986694335938
-0.3189852237701416, 11.87060832977295, 12.567757606506348, -409.7003173828125, 0.10024304687976837, 796.787109375
-0.3241276741027832, 11.885286331176758, 12.582928657531738, -410.0645751953125, 0.10293317586183548, 797.8729858398438
-0.3327460289001465, 11.898758888244629, 12.597179412841797, -410.43499755859375, 0.10838352143764496, 798.9617309570312
-0.34120845794677734, 11.913162231445312, 12.612714767456055, -410.8130187988281, 0.11391181498765945, 800.0457153320312
-0.3482692241668701, 11.930279731750488, 12.62830924987793, -411.1965637207031, 0.11707211285829544, 801.126220703125
-0.35611510276794434, 11.949082374572754, 12.650797843933105, -411.5840148925781, 0.11982212215662003, 802.203125
-0.3656325340270996, 11.961158752441406, 12.671574592590332, -411.9820861816406, 0.11946960538625717, 803.2804565429688
-0.3769190311431885, 11.975629806518555, 12.690571784973145, -412.39630126953125, 0.1163889616727829, 804.3646240234375
-0.38756418228149414, 11.99355411529541, 12.711921691894531, -412.8208923339844, 0.11423591524362564, 805.4431762695312
-0.3943300247192383, 12.010427474975586, 12.730300903320312, -413.2532043457031, 0.11338818073272705, 806.5203247070312
-0.4069488048553467, 12.029850959777832, 12.748799324035645, -413.6911926269531, 0.1151052713394165, 807.5924682617188
-0.41943955421447754, 12.050485610961914, 12.769110679626465, -414.13787841796875, 0.1182960569858551, 808.65625
-0.43004655838012695, 12.070013999938965, 12.792299270629883, -414.5888977050781, 0.12222781032323837, 809.70703125
-0.44814562797546387, 12.09083366394043, 12.817848205566406, -415.0519104003906, 0.11977989971637726, 810.7525634765625
-0.469257116317749, 12.107449531555176, 12.844369888305664, -415.5345153808594, 0.12050484120845795, 811.7908935546875
-0.48830270767211914, 12.117945671081543, 12.871773719787598, -416.0361328125, 0.12441764026880264, 812.8177490234375
-0.5007162094116211, 12.128373146057129, 12.897393226623535, -416.55010986328125, 0.12736403942108154, 813.832763671875
-0.5099005699157715, 12.138909339904785, 12.918631553649902, -417.0788879394531, 0.12980636954307556, 814.8386840820312
-0.5175416469573975, 12.15381145477295, 12.932984352111816, -417.6185302734375, 0.1311773955821991, 815.8317260742188
-0.5244765281677246, 12.169168472290039, 12.947690963745117, -418.16912841796875, 0.13104522228240967, 816.8244018554688
-0.5323278903961182, 12.184399604797363, 12.960763931274414, -418.73150634765625, 0.1360776126384735, 817.81005859375
-0.5412094593048096, 12.198122024536133, 12.973919868469238, -419.3092041015625, 0.1371607929468155, 818.7969970703125
-0.5475680828094482, 12.21658706665039, 12.989494323730469, -419.8971862792969, 0.13548696041107178, 819.7738037109375
-0.5540950298309326, 12.231290817260742, 13.000027656555176, -420.49017333984375, 0.134807288646698, 820.7380981445312
-0.561225175857544, 12.24254035949707, 13.008841514587402, -421.0805969238281, 0.13329562544822693, 821.6935424804688
-0.5683271884918213, 12.251866340637207, 13.017571449279785, -421.6869812011719, 0.1289735734462738, 822.6455078125
-0.5797736644744873, 12.262006759643555, 13.02932071685791, -422.28570556640625, 0.12542641162872314, 823.5913696289062
-0.5914454460144043, 12.27503490447998, 13.04466438293457, -422.90228271484375, 0.12374720722436905, 824.531494140625
-0.608245849609375, 12.288159370422363, 13.063403129577637, -423.533203125, 0.13190971314907074, 825.4699096679688
-0.6294584274291992, 12.301924705505371, 13.083498001098633, -424.1728210449219, 0.14109216630458832, 826.3905029296875
-0.6513733863830566, 12.321137428283691, 13.104341506958008, -424.8267822265625, 0.14906705915927887, 827.2982788085938
-0.6705005168914795, 12.339203834533691, 13.124258995056152, -425.49285888671875, 0.15327508747577667, 828.1942138671875
-0.6825463771820068, 12.355875015258789, 13.142106056213379, -426.1708068847656, 0.1532507687807083, 829.0731811523438
-0.6884222030639648, 12.375581741333008, 13.155515670776367, -426.8572998046875, 0.1504453420639038, 829.9458618164062
-0.6941204071044922, 12.400663375854492, 13.176094055175781, -427.552978515625, 0.1530524492263794, 830.8173217773438
-0.7001688480377197, 12.427412033081055, 13.19770336151123, -428.260498046875, 0.15637357532978058, 831.6875
-0.7054359912872314, 12.451554298400879, 13.223663330078125, -428.97064208984375, 0.16033117473125458, 832.5589599609375
-0.7112057209014893, 12.472530364990234, 13.24831771850586, -429.6885681152344, 0.16608430445194244, 833.4279174804688
-0.7103865146636963, 12.491049766540527, 13.271510124206543, -430.4123840332031, 0.17024479806423187, 834.2889404296875
-0.7101671695709229, 12.506608963012695, 13.298321723937988, -431.1363830566406, 0.17478306591510773, 835.1539916992188
-0.7097530364990234, 12.51778507232666, 13.326854705810547, -431.8653259277344, 0.17785562574863434, 836.02099609375
-0.70819091796875, 12.532205581665039, 13.346274375915527, -432.593994140625, 0.18279023468494415, 836.8847045898438
-0.7038438320159912, 12.548227310180664, 13.363571166992188, -433.33135986328125, 0.1830044686794281, 837.7529907226562
-0.6973593235015869, 12.562929153442383, 13.382612228393555, -434.0711669921875, 0.17911165952682495, 838.6270751953125
-0.6898984909057617, 12.576682090759277, 13.402369499206543, -434.80902099609375, 0.17259159684181213, 839.5074462890625
-0.6822266578674316, 12.587211608886719, 13.423248291015625, -435.537353515625, 0.1658671796321869, 840.3958740234375
-0.6761605739593506, 12.594442367553711, 13.444276809692383, -436.256591796875, 0.1623098999261856, 841.286376953125
-0.6715795993804932, 12.598251342773438, 13.461979866027832, -436.9717712402344, 0.15620234608650208, 842.1817016601562
-0.6689174175262451, 12.602615356445312, 13.477317810058594, -437.6794128417969, 0.15187795460224152, 843.0787963867188
-0.6691524982452393, 12.61023235321045, 13.495306968688965, -438.3854675292969, 0.1469678282737732, 843.9774169921875
-0.6673223972320557, 12.622358322143555, 13.515320777893066, -439.0827331542969, 0.14090655744075775, 844.8748168945312
-0.6688103675842285, 12.637761116027832, 13.535101890563965, -439.7750549316406, 0.13448496162891388, 845.773193359375
-0.669748067855835, 12.65605354309082, 13.556544303894043, -440.4612731933594, 0.13486379384994507, 846.66943359375
-0.6719131469726562, 12.676236152648926, 13.57872486114502, -441.1537780761719, 0.13525499403476715, 847.5652465820312
-0.6735575199127197, 12.695704460144043, 13.600506782531738, -441.8460998535156, 0.13796621561050415, 848.4623413085938
-0.6726779937744141, 12.71069049835205, 13.621614456176758, -442.541748046875, 0.14429353177547455, 849.3577880859375
-0.6777746677398682, 12.722014427185059, 13.64099407196045, -443.23785400390625, 0.14595621824264526, 850.2551879882812
-0.681232213973999, 12.740361213684082, 13.658478736877441, -443.9356384277344, 0.14455831050872803, 851.1507568359375
-0.6797635555267334, 12.755367279052734, 13.672078132629395, -444.63671875, 0.1423584520816803, 852.04296875
-0.6762847900390625, 12.772244453430176, 13.6910982131958, -445.3370361328125, 0.14598757028579712, 852.9334716796875
-0.6800825595855713, 12.785141944885254, 13.702672958374023, -446.0307922363281, 0.14914599061012268, 853.8173828125
-0.6890723705291748, 12.796700477600098, 13.713900566101074, -446.7311706542969, 0.14907574653625488, 854.7061157226562
-0.7000091075897217, 12.806346893310547, 13.727919578552246, -447.4352111816406, 0.14380450546741486, 855.5826416015625
-0.7141315937042236, 12.815279960632324, 13.743022918701172, -448.1496887207031, 0.14338693022727966, 856.4554443359375
-0.7264869213104248, 12.827507019042969, 13.753705024719238, -448.8750915527344, 0.14008912444114685, 857.3140258789062
-0.7378456592559814, 12.840645790100098, 13.76763916015625, -449.6152648925781, 0.13049204647541046, 858.1604614257812
-0.7437870502471924, 12.848921775817871, 13.778921127319336, -450.3681640625, 0.11915172636508942, 858.999755859375
-0.7455747127532959, 12.854436874389648, 13.791715621948242, -451.1334228515625, 0.11349450051784515, 859.8352661132812
-0.7506277561187744, 12.861102104187012, 13.805033683776855, -451.9062194824219, 0.10589992254972458, 860.6621704101562
-0.7560551166534424, 12.868532180786133, 13.820884704589844, -452.6794128417969, 0.09770485013723373, 861.4945068359375
-0.7658464908599854, 12.873814582824707, 13.83788013458252, -453.4559326171875, 0.08961835503578186, 862.3272705078125
-0.7766993045806885, 12.878199577331543, 13.853546142578125, -454.2424011230469, 0.07862436026334763, 863.1522827148438
-0.789086103439331, 12.883219718933105, 13.863960266113281, -455.03997802734375, 0.06430809199810028, 863.9618530273438
-0.8006689548492432, 12.89703369140625, 13.872953414916992, -455.85205078125, 0.056983210146427155, 864.767578125
-0.8034279346466064, 12.910421371459961, 13.884570121765137, -456.6815185546875, 0.0558355376124382, 865.566162109375
-0.8024604320526123, 12.92216968536377, 13.897845268249512, -457.5149841308594, 0.06395129859447479, 866.36669921875
-0.8094160556793213, 12.934954643249512, 13.914226531982422, -458.3434753417969, 0.07336919009685516, 867.17041015625
-0.8130767345428467, 12.941791534423828, 13.925990104675293, -459.180419921875, 0.08585340529680252, 867.9722290039062
-0.8163502216339111, 12.948099136352539, 13.934927940368652, -460.01751708984375, 0.0951676219701767, 868.768798828125
-0.8219048976898193, 12.953581809997559, 13.945061683654785, -460.8565979003906, 0.10483713448047638, 869.5671997070312
-0.8270421028137207, 12.95543384552002, 13.957947731018066, -461.6953125, 0.10627816617488861, 870.356689453125
-0.8274326324462891, 12.960994720458984, 13.97238540649414, -462.53717041015625, 0.10784614086151123, 871.142333984375
-0.8262195587158203, 12.969949722290039, 13.990165710449219, -463.3760986328125, 0.10920238494873047, 871.9301147460938
-0.8224213123321533, 12.981937408447266, 14.006438255310059, -464.2147521972656, 0.10430146008729935, 872.7153930664062
-0.8185126781463623, 12.992035865783691, 14.022193908691406, -465.0439758300781, 0.10196716338396072, 873.5032958984375
-0.815091609954834, 13.001239776611328, 14.035964965820312, -465.8606262207031, 0.09875813871622086, 874.2850952148438
-0.8107006549835205, 13.007473945617676, 14.046364784240723, -466.6717834472656, 0.09622442722320557, 875.0670166015625
-0.8073017597198486, 13.018016815185547, 14.06169605255127, -467.4840087890625, 0.09470000118017197, 875.856201171875
-0.808063268661499, 13.030477523803711, 14.086575508117676, -468.2947692871094, 0.08975905179977417, 876.6491088867188
-0.8067200183868408, 13.030673027038574, 14.108148574829102, -469.10125732421875, 0.08541480451822281, 877.4380493164062
-0.8103744983673096, 13.033551216125488, 14.131081581115723, -469.9116516113281, 0.08772948384284973, 878.230224609375
-0.811743974685669, 13.034595489501953, 14.153740882873535, -470.721435546875, 0.09105860441923141, 879.0232543945312
-0.8122458457946777, 13.041707992553711, 14.17796802520752, -471.54229736328125, 0.09286323189735413, 879.8154296875
-0.8163638114929199, 13.048562049865723, 14.205292701721191, -472.36993408203125, 0.09163062274456024, 880.6148681640625
-0.8213517665863037, 13.057332992553711, 14.235342979431152, -473.203369140625, 0.08842392265796661, 881.40771484375
-0.8277192115783691, 13.065062522888184, 14.258536338806152, -474.04547119140625, 0.08554953336715698, 882.1902465820312
-0.8346638679504395, 13.073856353759766, 14.28111743927002, -474.8939514160156, 0.08316821604967117, 882.9638061523438
-0.8413774967193604, 13.089693069458008, 14.303863525390625, -475.7490539550781, 0.08147720992565155, 883.7361450195312
-0.8465378284454346, 13.110183715820312, 14.324516296386719, -476.6129455566406, 0.08210296928882599, 884.5094604492188
-0.8467340469360352, 13.127368927001953, 14.33916187286377, -477.4776306152344, 0.0819954201579094, 885.2759399414062
-0.8453536033630371, 13.145220756530762, 14.349482536315918, -478.34173583984375, 0.08343502134084702, 886.0436401367188
-0.8400924205780029, 13.164581298828125, 14.35654354095459, -479.2053527832031, 0.09595061838626862, 886.8103637695312
-0.8333940505981445, 13.184246063232422, 14.367450714111328, -480.06805419921875, 0.1029815673828125, 887.5811157226562
-0.82694411277771, 13.204621315002441, 14.376936912536621, -480.9228515625, 0.10945766419172287, 888.35888671875
-0.8261005878448486, 13.226225852966309, 14.385889053344727, -481.75836181640625, 0.1235610619187355, 889.15234375
-0.8311765193939209, 13.249456405639648, 14.395013809204102, -482.5848693847656, 0.13923783600330353, 889.9492797851562
-0.8357956409454346, 13.271341323852539, 14.406998634338379, -483.4107360839844, 0.15013539791107178, 890.7366333007812
-0.8377625942230225, 13.293883323669434, 14.419204711914062, -484.2410583496094, 0.1578790694475174, 891.511474609375
-0.8363618850708008, 13.310868263244629, 14.429703712463379, -485.073974609375, 0.1621762067079544, 892.2825927734375
-0.8310825824737549, 13.322879791259766, 14.443463325500488, -485.9100341796875, 0.16999945044517517, 893.0547485351562
-0.8350720405578613, 13.332175254821777, 14.454365730285645, -486.7369689941406, 0.16911527514457703, 893.8171997070312
-0.8384840488433838, 13.339632034301758, 14.469551086425781, -487.57891845703125, 0.1653006672859192, 894.5845947265625
-0.8416996002197266, 13.343055725097656, 14.482745170593262, -488.4164123535156, 0.16429653763771057, 895.3488159179688
-0.84250807762146, 13.351224899291992, 14.491303443908691, -489.2508850097656, 0.1647442728281021, 896.1083374023438
-0.8446304798126221, 13.35831356048584, 14.504645347595215, -490.0910949707031, 0.16776302456855774, 896.8734130859375
-0.8483014106750488, 13.36323356628418, 14.518563270568848, -490.93133544921875, 0.17046131193637848, 897.6408081054688
-0.851938009262085, 13.369257926940918, 14.532723426818848, -491.782470703125, 0.1792033612728119, 898.40869140625
-0.8605194091796875, 13.374080657958984, 14.548556327819824, -492.6353759765625, 0.17968711256980896, 899.1747436523438
-0.8664889335632324, 13.376579284667969, 14.563470840454102, -493.4915466308594, 0.17815116047859192, 899.9278564453125
-0.8757674694061279, 13.382415771484375, 14.578954696655273, -494.35382080078125, 0.17902493476867676, 900.6785278320312
-0.8802280426025391, 13.393935203552246, 14.604666709899902, -495.22552490234375, 0.17777815461158752, 901.4237670898438
-0.8853044509887695, 13.409162521362305, 14.624486923217773, -496.1006774902344, 0.1849755197763443, 902.166015625
-0.8915164470672607, 13.42113208770752, 14.652368545532227, -496.9783935546875, 0.190373957157135, 902.9039916992188
-0.8999514579772949, 13.43293285369873, 14.676907539367676, -497.8599853515625, 0.19581051170825958, 903.6314086914062
-0.905998706817627, 13.438901901245117, 14.705048561096191, -498.7481384277344, 0.20141300559043884, 904.354736328125
-0.9142227172851562, 13.445213317871094, 14.737409591674805, -499.6489562988281, 0.21211743354797363, 905.0715942382812
-0.921281099319458, 13.448901176452637, 14.76733112335205, -500.5503234863281, 0.21680903434753418, 905.7796020507812
-0.9286963939666748, 13.45483112335205, 14.798913955688477, -501.4543151855469, 0.22323530912399292, 906.4861450195312
-0.9312717914581299, 13.459369659423828, 14.823917388916016, -502.362060546875, 0.23143401741981506, 907.1770629882812
-0.9322495460510254, 13.457972526550293, 14.85159969329834, -503.2713317871094, 0.23543742299079895, 907.8640747070312
-0.9328272342681885, 13.456323623657227, 14.878164291381836, -504.1717529296875, 0.24410636723041534, 908.5513305664062
-0.9343597888946533, 13.456626892089844, 14.900771141052246, -505.0794982910156, 0.2519547939300537, 909.2435302734375
-0.9374895095825195, 13.462498664855957, 14.922978401184082, -505.98516845703125, 0.27063286304473877, 909.935546875
-0.9419083595275879, 13.469965934753418, 14.943018913269043, -506.8922119140625, 0.2872340679168701, 910.6317138671875
-0.9493365287780762, 13.480814933776855, 14.958019256591797, -507.7965393066406, 0.2994840443134308, 911.3200073242188
-0.9516811370849609, 13.486346244812012, 14.97144889831543, -508.70703125, 0.31099408864974976, 911.9981689453125
-0.9542295932769775, 13.487374305725098, 14.983724594116211, -509.6116638183594, 0.32025596499443054, 912.6690673828125
-0.9544589519500732, 13.482722282409668, 14.997811317443848, -510.51776123046875, 0.32960984110832214, 913.3278198242188
-0.9513342380523682, 13.479702949523926, 15.0137357711792, -511.43212890625, 0.34177106618881226, 913.989013671875
-0.944265604019165, 13.47947883605957, 15.030572891235352, -512.352783203125, 0.35534608364105225, 914.6575927734375
-0.9393630027770996, 13.485187530517578, 15.050007820129395, -513.272705078125, 0.3666013777256012, 915.3328247070312
-0.9361295700073242, 13.49442195892334, 15.069609642028809, -514.188232421875, 0.3749314248561859, 916.012939453125
-0.9378859996795654, 13.501481056213379, 15.088469505310059, -515.1006469726562, 0.3849779963493347, 916.697265625
-0.9424846172332764, 13.505056381225586, 15.104568481445312, -516.0158081054688, 0.39713916182518005, 917.3792724609375
-0.9457714557647705, 13.507266998291016, 15.118727684020996, -516.935302734375, 0.401561975479126, 918.05224609375
-0.9507009983062744, 13.507206916809082, 15.131757736206055, -517.8567504882812, 0.40547510981559753, 918.7176513671875
-0.9532113075256348, 13.508037567138672, 15.143674850463867, -518.7784423828125, 0.41466572880744934, 919.3840942382812
-0.9523470401763916, 13.512239456176758, 15.150585174560547, -519.6976928710938, 0.4223940372467041, 920.0463256835938
-0.9559314250946045, 13.516792297363281, 15.15681266784668, -520.6175537109375, 0.42665526270866394, 920.708251953125
-0.959632158279419, 13.524726867675781, 15.166231155395508, -521.5372924804688, 0.4316031336784363, 921.3746948242188
-0.9665553569793701, 13.531404495239258, 15.179838180541992, -522.4577026367188, 0.43852752447128296, 922.0427856445312
-0.9752018451690674, 13.537474632263184, 15.192566871643066, -523.3799438476562, 0.4456219971179962, 922.7009887695312
-0.9819991588592529, 13.539566993713379, 15.20483112335205, -524.3050537109375, 0.45478349924087524, 923.3538208007812
-0.9864475727081299, 13.539958953857422, 15.212778091430664, -525.2380981445312, 0.46050959825515747, 924.0004272460938
-0.9888803958892822, 13.54572868347168, 15.22187328338623, -526.17626953125, 0.4661272466182709, 924.63818359375
-0.9897880554199219, 13.555197715759277, 15.235830307006836, -527.1194458007812, 0.47604992985725403, 925.2755737304688
-0.9859583377838135, 13.564026832580566, 15.252518653869629, -528.0679321289062, 0.48533910512924194, 925.9169921875
-0.987431526184082, 13.57433032989502, 15.267292976379395, -529.01904296875, 0.4963988959789276, 926.5615844726562
-0.9925708770751953, 13.584447860717773, 15.285032272338867, -529.9796142578125, 0.5124425292015076, 927.2068481445312
-0.9994182586669922, 13.590262413024902, 15.298752784729004, -530.9332885742188, 0.5306776165962219, 927.8455200195312
-1.0104196071624756, 13.595736503601074, 15.315836906433105, -531.8867797851562, 0.5470666289329529, 928.480712890625
-1.0177719593048096, 13.596855163574219, 15.336812973022461, -532.8447875976562, 0.5624319911003113, 929.1050415039062
-1.024043083190918, 13.598462104797363, 15.359771728515625, -533.80615234375, 0.5692718029022217, 929.7244262695312
-1.0321214199066162, 13.601162910461426, 15.381128311157227, -534.7685546875, 0.574651837348938, 930.336669921875
-1.0410466194152832, 13.603901863098145, 15.40423583984375, -535.734130859375, 0.5759781002998352, 930.9352416992188
-1.0481517314910889, 13.609366416931152, 15.430930137634277, -536.705322265625, 0.5733447074890137, 931.5298461914062
-1.0545928478240967, 13.615678787231445, 15.451995849609375, -537.6846923828125, 0.5764992833137512, 932.1190795898438
-1.056720495223999, 13.625850677490234, 15.470731735229492, -538.6826171875, 0.5804629325866699, 932.7071533203125
-1.0611367225646973, 13.632535934448242, 15.489429473876953, -539.6856079101562, 0.5868964791297913, 933.290771484375
-1.0661952495574951, 13.644730567932129, 15.513739585876465, -540.69384765625, 0.589179515838623, 933.8635864257812
-1.0758631229400635, 13.655593872070312, 15.532710075378418, -541.6971435546875, 0.5916935801506042, 934.4281616210938
-1.0865623950958252, 13.666354179382324, 15.549952507019043, -542.698974609375, 0.5925890803337097, 934.9808349609375
-1.0954701900482178, 13.671333312988281, 15.57682991027832, -543.6953125, 0.6012184023857117, 935.5297241210938
-1.104116439819336, 13.676568984985352, 15.604000091552734, -544.68994140625, 0.6104466915130615, 936.07177734375
-1.1135668754577637, 13.679146766662598, 15.638416290283203, -545.6901245117188, 0.6225635409355164, 936.6111450195312
-1.1262218952178955, 13.678330421447754, 15.66897201538086, -546.6923828125, 0.6345235705375671, 937.1342163085938
-1.1350834369659424, 13.679006576538086, 15.696340560913086, -547.7047119140625, 0.6469033360481262, 937.6483764648438
-1.140488862991333, 13.679768562316895, 15.720335006713867, -548.7176513671875, 0.6538912057876587, 938.147216796875
-1.146368384361267, 13.6785249710083, 15.741783142089844, -549.7387084960938, 0.6509782671928406, 938.636474609375
-1.1528897285461426, 13.678327560424805, 15.766006469726562, -550.7706298828125, 0.6547536253929138, 939.1221313476562
-1.1608997583389282, 13.68278980255127, 15.786677360534668, -551.8084106445312, 0.6611393690109253, 939.60009765625
-1.1726051568984985, 13.686721801757812, 15.808480262756348, -552.8497924804688, 0.6715214848518372, 940.0703125
-1.1839122772216797, 13.695530891418457, 15.827610969543457, -553.88818359375, 0.6809896230697632, 940.5221557617188
-1.1909959316253662, 13.699569702148438, 15.848153114318848, -554.9347534179688, 0.6929618120193481, 940.9620971679688
-1.1920130252838135, 13.705490112304688, 15.868839263916016, -555.9802856445312, 0.7001321315765381, 941.3955078125
-1.194686770439148, 13.709999084472656, 15.887857437133789, -557.024658203125, 0.7134804129600525, 941.8259887695312
-1.1930054426193237, 13.715241432189941, 15.906150817871094, -558.065185546875, 0.7312536835670471, 942.25390625
-1.1902339458465576, 13.71704387664795, 15.924229621887207, -559.1060180664062, 0.7444223165512085, 942.6846923828125
-1.191857933998108, 13.712617874145508, 15.939295768737793, -560.1477661132812, 0.7580628991127014, 943.113037109375
-1.1983087062835693, 13.71235466003418, 15.958168983459473, -561.1920166015625, 0.7716901898384094, 943.5429077148438
-1.209692358970642, 13.716751098632812, 15.974482536315918, -562.2451171875, 0.7860251665115356, 943.9652709960938
-1.2248777151107788, 13.719731330871582, 15.990798950195312, -563.3096923828125, 0.7955989241600037, 944.3819580078125
-1.2382580041885376, 13.724984169006348, 16.004472732543945, -564.384033203125, 0.7961370944976807, 944.7868041992188
-1.250309944152832, 13.73514461517334, 16.02452850341797, -565.4632568359375, 0.7943587303161621, 945.1845703125
-1.2573293447494507, 13.745171546936035, 16.044706344604492, -566.5489501953125, 0.7899529933929443, 945.5636596679688
-1.2601932287216187, 13.75667953491211, 16.061307907104492, -567.6376342773438, 0.7881755828857422, 945.9265747070312
-1.2615077495574951, 13.76752758026123, 16.074432373046875, -568.735595703125, 0.7944609522819519, 946.2886352539062
-1.261141300201416, 13.776626586914062, 16.089405059814453, -569.8312377929688, 0.8041085600852966, 946.64892578125
-1.2617815732955933, 13.78237533569336, 16.10627555847168, -570.9282836914062, 0.8110303282737732, 947.0135498046875
-1.263254165649414, 13.789040565490723, 16.125303268432617, -572.0239868164062, 0.815893828868866, 947.3712768554688
-1.2652630805969238, 13.799324989318848, 16.147281646728516, -573.121826171875, 0.8188101649284363, 947.7259521484375
-1.2680644989013672, 13.809639930725098, 16.168167114257812, -574.2176513671875, 0.8241094946861267, 948.0738525390625
-1.269331693649292, 13.819998741149902, 16.188121795654297, -575.3056640625, 0.8235007524490356, 948.4223022460938
-1.2666680812835693, 13.827873229980469, 16.20074462890625, -576.391845703125, 0.8261764645576477, 948.7640380859375
-1.266697883605957, 13.844047546386719, 16.22243309020996, -577.4783325195312, 0.8232030868530273, 949.1154174804688
-1.2664029598236084, 13.855159759521484, 16.245384216308594, -578.5733032226562, 0.8270862102508545, 949.4752807617188
-1.2706115245819092, 13.869089126586914, 16.263940811157227, -579.669189453125, 0.8316217660903931, 949.842529296875
-1.2678734064102173, 13.885499954223633, 16.2867431640625, -580.765869140625, 0.8311808109283447, 950.2073974609375
-1.26714289188385, 13.900521278381348, 16.307659149169922, -581.867431640625, 0.8339947462081909, 950.5756225585938
-1.2686431407928467, 13.91285228729248, 16.323301315307617, -582.9660034179688, 0.8365695476531982, 950.934814453125
-1.2697052955627441, 13.9224271774292, 16.33976936340332, -584.0645141601562, 0.8345322608947754, 951.2828369140625
-1.2715383768081665, 13.93467903137207, 16.355302810668945, -585.157958984375, 0.8313295245170593, 951.6253051757812
-1.2768858671188354, 13.947083473205566, 16.36772346496582, -586.2482299804688, 0.8277772068977356, 951.9589233398438
-1.2844637632369995, 13.959843635559082, 16.3765811920166, -587.3333740234375, 0.8186050653457642, 952.283447265625
-1.2869900465011597, 13.971613883972168, 16.392377853393555, -588.4207153320312, 0.8097960352897644, 952.6082153320312
-1.2846254110336304, 13.99124813079834, 16.41044807434082, -589.5006103515625, 0.8019335865974426, 952.9301147460938
-1.2792603969573975, 14.014373779296875, 16.425678253173828, -590.5883178710938, 0.7953845858573914, 953.2545166015625
-1.278071403503418, 14.037282943725586, 16.44349479675293, -591.6752319335938, 0.7847133874893188, 953.592529296875
-1.2756658792495728, 14.05711841583252, 16.463356018066406, -592.759765625, 0.780484676361084, 953.9266967773438
-1.2727793455123901, 14.07453727722168, 16.481552124023438, -593.8441772460938, 0.7775958180427551, 954.2669677734375
-1.2742208242416382, 14.094342231750488, 16.504030227661133, -594.9248657226562, 0.7736653089523315, 954.6146850585938
-1.279761552810669, 14.114599227905273, 16.522966384887695, -596.0025634765625, 0.7761266231536865, 954.9654541015625
-1.287065863609314, 14.13084602355957, 16.543325424194336, -597.0852661132812, 0.7829083204269409, 955.3074951171875
-1.2935059070587158, 14.147112846374512, 16.563236236572266, -598.1705932617188, 0.7856081128120422, 955.6437377929688
-1.2945383787155151, 14.160700798034668, 16.58418846130371, -599.2587890625, 0.7891789674758911, 955.974365234375
-1.2923457622528076, 14.179139137268066, 16.604421615600586, -600.3466796875, 0.7966728806495667, 956.3055419921875
-1.294195294380188, 14.196645736694336, 16.620302200317383, -601.4349365234375, 0.8090697526931763, 956.6416625976562
-1.299749732017517, 14.216768264770508, 16.633901596069336, -602.5289306640625, 0.8209575414657593, 956.96875
-1.304398536682129, 14.237178802490234, 16.646358489990234, -603.6297607421875, 0.8279922604560852, 957.2858276367188
-1.3056352138519287, 14.256393432617188, 16.657129287719727, -604.7271728515625, 0.8358142375946045, 957.597412109375
-1.3096626996994019, 14.273365020751953, 16.666223526000977, -605.8253173828125, 0.8371663093566895, 957.912841796875
-1.309813380241394, 14.289358139038086, 16.678674697875977, -606.9230346679688, 0.842653751373291, 958.2224731445312
-1.3112316131591797, 14.303071022033691, 16.691076278686523, -608.01953125, 0.8446241617202759, 958.53076171875
-1.3148338794708252, 14.31312084197998, 16.704246520996094, -609.1207885742188, 0.8497059941291809, 958.8411254882812
-1.3159253597259521, 14.325973510742188, 16.71290397644043, -610.2308959960938, 0.853970468044281, 959.1486206054688
-1.3147039413452148, 14.337639808654785, 16.722936630249023, -611.3466186523438, 0.8565140962600708, 959.4518432617188
-1.311944842338562, 14.3529052734375, 16.726102828979492, -612.455078125, 0.8506569862365723, 959.7621459960938
-1.3085740804672241, 14.367106437683105, 16.732540130615234, -613.5670166015625, 0.8467147946357727, 960.08203125
-1.3034307956695557, 14.382149696350098, 16.73711395263672, -614.6736450195312, 0.8457345962524414, 960.401611328125
-1.3000882863998413, 14.399285316467285, 16.742610931396484, -615.7723388671875, 0.8488532900810242, 960.7245483398438
-1.2958307266235352, 14.418925285339355, 16.75211524963379, -616.8797607421875, 0.850297749042511, 961.0532836914062
-1.2854822874069214, 14.43945598602295, 16.761268615722656, -617.9876098632812, 0.8537524342536926, 961.3798217773438
-1.2751795053482056, 14.460156440734863, 16.776334762573242, -619.0872192382812, 0.857814371585846, 961.7184448242188
-1.262977957725525, 14.479890823364258, 16.793853759765625, -620.1814575195312, 0.8608907461166382, 962.0669555664062
-1.254587173461914, 14.489824295043945, 16.808996200561523, -621.2684326171875, 0.8683279156684875, 962.427490234375
-1.2448837757110596, 14.503788948059082, 16.823284149169922, -622.3561401367188, 0.881723165512085, 962.8092041015625
-1.2296253442764282, 14.518416404724121, 16.837324142456055, -623.440185546875, 0.8835431933403015, 963.2000732421875
-1.2193820476531982, 14.528339385986328, 16.85011863708496, -624.5107421875, 0.8787740468978882, 963.60791015625
-1.2065386772155762, 14.540194511413574, 16.862154006958008, -625.5782470703125, 0.8710092306137085, 964.0245361328125
-1.197014331817627, 14.552908897399902, 16.877330780029297, -626.6370849609375, 0.8690042495727539, 964.4540405273438
-1.187699556350708, 14.565839767456055, 16.89274787902832, -627.7025756835938, 0.8684393167495728, 964.8948974609375
-1.1754950284957886, 14.579703330993652, 16.90644073486328, -628.7684326171875, 0.8672950267791748, 965.3412475585938
-1.1680279970169067, 14.594587326049805, 16.924922943115234, -629.8275756835938, 0.8601669669151306, 965.7937622070312
-1.1644517183303833, 14.608799934387207, 16.941560745239258, -630.8959350585938, 0.8547841906547546, 966.2523803710938
-1.16595458984375, 14.616724014282227, 16.95343017578125, -631.9590454101562, 0.8573570251464844, 966.7113647460938
-1.1668061017990112, 14.625475883483887, 16.96234703063965, -633.0211181640625, 0.8666247129440308, 967.1656494140625
-1.1695400476455688, 14.636327743530273, 16.972434997558594, -634.0899047851562, 0.8739233016967773, 967.6215209960938
-1.171619176864624, 14.645079612731934, 16.983257293701172, -635.1655883789062, 0.8832390904426575, 968.075439453125
-1.1682507991790771, 14.652177810668945, 16.998825073242188, -636.2389526367188, 0.8914476037025452, 968.527587890625
-1.1657166481018066, 14.657944679260254, 17.013134002685547, -637.3045654296875, 0.8966056108474731, 968.9766845703125
-1.161069631576538, 14.666504859924316, 17.032461166381836, -638.3611450195312, 0.896780252456665, 969.4279174804688
-1.1587938070297241, 14.677919387817383, 17.050233840942383, -639.4170532226562, 0.8939752578735352, 969.8816528320312
-1.1490068435668945, 14.686123847961426, 17.066059112548828, -640.46142578125, 0.8942301869392395, 970.3317260742188
-1.1409733295440674, 14.691315650939941, 17.075925827026367, -641.5084228515625, 0.8893168568611145, 970.7875366210938
-1.136462926864624, 14.69596004486084, 17.08194351196289, -642.5554809570312, 0.891198992729187, 971.254638671875
-1.1326661109924316, 14.701499938964844, 17.0843563079834, -643.6090698242188, 0.8997038006782532, 971.7318115234375
-1.1329526901245117, 14.705745697021484, 17.087587356567383, -644.6647338867188, 0.9122631549835205, 972.216796875
-1.1332762241363525, 14.711761474609375, 17.095348358154297, -645.7251586914062, 0.9335166215896606, 972.703369140625
-1.127396821975708, 14.715527534484863, 17.105911254882812, -646.7783203125, 0.9561377763748169, 973.1903076171875
-1.1203644275665283, 14.71933650970459, 17.117753982543945, -647.829833984375, 0.9726000428199768, 973.685302734375
-1.1147751808166504, 14.727635383605957, 17.132246017456055, -648.8839721679688, 0.985546350479126, 974.1895751953125
-1.1075308322906494, 14.735795021057129, 17.14937973022461, -649.9365844726562, 0.9959448575973511, 974.69677734375
-1.1016976833343506, 14.741517066955566, 17.166810989379883, -650.9855346679688, 1.005118489265442, 975.2091674804688
-1.0925734043121338, 14.747835159301758, 17.187480926513672, -652.033203125, 1.0127458572387695, 975.7230834960938
-1.0822360515594482, 14.756637573242188, 17.200969696044922, -653.07080078125, 1.0153343677520752, 976.2409057617188
-1.073676347732544, 14.760432243347168, 17.21457290649414, -654.0973510742188, 1.0150095224380493, 976.7691040039062
-1.0654301643371582, 14.766644477844238, 17.230735778808594, -655.1201171875, 1.0170621871948242, 977.3098754882812
-1.058912992477417, 14.77121639251709, 17.246572494506836, -656.1357421875, 1.0190199613571167, 977.8572998046875
-1.05442476272583, 14.774650573730469, 17.262466430664062, -657.145263671875, 1.0227323770523071, 978.41455078125
-1.0520226955413818, 14.776065826416016, 17.27733039855957, -658.149658203125, 1.0290368795394897, 978.97998046875
-1.052893877029419, 14.78575611114502, 17.287635803222656, -659.1594848632812, 1.0355401039123535, 979.5505981445312
-1.053340196609497, 14.797307968139648, 17.296262741088867, -660.1721801757812, 1.0426058769226074, 980.1236572265625
-1.051576852798462, 14.806695938110352, 17.307546615600586, -661.18408203125, 1.0504595041275024, 980.6932373046875
-1.0525000095367432, 14.811622619628906, 17.319307327270508, -662.1925659179688, 1.064089059829712, 981.2744140625
-1.0520045757293701, 14.81468677520752, 17.331466674804688, -663.1990966796875, 1.0780773162841797, 981.850830078125
-1.0509741306304932, 14.81794261932373, 17.34485626220703, -664.2071533203125, 1.0918618440628052, 982.4301147460938
-1.0541791915893555, 14.823013305664062, 17.35297203063965, -665.2050170898438, 1.1020081043243408, 983.009521484375
-1.0601279735565186, 14.830031394958496, 17.36202049255371, -666.2008056640625, 1.1082168817520142, 983.5897216796875
-1.0616466999053955, 14.834562301635742, 17.37114906311035, -667.2000122070312, 1.1106294393539429, 984.1609497070312
-1.0670719146728516, 14.84125804901123, 17.381793975830078, -668.1928100585938, 1.1143825054168701, 984.7266235351562
-1.072277307510376, 14.84853458404541, 17.398624420166016, -669.1910400390625, 1.122771978378296, 985.2906494140625
-1.0754368305206299, 14.859949111938477, 17.416711807250977, -670.1856689453125, 1.1274783611297607, 985.841796875
-1.0785040855407715, 14.866122245788574, 17.432048797607422, -671.1849975585938, 1.132187008857727, 986.3912963867188
-1.0824713706970215, 14.872307777404785, 17.443492889404297, -672.1915893554688, 1.1449413299560547, 986.9429931640625
-1.0835239887237549, 14.882415771484375, 17.4561710357666, -673.204345703125, 1.1547634601593018, 987.4912109375
-1.0845725536346436, 14.890933990478516, 17.468626022338867, -674.21728515625, 1.159507155418396, 988.0399780273438
-1.0801036357879639, 14.901439666748047, 17.480632781982422, -675.2288208007812, 1.167494297027588, 988.5880737304688
-1.0739483833312988, 14.913254737854004, 17.489858627319336, -676.2346801757812, 1.1726821660995483, 989.1422119140625
-1.0713560581207275, 14.924874305725098, 17.501941680908203, -677.2374267578125, 1.178742527961731, 989.7076416015625
-1.066296100616455, 14.936689376831055, 17.517616271972656, -678.2340698242188, 1.1810508966445923, 990.2752075195312
-1.0640814304351807, 14.94851016998291, 17.535762786865234, -679.224609375, 1.182242512702942, 990.8439331054688
-1.067323923110962, 14.959932327270508, 17.55390739440918, -680.2203979492188, 1.1882139444351196, 991.4083251953125
-1.072824239730835, 14.970870971679688, 17.575334548950195, -681.2197265625, 1.1949244737625122, 991.9682006835938
-1.0782053470611572, 14.98676586151123, 17.5981502532959, -682.227294921875, 1.191236972808838, 992.5216674804688
-1.0823974609375, 15.00043773651123, 17.62531089782715, -683.245849609375, 1.1919844150543213, 993.079345703125
-1.0826995372772217, 15.01065444946289, 17.651111602783203, -684.2653198242188, 1.1906324625015259, 993.6348876953125
-1.0838685035705566, 15.025575637817383, 17.674489974975586, -685.2763061523438, 1.1948899030685425, 994.1882934570312
-1.0816161632537842, 15.036946296691895, 17.696086883544922, -686.2957153320312, 1.1956236362457275, 994.742919921875
-1.0831358432769775, 15.053877830505371, 17.711809158325195, -687.3080444335938, 1.1981520652770996, 995.3009033203125
-1.0877008438110352, 15.071538925170898, 17.725067138671875, -688.32421875, 1.1993905305862427, 995.8477172851562
-1.0882978439331055, 15.083002090454102, 17.748554229736328, -689.3468627929688, 1.2037137746810913, 996.3941040039062
-1.0865874290466309, 15.0899019241333, 17.773035049438477, -690.3568115234375, 1.2120168209075928, 996.9387817382812
-1.083554983139038, 15.09538459777832, 17.787559509277344, -691.350341796875, 1.2231898307800293, 997.4843139648438
-1.0746262073516846, 15.10134220123291, 17.796579360961914, -692.3394165039062, 1.2408862113952637, 998.0364379882812
-1.0718002319335938, 15.111422538757324, 17.804536819458008, -693.3275146484375, 1.2550623416900635, 998.60302734375
-1.0697920322418213, 15.125028610229492, 17.81505584716797, -694.3155517578125, 1.263515591621399, 999.1690673828125
-1.0746753215789795, 15.134361267089844, 17.823909759521484, -695.314453125, 1.2695268392562866, 999.7354736328125
-1.0779335498809814, 15.141278266906738, 17.838199615478516, -696.31396484375, 1.2734917402267456, 1000.2997436523438
-1.0840752124786377, 15.149031639099121, 17.85413932800293, -697.3159790039062, 1.2792302370071411, 1000.8564453125
-1.0897653102874756, 15.15410041809082, 17.87335777282715, -698.3153686523438, 1.2962236404418945, 1001.403076171875
-1.092099905014038, 15.160401344299316, 17.893247604370117, -699.31103515625, 1.312063217163086, 1001.951171875
-1.0926811695098877, 15.168329238891602, 17.909639358520508, -700.3185424804688, 1.3227643966674805, 1002.492431640625
-1.0899684429168701, 15.179117202758789, 17.92697525024414, -701.320068359375, 1.3328593969345093, 1003.0335083007812
-1.0916295051574707, 15.191803932189941, 17.94635009765625, -702.3232421875, 1.34315025806427, 1003.5786743164062
-1.0952699184417725, 15.205450057983398, 17.96672248840332, -703.3195190429688, 1.3443732261657715, 1004.125
-1.0983917713165283, 15.213766098022461, 17.989612579345703, -704.3191528320312, 1.3490049839019775, 1004.6666259765625
-1.0997264385223389, 15.224337577819824, 18.015350341796875, -705.3245849609375, 1.3559143543243408, 1005.2044677734375
-1.0973775386810303, 15.236181259155273, 18.03960609436035, -706.3276977539062, 1.3693538904190063, 1005.741943359375
-1.092228889465332, 15.249794006347656, 18.057767868041992, -707.3343505859375, 1.3817328214645386, 1006.2806396484375
-1.0881869792938232, 15.258636474609375, 18.07866859436035, -708.3470458984375, 1.3926979303359985, 1006.8226928710938
-1.0851390361785889, 15.271872520446777, 18.10313606262207, -709.3615112304688, 1.4021998643875122, 1007.3687744140625
-1.0845835208892822, 15.282029151916504, 18.128469467163086, -710.3709716796875, 1.4143729209899902, 1007.920166015625
-1.087944746017456, 15.288298606872559, 18.155553817749023, -711.3790893554688, 1.423202633857727, 1008.47705078125
-1.092083215713501, 15.29550552368164, 18.182859420776367, -712.386474609375, 1.4297926425933838, 1009.0243530273438
-1.0933952331542969, 15.298867225646973, 18.209522247314453, -713.386962890625, 1.43250572681427, 1009.56884765625
-1.0974457263946533, 15.300069808959961, 18.235382080078125, -714.3811645507812, 1.4402345418930054, 1010.11376953125
-1.102346658706665, 15.296248435974121, 18.257835388183594, -715.3824462890625, 1.4444187879562378, 1010.6502685546875
-1.1092557907104492, 15.292027473449707, 18.28187370300293, -716.389404296875, 1.4545339345932007, 1011.1920776367188
-1.1084926128387451, 15.291702270507812, 18.304706573486328, -717.3987426757812, 1.4664793014526367, 1011.7290649414062
-1.112335443496704, 15.293349266052246, 18.327781677246094, -718.4117431640625, 1.486865758895874, 1012.2681274414062
-1.1124110221862793, 15.30217170715332, 18.34839630126953, -719.4266357421875, 1.503170132637024, 1012.8011474609375
-1.1109144687652588, 15.313910484313965, 18.369403839111328, -720.43408203125, 1.5178943872451782, 1013.3345947265625
-1.111271619796753, 15.326199531555176, 18.38960075378418, -721.4376220703125, 1.5343537330627441, 1013.8655395507812
-1.1118052005767822, 15.332319259643555, 18.407983779907227, -722.43701171875, 1.542574167251587, 1014.3923950195312
-1.1115660667419434, 15.34420394897461, 18.42421531677246, -723.4371337890625, 1.551154613494873, 1014.920654296875
-1.1089608669281006, 15.358672142028809, 18.43856430053711, -724.4518432617188, 1.5643635988235474, 1015.44775390625
-1.0935344696044922, 15.376307487487793, 18.447763442993164, -725.4683837890625, 1.579177737236023, 1015.9681396484375
-1.0797874927520752, 15.393269538879395, 18.458005905151367, -726.4820556640625, 1.59306800365448, 1016.4993896484375
-1.0718657970428467, 15.408266067504883, 18.47066879272461, -727.4845581054688, 1.6041523218154907, 1017.0447998046875
-1.0654547214508057, 15.420022964477539, 18.483753204345703, -728.4862060546875, 1.6166492700576782, 1017.604248046875
-1.0618505477905273, 15.431238174438477, 18.498245239257812, -729.484130859375, 1.6250967979431152, 1018.1698608398438
-1.0614902973175049, 15.4430513381958, 18.514404296875, -730.4774780273438, 1.6319080591201782, 1018.7421875
-1.0576789379119873, 15.456228256225586, 18.53472328186035, -731.4680786132812, 1.642392635345459, 1019.319091796875
-1.0535948276519775, 15.470508575439453, 18.548830032348633, -732.4569091796875, 1.6527942419052124, 1019.89892578125
-1.0465304851531982, 15.486326217651367, 18.564302444458008, -733.4451293945312, 1.6676393747329712, 1020.4833984375
-1.0410077571868896, 15.504288673400879, 18.582313537597656, -734.4323120117188, 1.6751240491867065, 1021.0695190429688
-1.033435583114624, 15.52086353302002, 18.596378326416016, -735.4193725585938, 1.6781591176986694, 1021.6588134765625
-1.0284423828125, 15.536763191223145, 18.611804962158203, -736.4046020507812, 1.6862443685531616, 1022.251220703125
-1.0288028717041016, 15.548211097717285, 18.62747573852539, -737.3863525390625, 1.695649266242981, 1022.8522338867188
-1.0287744998931885, 15.558801651000977, 18.641475677490234, -738.3726196289062, 1.7099684476852417, 1023.44580078125
-1.0316028594970703, 15.56722640991211, 18.660144805908203, -739.3585205078125, 1.7270830869674683, 1024.041259765625
-1.040607213973999, 15.578722953796387, 18.676742553710938, -740.342529296875, 1.7483460903167725, 1024.6375732421875
-1.0486512184143066, 15.593415260314941, 18.693532943725586, -741.3226318359375, 1.7673554420471191, 1025.223876953125
-1.0529568195343018, 15.610647201538086, 18.712923049926758, -742.302978515625, 1.7763234376907349, 1025.810546875
-1.0572178363800049, 15.624093055725098, 18.732805252075195, -743.2841186523438, 1.784273386001587, 1026.392578125
-1.0573747158050537, 15.641524314880371, 18.75101661682129, -744.2724609375, 1.7846336364746094, 1026.9691162109375
-1.0607151985168457, 15.656067848205566, 18.76296043395996, -745.2661743164062, 1.7781870365142822, 1027.5428466796875
-1.061061143875122, 15.667882919311523, 18.77700424194336, -746.2546997070312, 1.7751305103302002, 1028.10546875
-1.0647943019866943, 15.680380821228027, 18.79246711730957, -747.2350463867188, 1.7817368507385254, 1028.6748046875
-1.0712549686431885, 15.69194507598877, 18.811418533325195, -748.2192993164062, 1.7892119884490967, 1029.251953125
-1.0773847103118896, 15.701822280883789, 18.827760696411133, -749.203369140625, 1.792280912399292, 1029.82373046875
-1.0836279392242432, 15.71153450012207, 18.841205596923828, -750.1898193359375, 1.79786217212677, 1030.3905029296875
-1.0906598567962646, 15.719012260437012, 18.855621337890625, -751.1823120117188, 1.8021061420440674, 1030.9522705078125
-1.09181809425354, 15.730506896972656, 18.874088287353516, -752.191162109375, 1.8046982288360596, 1031.5067138671875
-1.0917658805847168, 15.74179458618164, 18.89270782470703, -753.1980590820312, 1.812712550163269, 1032.06201171875
-1.0954463481903076, 15.75421142578125, 18.91390609741211, -754.2034912109375, 1.8230934143066406, 1032.6173095703125
-1.1000168323516846, 15.76889705657959, 18.934925079345703, -755.2008056640625, 1.8367618322372437, 1033.1649169921875
-1.1038455963134766, 15.784477233886719, 18.95545196533203, -756.2056884765625, 1.851633906364441, 1033.6986083984375
-1.1111717224121094, 15.797333717346191, 18.975526809692383, -757.2056274414062, 1.8572250604629517, 1034.2159423828125
-1.1188924312591553, 15.804993629455566, 18.998008728027344, -758.202880859375, 1.8638375997543335, 1034.7288818359375
-1.1276557445526123, 15.811149597167969, 19.016939163208008, -759.2037963867188, 1.8640432357788086, 1035.2412109375
-1.1355175971984863, 15.819063186645508, 19.034122467041016, -760.215576171875, 1.8622421026229858, 1035.74609375
-1.1425938606262207, 15.830269813537598, 19.053373336791992, -761.2344970703125, 1.8623785972595215, 1036.2415771484375
-1.1450448036193848, 15.84423542022705, 19.07634735107422, -762.26220703125, 1.8554424047470093, 1036.7340087890625
-1.146241307258606, 15.861960411071777, 19.099966049194336, -763.2938232421875, 1.8499094247817993, 1037.2308349609375
-1.1458418369293213, 15.879892349243164, 19.122549057006836, -764.3287963867188, 1.8382596969604492, 1037.728271484375
-1.1491643190383911, 15.892253875732422, 19.139850616455078, -765.3610229492188, 1.8242794275283813, 1038.2275390625
-1.1524546146392822, 15.903794288635254, 19.155630111694336, -766.3912963867188, 1.8208459615707397, 1038.716796875
-1.1539357900619507, 15.917654037475586, 19.17780876159668, -767.4248657226562, 1.8225939273834229, 1039.195556640625
-1.1550973653793335, 15.934481620788574, 19.20221519470215, -768.46630859375, 1.8170527219772339, 1039.6695556640625
-1.1496208906173706, 15.949435234069824, 19.222591400146484, -769.5059204101562, 1.8102055788040161, 1040.1485595703125
-1.1439300775527954, 15.969027519226074, 19.242090225219727, -770.5441284179688, 1.8090460300445557, 1040.632568359375
-1.136545181274414, 15.988574981689453, 19.264511108398438, -771.5847778320312, 1.805230736732483, 1041.1217041015625
-1.1338872909545898, 16.005708694458008, 19.287065505981445, -772.6204833984375, 1.8036104440689087, 1041.614013671875
-1.130889654159546, 16.019765853881836, 19.30712127685547, -773.6500854492188, 1.792772889137268, 1042.107177734375
-1.1241443157196045, 16.032318115234375, 19.326589584350586, -774.6810302734375, 1.785383939743042, 1042.606689453125
-1.1174290180206299, 16.046768188476562, 19.347219467163086, -775.7118530273438, 1.7809864282608032, 1043.1160888671875
-1.115187644958496, 16.067855834960938, 19.370588302612305, -776.7352905273438, 1.7744001150131226, 1043.634033203125
-1.1100780963897705, 16.085851669311523, 19.388669967651367, -777.759521484375, 1.7627036571502686, 1044.154541015625
-1.1065378189086914, 16.108219146728516, 19.402381896972656, -778.7838134765625, 1.7531856298446655, 1044.6729736328125
-1.1059246063232422, 16.129316329956055, 19.413793563842773, -779.8004150390625, 1.7442456483840942, 1045.2010498046875
-1.1090409755706787, 16.146011352539062, 19.422256469726562, -780.8165893554688, 1.7359315156936646, 1045.724365234375
-1.1097207069396973, 16.164979934692383, 19.429779052734375, -781.8436889648438, 1.7318921089172363, 1046.2489013671875
-1.1109354496002197, 16.18529510498047, 19.437543869018555, -782.8676147460938, 1.729618787765503, 1046.768310546875
-1.1144816875457764, 16.20446014404297, 19.447471618652344, -783.8954467773438, 1.7271727323532104, 1047.28173828125
-1.118966817855835, 16.22049331665039, 19.46175765991211, -784.9207763671875, 1.7225743532180786, 1047.7855224609375
-1.1221742630004883, 16.237546920776367, 19.476537704467773, -785.9627685546875, 1.7212159633636475, 1048.28857421875
-1.1268889904022217, 16.25174903869629, 19.48702621459961, -787.0020141601562, 1.7218819856643677, 1048.7877197265625
-1.1325278282165527, 16.259265899658203, 19.505386352539062, -788.0311889648438, 1.7307078838348389, 1049.2862548828125
-1.1380250453948975, 16.266624450683594, 19.517549514770508, -789.0650024414062, 1.7311819791793823, 1049.7882080078125
-1.1439931392669678, 16.270387649536133, 19.527524948120117, -790.1051025390625, 1.7328792810440063, 1050.2855224609375
-1.1469782590866089, 16.276588439941406, 19.535171508789062, -791.1505126953125, 1.735903263092041, 1050.7728271484375
-1.1496270895004272, 16.28394889831543, 19.546167373657227, -792.2028198242188, 1.735101342201233, 1051.2601318359375
-1.146130919456482, 16.29744529724121, 19.555274963378906, -793.255859375, 1.7292397022247314, 1051.739990234375
-1.1428245306015015, 16.309885025024414, 19.567838668823242, -794.29833984375, 1.7293591499328613, 1052.21923828125
-1.1414902210235596, 16.321090698242188, 19.582813262939453, -795.33251953125, 1.729712724685669, 1052.697998046875
-1.144280195236206, 16.335811614990234, 19.599689483642578, -796.3640747070312, 1.7330474853515625, 1053.177001953125
-1.1486139297485352, 16.351530075073242, 19.611541748046875, -797.3941650390625, 1.739255666732788, 1053.6456298828125
-1.153030276298523, 16.363954544067383, 19.624786376953125, -798.4224243164062, 1.7456892728805542, 1054.11962890625
-1.1560161113739014, 16.37343406677246, 19.641727447509766, -799.4609375, 1.7516796588897705, 1054.599609375
-1.157141923904419, 16.38210678100586, 19.655925750732422, -800.5028076171875, 1.7550383806228638, 1055.0777587890625
-1.1577273607254028, 16.398805618286133, 19.66828155517578, -801.5382080078125, 1.7689980268478394, 1055.5650634765625
-1.1600680351257324, 16.41797637939453, 19.68208885192871, -802.5759887695312, 1.7820602655410767, 1056.04541015625
-1.162117600440979, 16.438058853149414, 19.697078704833984, -803.6213989257812, 1.7893970012664795, 1056.5218505859375
-1.163051962852478, 16.454063415527344, 19.71449851989746, -804.6668090820312, 1.7889893054962158, 1056.9974365234375
-1.1683521270751953, 16.46841049194336, 19.732921600341797, -805.7130126953125, 1.7913979291915894, 1057.47119140625
-1.1700822114944458, 16.48237419128418, 19.75198745727539, -806.7674560546875, 1.7923003435134888, 1057.9417724609375
-1.1669217348098755, 16.4965763092041, 19.767274856567383, -807.82470703125, 1.7898120880126953, 1058.3992919921875
-1.1647318601608276, 16.5146541595459, 19.786178588867188, -808.879150390625, 1.79428231716156, 1058.8634033203125
-1.1613783836364746, 16.52992057800293, 19.807781219482422, -809.9336547851562, 1.7941945791244507, 1059.3236083984375
-1.165574312210083, 16.54128074645996, 19.831392288208008, -810.9781494140625, 1.8047380447387695, 1059.79443359375
-1.1679021120071411, 16.555959701538086, 19.853469848632812, -812.0205078125, 1.8215751647949219, 1060.26123046875
-1.171284794807434, 16.565946578979492, 19.87354850769043, -813.0625610351562, 1.826629877090454, 1060.7216796875
-1.170972228050232, 16.576963424682617, 19.896881103515625, -814.1032104492188, 1.8292478322982788, 1061.1767578125
-1.1786717176437378, 16.58475685119629, 19.92457389831543, -815.1541137695312, 1.8236024379730225, 1061.6346435546875
-1.18632972240448, 16.582849502563477, 19.950119018554688, -816.2036743164062, 1.8143872022628784, 1062.0767822265625
-1.1990731954574585, 16.58677864074707, 19.97158432006836, -817.2492065429688, 1.8125802278518677, 1062.514404296875
-1.2052628993988037, 16.592666625976562, 19.990144729614258, -818.3109741210938, 1.8171881437301636, 1062.9442138671875
-1.2174564599990845, 16.596498489379883, 20.008058547973633, -819.3853759765625, 1.821437120437622, 1063.3623046875
-1.226041555404663, 16.60719871520996, 20.02137565612793, -820.462646484375, 1.8233613967895508, 1063.7694091796875
-1.2328810691833496, 16.617359161376953, 20.031047821044922, -821.5502319335938, 1.8223174810409546, 1064.1619873046875
-1.2355915307998657, 16.626876831054688, 20.041963577270508, -822.6312255859375, 1.8240418434143066, 1064.5426025390625
-1.2375237941741943, 16.634010314941406, 20.058042526245117, -823.7109375, 1.828223705291748, 1064.9229736328125
-1.2369492053985596, 16.642301559448242, 20.07737159729004, -824.789794921875, 1.8260915279388428, 1065.3092041015625
-1.2382997274398804, 16.652658462524414, 20.095108032226562, -825.8641967773438, 1.823897123336792, 1065.6964111328125
-1.2420693635940552, 16.66544532775879, 20.114702224731445, -826.9451904296875, 1.823087215423584, 1066.090087890625
-1.2475006580352783, 16.677888870239258, 20.135822296142578, -828.0242919921875, 1.8250349760055542, 1066.4752197265625
-1.2530083656311035, 16.68375015258789, 20.15715980529785, -829.1162109375, 1.8257547616958618, 1066.85400390625
-1.263419508934021, 16.693187713623047, 20.18168830871582, -830.2022705078125, 1.8296912908554077, 1067.2286376953125
-1.2714388370513916, 16.699953079223633, 20.199317932128906, -831.2852783203125, 1.836416482925415, 1067.5933837890625
-1.2743059396743774, 16.7075138092041, 20.21759796142578, -832.3771362304688, 1.8457571268081665, 1067.9490966796875
-1.2781007289886475, 16.71446990966797, 20.234060287475586, -833.4700927734375, 1.8600276708602905, 1068.3043212890625
-1.2815699577331543, 16.72353172302246, 20.253515243530273, -834.5604858398438, 1.8769605159759521, 1068.6531982421875
-1.2827342748641968, 16.734512329101562, 20.279279708862305, -835.6600341796875, 1.8963196277618408, 1069.00146484375
-1.2816649675369263, 16.7524471282959, 20.305137634277344, -836.7673950195312, 1.9128857851028442, 1069.34521484375
-1.2767633199691772, 16.765541076660156, 20.33017349243164, -837.876708984375, 1.9198633432388306, 1069.6875
-1.2739163637161255, 16.77277183532715, 20.35155487060547, -838.9859619140625, 1.9279967546463013, 1070.0303955078125
-1.2710990905761719, 16.78310203552246, 20.373165130615234, -840.092041015625, 1.9357357025146484, 1070.3846435546875
-1.268017053604126, 16.79415512084961, 20.39377784729004, -841.196533203125, 1.944597601890564, 1070.74462890625
-1.2660022974014282, 16.80509376525879, 20.41443634033203, -842.2976684570312, 1.9560632705688477, 1071.1153564453125
-1.2635369300842285, 16.81437110900879, 20.437658309936523, -843.3927612304688, 1.9655591249465942, 1071.485107421875
-1.2620148658752441, 16.819765090942383, 20.46011734008789, -844.4846801757812, 1.967329502105713, 1071.847412109375
-1.262294054031372, 16.82292938232422, 20.482927322387695, -845.58349609375, 1.96494460105896, 1072.2056884765625
-1.259261131286621, 16.828887939453125, 20.506954193115234, -846.6785278320312, 1.9637926816940308, 1072.5595703125
-1.2516534328460693, 16.839601516723633, 20.529247283935547, -847.7628784179688, 1.9662069082260132, 1072.9176025390625
-1.2476707696914673, 16.853418350219727, 20.552539825439453, -848.8482666015625, 1.9707781076431274, 1073.2864990234375
-1.2479132413864136, 16.87166976928711, 20.577524185180664, -849.9318237304688, 1.9799041748046875, 1073.66357421875
-1.2462615966796875, 16.89175033569336, 20.60492706298828, -851.0228881835938, 1.9831613302230835, 1074.039306640625
-1.2478692531585693, 16.913782119750977, 20.629140853881836, -852.1160888671875, 1.9890114068984985, 1074.418212890625
-1.2479298114776611, 16.93057632446289, 20.650684356689453, -853.2069091796875, 1.9986388683319092, 1074.7896728515625
-1.247124433517456, 16.947839736938477, 20.674299240112305, -854.2967529296875, 2.0125041007995605, 1075.1585693359375
-1.2474421262741089, 16.963336944580078, 20.70269012451172, -855.385498046875, 2.0272977352142334, 1075.5313720703125
-1.2451481819152832, 16.976642608642578, 20.72762680053711, -856.4664306640625, 2.039863348007202, 1075.90283203125
-1.2468212842941284, 16.986684799194336, 20.74971580505371, -857.5424194335938, 2.0512566566467285, 1076.2764892578125
-1.24949049949646, 16.99315643310547, 20.771224975585938, -858.6266479492188, 2.0556650161743164, 1076.6490478515625
-1.2488429546356201, 16.999034881591797, 20.794090270996094, -859.7073974609375, 2.0557172298431396, 1077.0184326171875
-1.2499653100967407, 17.007780075073242, 20.817996978759766, -860.7939453125, 2.063810348510742, 1077.3885498046875
-1.2520445585250854, 17.01743507385254, 20.840476989746094, -861.8759155273438, 2.073596239089966, 1077.7548828125
-1.2618486881256104, 17.02593421936035, 20.862852096557617, -862.9574584960938, 2.0765528678894043, 1078.1165771484375
-1.2726243734359741, 17.037609100341797, 20.88775634765625, -864.0487060546875, 2.076537847518921, 1078.4671630859375
-1.2824090719223022, 17.05103302001953, 20.914321899414062, -865.1424560546875, 2.0688514709472656, 1078.8035888671875
-1.2914234399795532, 17.062847137451172, 20.935991287231445, -866.2421875, 2.063882827758789, 1079.1260986328125
-1.30082106590271, 17.07694435119629, 20.960376739501953, -867.3406982421875, 2.065629720687866, 1079.445068359375
-1.3066861629486084, 17.088315963745117, 20.98790740966797, -868.4489135742188, 2.0715105533599854, 1079.754638671875
-1.3187904357910156, 17.092201232910156, 21.017061233520508, -869.5599365234375, 2.0837302207946777, 1080.0731201171875
-1.323512077331543, 17.092269897460938, 21.041507720947266, -870.6749267578125, 2.0983688831329346, 1080.3751220703125
-1.3268181085586548, 17.097089767456055, 21.064329147338867, -871.7864990234375, 2.1091694831848145, 1080.6717529296875
-1.332106590270996, 17.1002140045166, 21.083789825439453, -872.895751953125, 2.1165847778320312, 1080.9599609375
-1.3363008499145508, 17.102710723876953, 21.1005916595459, -874.0089721679688, 2.1218767166137695, 1081.23583984375
-1.3405519723892212, 17.110952377319336, 21.125682830810547, -875.1248168945312, 2.122002601623535, 1081.5091552734375
-1.3476738929748535, 17.121721267700195, 21.15318489074707, -876.239501953125, 2.1152679920196533, 1081.782958984375
-1.3572031259536743, 17.13153648376465, 21.182796478271484, -877.3538208007812, 2.10760498046875, 1082.0555419921875
-1.3649873733520508, 17.140737533569336, 21.20484733581543, -878.472900390625, 2.104247808456421, 1082.31640625
-1.3697015047073364, 17.150339126586914, 21.225923538208008, -879.5948486328125, 2.1031911373138428, 1082.57177734375
-1.377469539642334, 17.16474151611328, 21.24378776550293, -880.7156372070312, 2.0926895141601562, 1082.8126220703125
-1.3833335638046265, 17.176424026489258, 21.267202377319336, -881.837158203125, 2.0887434482574463, 1083.036376953125
-1.3939828872680664, 17.190481185913086, 21.28754425048828, -882.965087890625, 2.0960323810577393, 1083.2470703125
-1.4080731868743896, 17.19974136352539, 21.306936264038086, -884.0911254882812, 2.0961546897888184, 1083.4476318359375
-1.4205235242843628, 17.210037231445312, 21.32952117919922, -885.21337890625, 2.100194215774536, 1083.6356201171875
-1.4333611726760864, 17.21769142150879, 21.349166870117188, -886.3289184570312, 2.1047537326812744, 1083.8145751953125
-1.4424700736999512, 17.22525978088379, 21.36684226989746, -887.4501342773438, 2.1124043464660645, 1083.9796142578125
-1.4464380741119385, 17.231246948242188, 21.38543701171875, -888.5800170898438, 2.1235339641571045, 1084.1383056640625
-1.4470539093017578, 17.24251365661621, 21.404531478881836, -889.710693359375, 2.130584955215454, 1084.2928466796875
-1.4505658149719238, 17.251787185668945, 21.423555374145508, -890.84326171875, 2.1374762058258057, 1084.439208984375
-1.451625108718872, 17.259342193603516, 21.444555282592773, -891.9727783203125, 2.1391539573669434, 1084.5828857421875
-1.4534960985183716, 17.27350616455078, 21.465669631958008, -893.1099243164062, 2.1449551582336426, 1084.7313232421875
-1.454159140586853, 17.280221939086914, 21.481170654296875, -894.2446899414062, 2.1577236652374268, 1084.8770751953125
-1.4563617706298828, 17.2877254486084, 21.497419357299805, -895.3689575195312, 2.1637790203094482, 1085.019775390625
-1.4592100381851196, 17.300424575805664, 21.518640518188477, -896.4976806640625, 2.1667494773864746, 1085.1668701171875
-1.4642243385314941, 17.31089210510254, 21.53657341003418, -897.6204223632812, 2.173377275466919, 1085.3067626953125
-1.4699313640594482, 17.315839767456055, 21.55249786376953, -898.7427368164062, 2.1821913719177246, 1085.4444580078125
-1.4758763313293457, 17.3173770904541, 21.56820297241211, -899.8604736328125, 2.1949031352996826, 1085.5755615234375
-1.475151538848877, 17.32025146484375, 21.58477783203125, -900.9869384765625, 2.2144110202789307, 1085.7020263671875
-1.4755409955978394, 17.322656631469727, 21.609146118164062, -902.1173706054688, 2.2289583683013916, 1085.8323974609375
-1.4747086763381958, 17.328222274780273, 21.634077072143555, -903.2578735351562, 2.236268997192383, 1085.96337890625
-1.4699409008026123, 17.340370178222656, 21.657499313354492, -904.4006958007812, 2.2410125732421875, 1086.0931396484375
-1.4689054489135742, 17.34954261779785, 21.6810359954834, -905.54052734375, 2.246960401535034, 1086.227294921875
-1.4689611196517944, 17.36093521118164, 21.703792572021484, -906.67333984375, 2.2428014278411865, 1086.355224609375
-1.4674221277236938, 17.374469757080078, 21.71848487854004, -907.8099975585938, 2.23189115524292, 1086.4764404296875
-1.4663593769073486, 17.38912010192871, 21.733989715576172, -908.9452514648438, 2.2230353355407715, 1086.59375
-1.469252586364746, 17.405067443847656, 21.753334045410156, -910.083984375, 2.2141191959381104, 1086.7113037109375
-1.472676396369934, 17.419858932495117, 21.772945404052734, -911.224853515625, 2.2049427032470703, 1086.8218994140625
-1.4824128150939941, 17.433490753173828, 21.793642044067383, -912.3713989257812, 2.197643280029297, 1086.9324951171875
-1.4902607202529907, 17.449886322021484, 21.817304611206055, -913.511962890625, 2.1999731063842773, 1087.0377197265625
-1.4995313882827759, 17.46625518798828, 21.845840454101562, -914.6571655273438, 2.20749831199646, 1087.1302490234375
-1.5062716007232666, 17.484708786010742, 21.87131118774414, -915.8026123046875, 2.2040374279022217, 1087.2115478515625
-1.5109108686447144, 17.49987030029297, 21.897916793823242, -916.9424438476562, 2.191953182220459, 1087.290283203125
-1.514595627784729, 17.519359588623047, 21.92350196838379, -918.0928955078125, 2.185985803604126, 1087.3656005859375
-1.5226311683654785, 17.536909103393555, 21.943761825561523, -919.2354125976562, 2.18192982673645, 1087.4400634765625
-1.5308502912521362, 17.554235458374023, 21.962627410888672, -920.37451171875, 2.1762423515319824, 1087.513427734375
-1.5389927625656128, 17.573081970214844, 21.979860305786133, -921.507080078125, 2.170616388320923, 1087.576904296875
-1.5466748476028442, 17.589628219604492, 21.995603561401367, -922.6376342773438, 2.1618480682373047, 1087.6280517578125
-1.5533515214920044, 17.602659225463867, 22.013580322265625, -923.7667236328125, 2.159698009490967, 1087.6734619140625
-1.558908462524414, 17.619943618774414, 22.033079147338867, -924.8928833007812, 2.1596474647521973, 1087.7103271484375
-1.5669828653335571, 17.635848999023438, 22.058753967285156, -926.0234985351562, 2.162952423095703, 1087.7391357421875
-1.5802057981491089, 17.649877548217773, 22.082672119140625, -927.1517333984375, 2.169262170791626, 1087.7523193359375
-1.5965657234191895, 17.66154670715332, 22.111337661743164, -928.281494140625, 2.173031806945801, 1087.7489013671875
-1.6109511852264404, 17.673433303833008, 22.13672637939453, -929.4124145507812, 2.1773316860198975, 1087.7257080078125
-1.6264958381652832, 17.689624786376953, 22.163089752197266, -930.5447387695312, 2.1790549755096436, 1087.6865234375
-1.644702434539795, 17.70347023010254, 22.189491271972656, -931.6786499023438, 2.180976152420044, 1087.630615234375
-1.6617341041564941, 17.718082427978516, 22.216867446899414, -932.81298828125, 2.1840803623199463, 1087.5567626953125
-1.6752467155456543, 17.732593536376953, 22.243810653686523, -933.94970703125, 2.1949892044067383, 1087.462890625
-1.6903303861618042, 17.74637794494629, 22.2727108001709, -935.0870361328125, 2.198363780975342, 1087.357177734375
-1.703652024269104, 17.76165199279785, 22.300792694091797, -936.2252197265625, 2.200580358505249, 1087.2359619140625
-1.7183442115783691, 17.778257369995117, 22.330602645874023, -937.3668212890625, 2.2007739543914795, 1087.0989990234375
-1.7338601350784302, 17.795413970947266, 22.358736038208008, -938.5061645507812, 2.2034308910369873, 1086.949951171875
-1.7497494220733643, 17.81471824645996, 22.379581451416016, -939.642822265625, 2.2039401531219482, 1086.786865234375
-1.7596428394317627, 17.83708953857422, 22.397607803344727, -940.7646484375, 2.2058029174804688, 1086.600341796875
-1.7656059265136719, 17.858434677124023, 22.41627311706543, -941.8812255859375, 2.2079949378967285, 1086.4072265625
-1.7716609239578247, 17.876174926757812, 22.433353424072266, -942.99853515625, 2.2109973430633545, 1086.2012939453125
-1.7761452198028564, 17.89122200012207, 22.450693130493164, -944.1111450195312, 2.212799310684204, 1085.9833984375
-1.782997727394104, 17.90499496459961, 22.4702091217041, -945.2212524414062, 2.21094012260437, 1085.7586669921875
-1.792462706565857, 17.913677215576172, 22.4868106842041, -946.3259887695312, 2.2111258506774902, 1085.524169921875
-1.8040269613265991, 17.924020767211914, 22.505046844482422, -947.4261474609375, 2.206865072250366, 1085.2801513671875
-1.8146287202835083, 17.934179306030273, 22.525325775146484, -948.5177001953125, 2.20157790184021, 1085.034912109375
-1.8243706226348877, 17.938209533691406, 22.544055938720703, -949.5950927734375, 2.1992554664611816, 1084.7791748046875
-1.835044264793396, 17.941957473754883, 22.56378936767578, -950.6697387695312, 2.1989848613739014, 1084.514892578125
-1.845147728919983, 17.949325561523438, 22.582088470458984, -951.7479248046875, 2.206108808517456, 1084.2431640625
-1.8550506830215454, 17.962635040283203, 22.6037540435791, -952.8197021484375, 2.2188713550567627, 1083.9630126953125
-1.8623992204666138, 17.978290557861328, 22.6214599609375, -953.891845703125, 2.229353427886963, 1083.6783447265625
-1.8734852075576782, 17.993654251098633, 22.63658332824707, -954.9635009765625, 2.232354164123535, 1083.3856201171875
-1.8833638429641724, 18.011245727539062, 22.65129852294922, -956.02880859375, 2.2240912914276123, 1083.0792236328125
-1.8938076496124268, 18.023710250854492, 22.669754028320312, -957.0973510742188, 2.215391159057617, 1082.7667236328125
-1.902297854423523, 18.03624153137207, 22.685781478881836, -958.1555786132812, 2.211486339569092, 1082.4376220703125
-1.9124764204025269, 18.049270629882812, 22.704069137573242, -959.2129516601562, 2.212674379348755, 1082.10400390625
-1.924583077430725, 18.058425903320312, 22.723735809326172, -960.2709350585938, 2.2232682704925537, 1081.760498046875
-1.9377774000167847, 18.065776824951172, 22.74737548828125, -961.3258666992188, 2.237896680831909, 1081.410888671875
-1.9497783184051514, 18.077993392944336, 22.77383804321289, -962.37841796875, 2.259887933731079, 1081.0552978515625
-1.9587631225585938, 18.090621948242188, 22.795902252197266, -963.4256591796875, 2.2777576446533203, 1080.6837158203125
-1.96845543384552, 18.108430862426758, 22.820524215698242, -964.4738159179688, 2.2981066703796387, 1080.297119140625
-1.9806442260742188, 18.12754249572754, 22.8471622467041, -965.5187377929688, 2.3161425590515137, 1079.8946533203125
-1.9897881746292114, 18.14533233642578, 22.876405715942383, -966.5582885742188, 2.3320040702819824, 1079.478271484375
-1.9978532791137695, 18.165813446044922, 22.90751075744629, -967.593994140625, 2.3438353538513184, 1079.048095703125
-2.0074410438537598, 18.189617156982422, 22.939451217651367, -968.6285400390625, 2.3592870235443115, 1078.6068115234375
-2.016165256500244, 18.211021423339844, 22.966175079345703, -969.6539916992188, 2.368028163909912, 1078.1510009765625
-2.024749755859375, 18.227052688598633, 22.994768142700195, -970.6778564453125, 2.3747596740722656, 1077.682861328125
-2.0316615104675293, 18.242921829223633, 23.017391204833984, -971.6971435546875, 2.3806777000427246, 1077.2025146484375
-2.0378365516662598, 18.26192855834961, 23.041105270385742, -972.7113037109375, 2.3853604793548584, 1076.7159423828125
-2.0414390563964844, 18.27492332458496, 23.061115264892578, -973.7258911132812, 2.388335704803467, 1076.2174072265625
-2.0412726402282715, 18.292049407958984, 23.077796936035156, -974.743896484375, 2.3962903022766113, 1075.7047119140625
-2.043768882751465, 18.30922508239746, 23.099227905273438, -975.7662963867188, 2.407933473587036, 1075.1905517578125
-2.044039011001587, 18.32073974609375, 23.117347717285156, -976.7805786132812, 2.418593168258667, 1074.67138671875
-2.043322801589966, 18.337018966674805, 23.13528823852539, -977.796875, 2.430271863937378, 1074.1510009765625
-2.0358469486236572, 18.34965705871582, 23.150339126586914, -978.806640625, 2.441105365753174, 1073.6346435546875
-2.034003734588623, 18.3653507232666, 23.16851806640625, -979.823974609375, 2.4533889293670654, 1073.13671875
-2.0331039428710938, 18.387142181396484, 23.188085556030273, -980.8449096679688, 2.4619741439819336, 1072.6448974609375
-2.032264471054077, 18.403106689453125, 23.20742416381836, -981.8652954101562, 2.4663379192352295, 1072.156005859375
-2.0296483039855957, 18.41432762145996, 23.22555923461914, -982.88671875, 2.4720847606658936, 1071.6708984375
-2.024461269378662, 18.428586959838867, 23.24485969543457, -983.9091796875, 2.4792392253875732, 1071.1866455078125
-2.0204083919525146, 18.438739776611328, 23.263809204101562, -984.9318237304688, 2.487210273742676, 1070.704345703125
-2.01470685005188, 18.448196411132812, 23.2783203125, -985.9512939453125, 2.4925427436828613, 1070.225830078125
-2.011810779571533, 18.456981658935547, 23.296510696411133, -986.97607421875, 2.496185064315796, 1069.753173828125
-2.012906074523926, 18.467830657958984, 23.312957763671875, -988.0009765625, 2.502615213394165, 1069.28076171875
-2.0130615234375, 18.479354858398438, 23.330909729003906, -989.0289306640625, 2.508514642715454, 1068.8050537109375
-2.010385751724243, 18.489383697509766, 23.350492477416992, -990.0601196289062, 2.5134809017181396, 1068.33349609375
-2.009690999984741, 18.50065040588379, 23.367918014526367, -991.0958251953125, 2.5201234817504883, 1067.8624267578125
-2.0136592388153076, 18.51307487487793, 23.385082244873047, -992.1336669921875, 2.5241804122924805, 1067.392822265625
-2.0196893215179443, 18.521493911743164, 23.403539657592773, -993.1633911132812, 2.521702766418457, 1066.916015625
-2.027352809906006, 18.523513793945312, 23.425308227539062, -994.1932373046875, 2.5197389125823975, 1066.438232421875
-2.030973434448242, 18.526363372802734, 23.448158264160156, -995.2195434570312, 2.5237207412719727, 1065.9610595703125
-2.0301008224487305, 18.528636932373047, 23.467819213867188, -996.24365234375, 2.5307765007019043, 1065.4791259765625
-2.024899959564209, 18.53965187072754, 23.486665725708008, -997.273193359375, 2.533531665802002, 1064.9925537109375
-2.0239546298980713, 18.551475524902344, 23.506940841674805, -998.3040161132812, 2.5352699756622314, 1064.51025390625
-2.0312447547912598, 18.56769561767578, 23.52621078491211, -999.3343505859375, 2.5340638160705566, 1064.02392578125
-2.037123680114746, 18.579471588134766, 23.542879104614258, -1000.3621215820312, 2.5320913791656494, 1063.5235595703125
-2.0399980545043945, 18.588607788085938, 23.559635162353516, -1001.3823852539062, 2.531611919403076, 1063.019775390625
-2.0419445037841797, 18.594371795654297, 23.577672958374023, -1002.3964233398438, 2.53230619430542, 1062.5162353515625
-2.0409560203552246, 18.608882904052734, 23.59966468811035, -1003.4132690429688, 2.5333468914031982, 1062.0091552734375
-2.042252540588379, 18.62204933166504, 23.61817169189453, -1004.4285278320312, 2.533973455429077, 1061.50537109375
-2.040461778640747, 18.63467025756836, 23.638935089111328, -1005.4459838867188, 2.530898332595825, 1060.9918212890625
-2.042861223220825, 18.646265029907227, 23.661590576171875, -1006.4679565429688, 2.529653549194336, 1060.48583984375
-2.0480523109436035, 18.65749740600586, 23.68721580505371, -1007.48828125, 2.528554916381836, 1059.9822998046875
-2.0496106147766113, 18.673295974731445, 23.710844039916992, -1008.5064697265625, 2.528432846069336, 1059.47216796875
-2.051725149154663, 18.69001579284668, 23.72992706298828, -1009.5177612304688, 2.5320019721984863, 1058.961181640625
-2.0508370399475098, 18.707923889160156, 23.74886131286621, -1010.5266723632812, 2.5389397144317627, 1058.4503173828125
-2.049297332763672, 18.722089767456055, 23.7689266204834, -1011.5387573242188, 2.545610189437866, 1057.94140625
-2.0476274490356445, 18.737003326416016, 23.79053497314453, -1012.5511474609375, 2.549102544784546, 1057.4324951171875
-2.0436246395111084, 18.75443458557129, 23.810916900634766, -1013.562744140625, 2.5514237880706787, 1056.9300537109375
-2.0372567176818848, 18.771629333496094, 23.832744598388672, -1014.5772094726562, 2.553335428237915, 1056.431640625
-2.0302681922912598, 18.790096282958984, 23.853845596313477, -1015.5924682617188, 2.555482864379883, 1055.940673828125
-2.0251524448394775, 18.80832290649414, 23.87527847290039, -1016.6224975585938, 2.555851936340332, 1055.456298828125
-2.023735761642456, 18.8304386138916, 23.89103889465332, -1017.6546630859375, 2.553389549255371, 1054.974609375
-2.0269999504089355, 18.84796714782715, 23.910083770751953, -1018.685791015625, 2.543362617492676, 1054.48828125
-2.0301125049591064, 18.861499786376953, 23.92954444885254, -1019.7236328125, 2.5347766876220703, 1054.0045166015625
-2.0330686569213867, 18.875974655151367, 23.95275115966797, -1020.7561645507812, 2.5259408950805664, 1053.5220947265625
-2.03352689743042, 18.889991760253906, 23.97246551513672, -1021.7861328125, 2.5247268676757812, 1053.033447265625
-2.035937547683716, 18.906105041503906, 23.991750717163086, -1022.8110961914062, 2.523979902267456, 1052.53662109375
-2.0416972637176514, 18.920442581176758, 24.011568069458008, -1023.8334350585938, 2.525336742401123, 1052.033203125
-2.046158790588379, 18.928117752075195, 24.030988693237305, -1024.8466796875, 2.522221088409424, 1051.5234375
-2.05236554145813, 18.93655776977539, 24.05169677734375, -1025.85595703125, 2.516977548599243, 1051.0078125
-2.058626413345337, 18.948354721069336, 24.073091506958008, -1026.86328125, 2.5178778171539307, 1050.4881591796875
-2.0606539249420166, 18.961410522460938, 24.08991050720215, -1027.863037109375, 2.5192668437957764, 1049.96337890625
-2.063089370727539, 18.97254753112793, 24.106739044189453, -1028.8673095703125, 2.5197365283966064, 1049.4404296875
-2.0642011165618896, 18.98355484008789, 24.12632942199707, -1029.8731689453125, 2.51397705078125, 1048.916748046875
-2.0649163722991943, 18.99480628967285, 24.143287658691406, -1030.872802734375, 2.510587215423584, 1048.393310546875
-2.06302809715271, 19.00699234008789, 24.158872604370117, -1031.87158203125, 2.5099997520446777, 1047.8734130859375
-2.0600345134735107, 19.018516540527344, 24.175113677978516, -1032.874755859375, 2.507244110107422, 1047.3485107421875
-2.058342933654785, 19.027870178222656, 24.191219329833984, -1033.879638671875, 2.502180814743042, 1046.8245849609375
-2.059422492980957, 19.037996292114258, 24.20463752746582, -1034.8905029296875, 2.4961302280426025, 1046.299560546875
-2.056352376937866, 19.05047035217285, 24.223180770874023, -1035.897216796875, 2.486110210418701, 1045.774658203125
-2.054070234298706, 19.063291549682617, 24.24102783203125, -1036.9053955078125, 2.476418972015381, 1045.2552490234375
-2.0533554553985596, 19.075830459594727, 24.25786590576172, -1037.9215087890625, 2.466041088104248, 1044.737060546875
-2.0565357208251953, 19.087539672851562, 24.27629852294922, -1038.938232421875, 2.4538233280181885, 1044.216064453125
-2.058713912963867, 19.09807586669922, 24.29636001586914, -1039.9537353515625, 2.4405479431152344, 1043.6953125
-2.062121629714966, 19.107206344604492, 24.3184871673584, -1040.97265625, 2.434058427810669, 1043.1732177734375
-2.0629425048828125, 19.113245010375977, 24.3345890045166, -1041.9871826171875, 2.4307186603546143, 1042.651123046875
-2.063023567199707, 19.117233276367188, 24.35301399230957, -1042.9976806640625, 2.427398204803467, 1042.1287841796875
-2.0602951049804688, 19.120859146118164, 24.373083114624023, -1044.010498046875, 2.4179725646972656, 1041.6082763671875
-2.0600368976593018, 19.124530792236328, 24.38957977294922, -1045.028076171875, 2.4163248538970947, 1041.0894775390625
-2.0606918334960938, 19.1357364654541, 24.40501594543457, -1046.04638671875, 2.4189558029174805, 1040.57275390625
-2.0613648891448975, 19.148895263671875, 24.418987274169922, -1047.0625, 2.4232635498046875, 1040.0545654296875
-2.0602829456329346, 19.16401481628418, 24.433250427246094, -1048.0738525390625, 2.4260265827178955, 1039.54052734375
-2.05993390083313, 19.176090240478516, 24.449512481689453, -1049.088623046875, 2.429936647415161, 1039.029541015625
-2.0614919662475586, 19.184181213378906, 24.4624080657959, -1050.1014404296875, 2.4349112510681152, 1038.5189208984375
-2.058641195297241, 19.193496704101562, 24.473758697509766, -1051.114501953125, 2.4426915645599365, 1038.001220703125
-2.0562660694122314, 19.206195831298828, 24.4853515625, -1052.1329345703125, 2.4526209831237793, 1037.486572265625
-2.04789137840271, 19.216764450073242, 24.49789810180664, -1053.1539306640625, 2.4610164165496826, 1036.9676513671875
-2.044097900390625, 19.234500885009766, 24.508712768554688, -1054.1810302734375, 2.474234104156494, 1036.453369140625
-2.0432093143463135, 19.2484073638916, 24.519041061401367, -1055.2196044921875, 2.4845023155212402, 1035.9375
-2.0445096492767334, 19.261459350585938, 24.528522491455078, -1056.252685546875, 2.4955241680145264, 1035.4267578125
-2.042653799057007, 19.273767471313477, 24.540748596191406, -1057.2874755859375, 2.5135350227355957, 1034.919921875
-2.033450126647949, 19.286155700683594, 24.554550170898438, -1058.3262939453125, 2.524204730987549, 1034.4163818359375
-2.0302510261535645, 19.296525955200195, 24.56776237487793, -1059.363525390625, 2.537061929702759, 1033.931884765625
-2.027214288711548, 19.309730529785156, 24.579906463623047, -1060.4063720703125, 2.5502164363861084, 1033.447509765625
-2.0236730575561523, 19.322864532470703, 24.594871520996094, -1061.4449462890625, 2.5562329292297363, 1032.962158203125
-2.0226492881774902, 19.336244583129883, 24.6103572845459, -1062.481201171875, 2.5604047775268555, 1032.4727783203125
-2.023447275161743, 19.352252960205078, 24.627716064453125, -1063.515625, 2.5550355911254883, 1031.9786376953125
-2.0291025638580322, 19.367210388183594, 24.645824432373047, -1064.5499267578125, 2.546144485473633, 1031.4803466796875
-2.0365965366363525, 19.379051208496094, 24.665508270263672, -1065.5758056640625, 2.5333964824676514, 1030.9805908203125
-2.045872211456299, 19.386594772338867, 24.684173583984375, -1066.5943603515625, 2.5189831256866455, 1030.4742431640625
-2.055436611175537, 19.39628028869629, 24.703989028930664, -1067.60693359375, 2.500551462173462, 1029.9603271484375
-2.0683295726776123, 19.40591812133789, 24.72081756591797, -1068.61279296875, 2.4856693744659424, 1029.4385986328125
-2.077796220779419, 19.416696548461914, 24.73873519897461, -1069.6075439453125, 2.470524787902832, 1028.906494140625
-2.084770441055298, 19.42824935913086, 24.756610870361328, -1070.596923828125, 2.467661142349243, 1028.3726806640625
-2.0974910259246826, 19.440654754638672, 24.77645492553711, -1071.5804443359375, 2.4671525955200195, 1027.8328857421875
-2.109424114227295, 19.45844078063965, 24.794906616210938, -1072.55712890625, 2.4658355712890625, 1027.283447265625
-2.1225180625915527, 19.47806739807129, 24.815044403076172, -1073.5286865234375, 2.466541290283203, 1026.721435546875
-2.133283853530884, 19.49457359313965, 24.83165740966797, -1074.4957275390625, 2.466866970062256, 1026.1446533203125
-2.1374707221984863, 19.513898849487305, 24.848125457763672, -1075.4625244140625, 2.467869997024536, 1025.552734375
-2.1385273933410645, 19.531112670898438, 24.863994598388672, -1076.423583984375, 2.4758994579315186, 1024.9564208984375
-2.13889741897583, 19.54408836364746, 24.88067054748535, -1077.39306640625, 2.479750633239746, 1024.359619140625
-2.140671491622925, 19.55644416809082, 24.89470100402832, -1078.3651123046875, 2.482675790786743, 1023.7595825195312
-2.1453664302825928, 19.56807518005371, 24.908954620361328, -1079.3349609375, 2.487508535385132, 1023.16162109375
-2.1484134197235107, 19.57976722717285, 24.92485809326172, -1080.302490234375, 2.491307497024536, 1022.5593872070312
-2.1508326530456543, 19.59065818786621, 24.93880271911621, -1081.2686767578125, 2.492065191268921, 1021.95263671875
-2.152411699295044, 19.607419967651367, 24.951305389404297, -1082.23974609375, 2.4967424869537354, 1021.3446655273438
-2.1541929244995117, 19.625253677368164, 24.962905883789062, -1083.210205078125, 2.4961915016174316, 1020.7345581054688
-2.1564085483551025, 19.643110275268555, 24.9731388092041, -1084.1773681640625, 2.494805335998535, 1020.1204223632812
-2.161604881286621, 19.65949249267578, 24.985218048095703, -1085.137939453125, 2.5018749237060547, 1019.5078735351562
-2.167635917663574, 19.675134658813477, 24.99796485900879, -1086.095947265625, 2.5132839679718018, 1018.8887939453125
-2.1696696281433105, 19.69190788269043, 25.005971908569336, -1087.0455322265625, 2.5244851112365723, 1018.2636108398438
-2.168637990951538, 19.707883834838867, 25.014585494995117, -1087.98291015625, 2.530944347381592, 1017.6405029296875
-2.166341781616211, 19.72606658935547, 25.02574348449707, -1088.9285888671875, 2.534637689590454, 1017.022705078125
-2.1664464473724365, 19.747838973999023, 25.037826538085938, -1089.87158203125, 2.533705472946167, 1016.4111328125
-2.171294927597046, 19.767358779907227, 25.055835723876953, -1090.8192138671875, 2.5315635204315186, 1015.8009643554688
-2.1759142875671387, 19.782230377197266, 25.0717716217041, -1091.7618408203125, 2.53226900100708, 1015.1946411132812
-2.1830196380615234, 19.794963836669922, 25.084983825683594, -1092.7003173828125, 2.533252239227295, 1014.5863037109375
-2.1942386627197266, 19.80704689025879, 25.100675582885742, -1093.637451171875, 2.5361814498901367, 1013.9722290039062
-2.2026169300079346, 19.821624755859375, 25.111831665039062, -1094.571044921875, 2.5420055389404297, 1013.3486938476562
-2.212620735168457, 19.831832885742188, 25.122039794921875, -1095.4949951171875, 2.552015542984009, 1012.713623046875
-2.2229154109954834, 19.835573196411133, 25.135107040405273, -1096.4068603515625, 2.5606539249420166, 1012.0640258789062
-2.2356069087982178, 19.836694717407227, 25.150650024414062, -1097.3138427734375, 2.568976640701294, 1011.3987426757812
-2.2504642009735107, 19.83953857421875, 25.16645050048828, -1098.218994140625, 2.578521966934204, 1010.72265625
-2.2634494304656982, 19.843761444091797, 25.180753707885742, -1099.112548828125, 2.5902836322784424, 1010.0353393554688
-2.2769968509674072, 19.850141525268555, 25.19179344177246, -1099.997802734375, 2.6004514694213867, 1009.337890625
-2.294095754623413, 19.857816696166992, 25.19953727722168, -1100.8720703125, 2.6057868003845215, 1008.6258544921875
-2.308528184890747, 19.863527297973633, 25.20920181274414, -1101.7293701171875, 2.6131505966186523, 1007.8969116210938
-2.3247671127319336, 19.86541748046875, 25.221101760864258, -1102.575439453125, 2.6202216148376465, 1007.1480712890625
-2.3426783084869385, 19.868621826171875, 25.23517417907715, -1103.40673828125, 2.629159927368164, 1006.3833618164062
-2.3626067638397217, 19.87778091430664, 25.25033950805664, -1104.22314453125, 2.6376569271087646, 1005.5961303710938
-2.3781816959381104, 19.887426376342773, 25.266923904418945, -1105.0286865234375, 2.6455070972442627, 1004.7897338867188
-2.390939474105835, 19.897518157958984, 25.28109359741211, -1105.8218994140625, 2.646757125854492, 1003.967529296875
-2.4004154205322266, 19.911584854125977, 25.29770278930664, -1106.609130859375, 2.646291494369507, 1003.1294555664062
-2.4101974964141846, 19.924907684326172, 25.318058013916016, -1107.3907470703125, 2.649653673171997, 1002.2764892578125
-2.419508457183838, 19.935935974121094, 25.339921951293945, -1108.165771484375, 2.6510510444641113, 1001.41015625
-2.431450366973877, 19.947484970092773, 25.360004425048828, -1108.9334716796875, 2.648521661758423, 1000.530029296875
