0.0, 0.0, 0.0, 0.0, 0.0, 0.0
0.0019820185843855143, 0.0015227226540446281, -0.00027877476532012224, 0.020669138059020042, -0.028263740241527557, 0.7155757546424866
0.002952259499579668, 0.0059549096040427685, 0.006643663626164198, 0.03011125512421131, -0.04960840567946434, 1.6647262573242188
0.006211419589817524, 0.012922672554850578, 0.013947470113635063, 0.03397771716117859, -0.060707174241542816, 2.7243294715881348
0.009957768023014069, 0.018714357167482376, 0.022191083058714867, 0.038898635655641556, -0.07129929959774017, 3.8449974060058594
0.01268449891358614, 0.02587025985121727, 0.029770836234092712, 0.04996698722243309, -0.07941975444555283, 5.001204013824463
0.01879405975341797, 0.029621217399835587, 0.036911431699991226, 0.07338378578424454, -0.0909331813454628, 6.16159200668335
0.02640819549560547, 0.033471714705228806, 0.04611546918749809, 0.10351228713989258, -0.10147804021835327, 7.322948455810547
0.03255414962768555, 0.037425071001052856, 0.05324127525091171, 0.14239060878753662, -0.11434197425842285, 8.480049133300781
0.04092526435852051, 0.039552848786115646, 0.05876891687512398, 0.18651185929775238, -0.12559109926223755, 9.637126922607422
0.044847726821899414, 0.04356034845113754, 0.06218763813376427, 0.23335979878902435, -0.13228851556777954, 10.795525550842285
0.043352603912353516, 0.046237289905548096, 0.07140585035085678, 0.2833467423915863, -0.1284671574831009, 11.958700180053711
0.04319620132446289, 0.049599774181842804, 0.0802987813949585, 0.326961487531662, -0.12940149009227753, 13.124798774719238
0.039730072021484375, 0.0507359579205513, 0.08709544688463211, 0.36248135566711426, -0.12807442247867584, 14.293825149536133
0.03761029243469238, 0.054387159645557404, 0.09157062321901321, 0.39515221118927, -0.131973534822464, 15.460506439208984
0.031497955322265625, 0.06362933665513992, 0.09933684021234512, 0.42426401376724243, -0.13480916619300842, 16.627866744995117
0.027506113052368164, 0.07333821803331375, 0.10978510975837708, 0.4508759677410126, -0.14221523702144623, 17.797948837280273
0.022979021072387695, 0.08266948163509369, 0.12157554924488068, 0.4750290811061859, -0.1486828476190567, 18.969541549682617
0.016854524612426758, 0.09195585548877716, 0.13368038833141327, 0.49246418476104736, -0.14734050631523132, 20.137500762939453
0.008657455444335938, 0.10130970180034637, 0.14728549122810364, 0.5041689872741699, -0.14852511882781982, 21.299306869506836
-0.0011982917785644531, 0.11256777495145798, 0.164789617061615, 0.5169343948364258, -0.1461319476366043, 22.4572811126709
-0.008030414581298828, 0.12348437309265137, 0.17887616157531738, 0.5224671363830566, -0.14041952788829803, 23.614614486694336
-0.01228189468383789, 0.13598984479904175, 0.19361603260040283, 0.5257406234741211, -0.13460007309913635, 24.76666831970215
-0.017318248748779297, 0.1450532078742981, 0.21093837916851044, 0.5229842662811279, -0.12758277356624603, 25.919784545898438
-0.02519059181213379, 0.15504196286201477, 0.23130682110786438, 0.5162228345870972, -0.11439045518636703, 27.06710433959961
-0.0318295955657959, 0.16654232144355774, 0.24597080051898956, 0.49952059984207153, -0.10130035132169724, 28.208635330200195
-0.036524057388305664, 0.1792026311159134, 0.2616024315357208, 0.47504857182502747, -0.08882927149534225, 29.35202407836914
-0.042572736740112305, 0.19350260496139526, 0.2805446982383728, 0.4451843202114105, -0.0689430758357048, 30.507034301757812
-0.04823112487792969, 0.2080284208059311, 0.29781222343444824, 0.406233549118042, -0.04966841638088226, 31.65707015991211
-0.05563712120056152, 0.2229219526052475, 0.31411686539649963, 0.3594793677330017, -0.030984744429588318, 32.80668258666992
-0.06409168243408203, 0.23457276821136475, 0.33099886775016785, 0.30212071537971497, -0.01673344150185585, 33.95367431640625
-0.06933712959289551, 0.24777960777282715, 0.34519219398498535, 0.23676332831382751, -0.004400280304253101, 35.0984992980957
-0.07186055183410645, 0.26038554310798645, 0.36091524362564087, 0.16382712125778198, 0.00906364619731903, 36.239261627197266
-0.07300567626953125, 0.27107375860214233, 0.37926700711250305, 0.09210377186536789, 0.021572107449173927, 37.383358001708984
-0.07359743118286133, 0.28021886944770813, 0.3963859975337982, 0.025454536080360413, 0.03716537356376648, 38.52790832519531
-0.07364869117736816, 0.2879176139831543, 0.4151667356491089, -0.04286973923444748, 0.05059840530157089, 39.67394256591797
-0.0704336166381836, 0.2973484992980957, 0.432740181684494, -0.11176696419715881, 0.05916847661137581, 40.81977844238281
-0.06439948081970215, 0.30823326110839844, 0.44780048727989197, -0.1777065247297287, 0.06657727062702179, 41.96116256713867
-0.059830427169799805, 0.3179413378238678, 0.46399495005607605, -0.24091164767742157, 0.07520338892936707, 43.10768127441406
-0.055023908615112305, 0.3229844868183136, 0.48177260160446167, -0.29858773946762085, 0.0855746790766716, 44.25300598144531
-0.05152773857116699, 0.32830196619033813, 0.49917230010032654, -0.3494228422641754, 0.09180572628974915, 45.39909362792969
-0.05015993118286133, 0.3319966793060303, 0.5192458033561707, -0.39631006121635437, 0.10070596635341644, 46.549407958984375
-0.049317359924316406, 0.3377126157283783, 0.5385466814041138, -0.4398256540298462, 0.11133626848459244, 47.70616149902344
-0.05227851867675781, 0.3418285548686981, 0.5610072612762451, -0.48272037506103516, 0.12445379793643951, 48.868263244628906
-0.05373692512512207, 0.34343451261520386, 0.5827759504318237, -0.5352136492729187, 0.13667617738246918, 50.03395462036133
-0.057047128677368164, 0.3454301059246063, 0.6052849888801575, -0.5949289202690125, 0.14915382862091064, 51.20284652709961
-0.06019234657287598, 0.34972018003463745, 0.6250336170196533, -0.6634085178375244, 0.15938282012939453, 52.36874008178711
-0.06396007537841797, 0.3538541793823242, 0.6447696685791016, -0.7323587536811829, 0.1688208132982254, 53.52812957763672
-0.06511616706848145, 0.3567851781845093, 0.6653273701667786, -0.8011842966079712, 0.18159544467926025, 54.6854133605957
-0.06833195686340332, 0.359836220741272, 0.6784273386001587, -0.86747807264328, 0.19660286605358124, 55.83734893798828
-0.06401181221008301, 0.3625027537345886, 0.6902802586555481, -0.9363505244255066, 0.2129807323217392, 56.98789978027344
-0.05752420425415039, 0.36163952946662903, 0.7035973072052002, -1.0022844076156616, 0.22615593671798706, 58.142547607421875
-0.05270648002624512, 0.36227738857269287, 0.7235146760940552, -1.0535284280776978, 0.23638644814491272, 59.29292678833008
-0.05097532272338867, 0.35745787620544434, 0.7501251697540283, -1.1015483140945435, 0.24396689236164093, 60.4407958984375
-0.05038881301879883, 0.3568951189517975, 0.7734107375144958, -1.147802710533142, 0.24795067310333252, 61.58391189575195
-0.04969191551208496, 0.3599441647529602, 0.8016587495803833, -1.1917027235031128, 0.2526543140411377, 62.730106353759766
-0.048638105392456055, 0.36300721764564514, 0.8288144469261169, -1.2404173612594604, 0.25409266352653503, 63.871734619140625
-0.0426783561706543, 0.37087351083755493, 0.8555084466934204, -1.2888647317886353, 0.254226952791214, 65.0058364868164
-0.03602790832519531, 0.3765714466571808, 0.8807727098464966, -1.3316012620925903, 0.25368213653564453, 66.1366195678711
-0.02812027931213379, 0.38358575105667114, 0.9020587205886841, -1.3673967123031616, 0.2547731101512909, 67.26453399658203
-0.01592421531677246, 0.3917873799800873, 0.9199731945991516, -1.3920114040374756, 0.2555284798145294, 68.39469909667969
-0.007104396820068359, 0.400930255651474, 0.9380258321762085, -1.4061402082443237, 0.2543301582336426, 69.52467346191406
-0.002737760543823242, 0.4146479070186615, 0.9534481763839722, -1.411247730255127, 0.25402015447616577, 70.6607894897461
0.002543210983276367, 0.43080100417137146, 0.9709794521331787, -1.415238380432129, 0.2506132423877716, 71.80018615722656
0.005116939544677734, 0.4453417956829071, 0.9901137948036194, -1.41558039188385, 0.25257647037506104, 72.949951171875
0.007928609848022461, 0.460008442401886, 1.0043374300003052, -1.4133422374725342, 0.2539485692977905, 74.10226440429688
0.010437250137329102, 0.470845490694046, 1.0155339241027832, -1.3977161645889282, 0.25535646080970764, 75.25228118896484
0.01197361946105957, 0.48512086272239685, 1.0267579555511475, -1.3786289691925049, 0.2544766366481781, 76.40187072753906
0.015976667404174805, 0.4974740445613861, 1.036556363105774, -1.3574632406234741, 0.25493761897087097, 77.55294036865234
0.01743769645690918, 0.5125834941864014, 1.0470792055130005, -1.333168625831604, 0.251803994178772, 78.70406341552734
0.01853156089782715, 0.5304743051528931, 1.0606991052627563, -1.306380033493042, 0.2508397102355957, 79.85845947265625
0.018349647521972656, 0.5458046197891235, 1.0708560943603516, -1.279659628868103, 0.25246307253837585, 81.01557922363281
0.017920970916748047, 0.5589801669120789, 1.0784331560134888, -1.2537894248962402, 0.2526336908340454, 82.17169952392578
0.01694464683532715, 0.5756666660308838, 1.0843147039413452, -1.2318761348724365, 0.2553263008594513, 83.32952117919922
0.01497030258178711, 0.5923761129379272, 1.0880767107009888, -1.2153055667877197, 0.258053719997406, 84.48977661132812
0.015354394912719727, 0.6079166531562805, 1.0910815000534058, -1.2007392644882202, 0.25853148102760315, 85.64844512939453
0.01511073112487793, 0.6270962953567505, 1.0948439836502075, -1.1833065748214722, 0.2612786889076233, 86.81246185302734
0.016174793243408203, 0.6469414830207825, 1.09908926486969, -1.1670089960098267, 0.2665769159793854, 87.97589111328125
0.013794660568237305, 0.6643040180206299, 1.1043899059295654, -1.1518722772598267, 0.2663328945636749, 89.1361312866211
0.006895542144775391, 0.6831545829772949, 1.1136564016342163, -1.1423680782318115, 0.26817184686660767, 90.29374694824219
-0.003022909164428711, 0.7002721428871155, 1.1177504062652588, -1.1426291465759277, 0.2669202387332916, 91.4481430053711
-0.012421131134033203, 0.7163760662078857, 1.125036597251892, -1.1495647430419922, 0.2642546594142914, 92.6044692993164
-0.017374038696289062, 0.7324976921081543, 1.1324481964111328, -1.163325309753418, 0.2587928771972656, 93.75633239746094
-0.022451400756835938, 0.746581494808197, 1.1414309740066528, -1.182470440864563, 0.25512731075286865, 94.90403747558594
-0.025580167770385742, 0.7620049715042114, 1.1556047201156616, -1.2006149291992188, 0.25064602494239807, 96.05159759521484
-0.03089141845703125, 0.7800481915473938, 1.1682921648025513, -1.2261791229248047, 0.24265417456626892, 97.19763946533203
-0.03506875038146973, 0.8006325364112854, 1.1853091716766357, -1.2527058124542236, 0.2262253761291504, 98.3465347290039
-0.039345502853393555, 0.8189972043037415, 1.1990020275115967, -1.2889548540115356, 0.20888176560401917, 99.49591827392578
-0.04429268836975098, 0.838260293006897, 1.2136732339859009, -1.3317331075668335, 0.18448010087013245, 100.64251708984375
-0.04964780807495117, 0.8560497760772705, 1.2289689779281616, -1.381201982498169, 0.16141784191131592, 101.7926254272461
-0.053323984146118164, 0.8684737086296082, 1.247252345085144, -1.4342154264450073, 0.14334259927272797, 102.94837188720703
-0.05315661430358887, 0.8822884559631348, 1.2633494138717651, -1.4903221130371094, 0.12957631051540375, 104.10139465332031
-0.04889416694641113, 0.8969926834106445, 1.2797194719314575, -1.5401668548583984, 0.11895416676998138, 105.25547790527344
-0.04368138313293457, 0.9156522154808044, 1.2981122732162476, -1.5869522094726562, 0.10411486029624939, 106.41183471679688
-0.03900504112243652, 0.9346245527267456, 1.3162200450897217, -1.631711721420288, 0.08916359394788742, 107.56690979003906
-0.03598213195800781, 0.9537644386291504, 1.3358123302459717, -1.668209433555603, 0.07887639850378036, 108.71976470947266
-0.03356027603149414, 0.9681875705718994, 1.3511462211608887, -1.6996185779571533, 0.07077356427907944, 109.8681640625
-0.03171205520629883, 0.9810993671417236, 1.3690786361694336, -1.7288404703140259, 0.06125877797603607, 111.01158142089844
-0.03226590156555176, 0.989305317401886, 1.3887358903884888, -1.7579463720321655, 0.05080030485987663, 112.15241241455078
-0.030846595764160156, 0.9974787831306458, 1.4078311920166016, -1.7847208976745605, 0.03956960514187813, 113.29341125488281
-0.030059337615966797, 1.007371425628662, 1.4257475137710571, -1.8097559213638306, 0.03567219525575638, 114.42809295654297
-0.030241966247558594, 1.0179996490478516, 1.441971778869629, -1.8336151838302612, 0.032800428569316864, 115.55984497070312
-0.02943587303161621, 1.0306259393692017, 1.4581377506256104, -1.8569259643554688, 0.025429431349039078, 116.69506072998047
-0.027683496475219727, 1.0454970598220825, 1.4772216081619263, -1.8778306245803833, 0.015260590240359306, 117.83409881591797
-0.026005983352661133, 1.0567775964736938, 1.4948960542678833, -1.9009095430374146, 0.005726983770728111, 118.9712905883789
-0.024985551834106445, 1.0663912296295166, 1.5100351572036743, -1.9239838123321533, -0.0014746394008398056, 120.10872650146484
-0.025777339935302734, 1.074170708656311, 1.523671269416809, -1.9475351572036743, -0.004031105898320675, 121.24626159667969
-0.02378392219543457, 1.0827932357788086, 1.5323201417922974, -1.9671233892440796, 0.0003522532060742378, 122.38521575927734
-0.021066665649414062, 1.0898282527923584, 1.5421748161315918, -1.982323408126831, 0.0010366598144173622, 123.52363586425781
-0.015109777450561523, 1.0966427326202393, 1.5540587902069092, -1.995171070098877, -0.0011079050600528717, 124.66340637207031
-0.013406038284301758, 1.108233094215393, 1.5686149597167969, -1.9954640865325928, 0.0010028975084424019, 125.8075942993164
-0.01720118522644043, 1.1218562126159668, 1.5838589668273926, -1.9904932975769043, 0.010922787711024284, 126.96287536621094
-0.01848125457763672, 1.1438044309616089, 1.6012293100357056, -1.9965486526489258, 0.019829224795103073, 128.11622619628906
-0.021392822265625, 1.1600152254104614, 1.615888237953186, -2.006469249725342, 0.027519121766090393, 129.2690887451172
-0.02605605125427246, 1.171814203262329, 1.6316956281661987, -2.0195250511169434, 0.0388822965323925, 130.4220428466797
-0.03468608856201172, 1.1834648847579956, 1.6446146965026855, -2.0402557849884033, 0.04888051748275757, 131.57345581054688
-0.045943498611450195, 1.1975651979446411, 1.6568843126296997, -2.0718889236450195, 0.054498448967933655, 132.71873474121094
-0.05753302574157715, 1.2094706296920776, 1.666875958442688, -2.110525131225586, 0.05838809907436371, 133.8602752685547
-0.0699164867401123, 1.2269395589828491, 1.6774510145187378, -2.1596198081970215, 0.06438791006803513, 134.9973907470703
-0.07811450958251953, 1.2460259199142456, 1.6890859603881836, -2.221921920776367, 0.06718439608812332, 136.13233947753906
-0.08592629432678223, 1.2635973691940308, 1.7005503177642822, -2.2950234413146973, 0.06898076087236404, 137.26718139648438
-0.09380388259887695, 1.2806386947631836, 1.712713360786438, -2.382563352584839, 0.07429574429988861, 138.4007568359375
-0.10254549980163574, 1.292118787765503, 1.726951241493225, -2.4774768352508545, 0.08355709165334702, 139.53195190429688
-0.10925912857055664, 1.3050485849380493, 1.740524172782898, -2.5870165824890137, 0.09303828328847885, 140.66827392578125
-0.11593937873840332, 1.3225823640823364, 1.7502343654632568, -2.706399917602539, 0.1075502410531044, 141.8063201904297
-0.12570643424987793, 1.3395787477493286, 1.7609657049179077, -2.8324050903320312, 0.1197134330868721, 142.94149780273438
-0.13855242729187012, 1.3598952293395996, 1.7681550979614258, -2.966919422149658, 0.1308356374502182, 144.07305908203125
-0.14752960205078125, 1.37685227394104, 1.7820802927017212, -3.1124374866485596, 0.13849294185638428, 145.2117462158203
-0.15579700469970703, 1.3921183347702026, 1.797873616218567, -3.2664871215820312, 0.14043152332305908, 146.34950256347656
-0.16231966018676758, 1.4056942462921143, 1.8129881620407104, -3.4306342601776123, 0.13984397053718567, 147.48655700683594
-0.16898894309997559, 1.4200208187103271, 1.8309110403060913, -3.6015098094940186, 0.1450456827878952, 148.6231689453125
-0.17565584182739258, 1.4295283555984497, 1.8490115404129028, -3.7830312252044678, 0.15102116763591766, 149.75341796875
-0.18300342559814453, 1.4422283172607422, 1.8679404258728027, -3.9750936031341553, 0.15679523348808289, 150.88125610351562
-0.19031143188476562, 1.4551730155944824, 1.8821022510528564, -4.181175708770752, 0.15865635871887207, 152.0098114013672
-0.19878029823303223, 1.4672490358352661, 1.894801139831543, -4.3891119956970215, 0.16147522628307343, 153.14158630371094
-0.20478367805480957, 1.4809293746948242, 1.9110791683197021, -4.6042866706848145, 0.1671868860721588, 154.27230834960938
-0.2110002040863037, 1.4918912649154663, 1.930558204650879, -4.833065509796143, 0.1767510026693344, 155.39617919921875
-0.21661925315856934, 1.5044022798538208, 1.9491794109344482, -5.067462921142578, 0.18675534427165985, 156.517333984375
-0.22362327575683594, 1.5155754089355469, 1.9691473245620728, -5.304925918579102, 0.1993718147277832, 157.6342315673828
-0.23245835304260254, 1.5283123254776, 1.990094542503357, -5.551341533660889, 0.20722587406635284, 158.7477569580078
-0.23921966552734375, 1.5415278673171997, 2.011026620864868, -5.803564548492432, 0.20945020020008087, 159.86880493164062
-0.24222993850708008, 1.556074619293213, 2.0337562561035156, -6.068443775177002, 0.20757468044757843, 160.9911651611328
-0.24425625801086426, 1.5702974796295166, 2.0543673038482666, -6.331666946411133, 0.20085957646369934, 162.1171112060547
-0.2487633228302002, 1.588065505027771, 2.075277328491211, -6.5957746505737305, 0.1986173540353775, 163.2410430908203
-0.2552204132080078, 1.6057848930358887, 2.0962629318237305, -6.8692402839660645, 0.19573137164115906, 164.36007690429688
-0.25866174697875977, 1.6255046129226685, 2.1177382469177246, -7.140944480895996, 0.19103337824344635, 165.47129821777344
-0.2656264305114746, 1.6402755975723267, 2.132220506668091, -7.41256856918335, 0.18989452719688416, 166.58193969726562
-0.27721571922302246, 1.6572543382644653, 2.1468162536621094, -7.694220542907715, 0.18737176060676575, 167.6941680908203
-0.2869856357574463, 1.6735557317733765, 2.1634774208068848, -7.991384029388428, 0.18934215605258942, 168.81117248535156
-0.29486799240112305, 1.6913808584213257, 2.1802127361297607, -8.310659408569336, 0.1940278559923172, 169.9288330078125
-0.2976818084716797, 1.7026792764663696, 2.1974310874938965, -8.639339447021484, 0.2008819580078125, 171.04180908203125
-0.29935693740844727, 1.7201128005981445, 2.2177581787109375, -8.97265625, 0.20796802639961243, 172.1448974609375
-0.3007047176361084, 1.7441253662109375, 2.241748094558716, -9.305912971496582, 0.21728989481925964, 173.24447631835938
-0.3056468963623047, 1.7652807235717773, 2.259688138961792, -9.635875701904297, 0.22642695903778076, 174.3353271484375
-0.31140875816345215, 1.7813750505447388, 2.2766239643096924, -9.967723846435547, 0.23674127459526062, 175.42184448242188
-0.3163187503814697, 1.792035460472107, 2.295151948928833, -10.303068161010742, 0.24897174537181854, 176.50303649902344
-0.3188483715057373, 1.8015321493148804, 2.3104794025421143, -10.643340110778809, 0.25212743878364563, 177.580810546875
-0.3197767734527588, 1.812293529510498, 2.328636884689331, -10.980462074279785, 0.2527390420436859, 178.65855407714844
-0.31935548782348633, 1.8222256898880005, 2.3467540740966797, -11.322635650634766, 0.2515852153301239, 179.74057006835938
-0.3238656520843506, 1.833139181137085, 2.3662328720092773, -11.661252975463867, 0.24879157543182373, 180.82765197753906
-0.32877182960510254, 1.8431047201156616, 2.382300853729248, -12.002033233642578, 0.24693059921264648, 181.90887451171875
-0.3366570472717285, 1.8544446229934692, 2.397085189819336, -12.345147132873535, 0.24979844689369202, 182.9930419921875
-0.34389472007751465, 1.873340129852295, 2.4115347862243652, -12.698227882385254, 0.25291475653648376, 184.07089233398438
-0.34944963455200195, 1.896559476852417, 2.4273366928100586, -13.059982299804688, 0.2547001540660858, 185.14617919921875
-0.3510134220123291, 1.9138551950454712, 2.4409024715423584, -13.433478355407715, 0.2602444589138031, 186.2249755859375
-0.35428428649902344, 1.9339388608932495, 2.45422625541687, -13.809499740600586, 0.26956284046173096, 187.30075073242188
-0.35912346839904785, 1.9515902996063232, 2.4693331718444824, -14.192688941955566, 0.2889861762523651, 188.37449645996094
-0.3651742935180664, 1.9670888185501099, 2.485776901245117, -14.577855110168457, 0.3103055953979492, 189.44525146484375
-0.3726773262023926, 1.9822653532028198, 2.5040578842163086, -14.966303825378418, 0.33319857716560364, 190.51539611816406
-0.3846781253814697, 2.0029945373535156, 2.5228192806243896, -15.35832691192627, 0.35533514618873596, 191.5844268798828
-0.3950502872467041, 2.0250227451324463, 2.5423481464385986, -15.764965057373047, 0.3704465627670288, 192.65106201171875
-0.4032275676727295, 2.0437893867492676, 2.560638666152954, -16.186155319213867, 0.39050382375717163, 193.71913146972656
-0.4129452705383301, 2.0621209144592285, 2.5843727588653564, -16.624055862426758, 0.4082176089286804, 194.7884979248047
-0.4192662239074707, 2.0777127742767334, 2.6100387573242188, -17.073074340820312, 0.4250189960002899, 195.8518524169922
-0.42737579345703125, 2.094146728515625, 2.634761095046997, -17.53095054626465, 0.44141149520874023, 196.91029357910156
-0.4339425563812256, 2.108623504638672, 2.656202793121338, -18.002490997314453, 0.4587646722793579, 197.97366333007812
-0.4404263496398926, 2.123656988143921, 2.678281545639038, -18.48427963256836, 0.47470635175704956, 199.03585815429688
-0.4419379234313965, 2.1366753578186035, 2.6935207843780518, -18.97010040283203, 0.49259331822395325, 200.08828735351562
-0.44558048248291016, 2.151313304901123, 2.712853193283081, -19.45956039428711, 0.505898654460907, 201.14138793945312
-0.45192551612854004, 2.164196491241455, 2.7317984104156494, -19.9473819732666, 0.52031409740448, 202.19024658203125
-0.45740270614624023, 2.1784775257110596, 2.751556396484375, -20.44009780883789, 0.5342112183570862, 203.2298126220703
-0.4645569324493408, 2.1905205249786377, 2.7700984477996826, -20.943462371826172, 0.551358699798584, 204.2678680419922
-0.4686915874481201, 2.195067882537842, 2.789543390274048, -21.451005935668945, 0.5646032691001892, 205.29592895507812
-0.47392868995666504, 2.2011449337005615, 2.811988115310669, -21.961278915405273, 0.5755636096000671, 206.3240966796875
-0.48157620429992676, 2.2105190753936768, 2.832909107208252, -22.477100372314453, 0.5825849175453186, 207.34254455566406
-0.49016475677490234, 2.2204649448394775, 2.848879814147949, -22.996337890625, 0.5949634909629822, 208.36093139648438
-0.49686217308044434, 2.2335309982299805, 2.8597633838653564, -23.52721405029297, 0.6038408875465393, 209.36622619628906
-0.50187087059021, 2.2465081214904785, 2.874434471130371, -24.057470321655273, 0.6115358471870422, 210.3746795654297
-0.5036232471466064, 2.2591552734375, 2.8921642303466797, -24.596527099609375, 0.6189192533493042, 211.37974548339844
-0.5082302093505859, 2.2673869132995605, 2.9049313068389893, -25.140548706054688, 0.6186226606369019, 212.3863525390625
-0.5119116306304932, 2.2804577350616455, 2.916031837463379, -25.682147979736328, 0.6160953640937805, 213.39306640625
-0.5183453559875488, 2.293823480606079, 2.930091381072998, -26.228515625, 0.6157596707344055, 214.40133666992188
-0.5264582633972168, 2.3027737140655518, 2.945729970932007, -26.783424377441406, 0.6178081631660461, 215.40948486328125
-0.5305442810058594, 2.315692186355591, 2.960106611251831, -27.34684944152832, 0.6297233700752258, 216.41717529296875
-0.537377119064331, 2.3279848098754883, 2.975285053253174, -27.910287857055664, 0.6436679363250732, 217.42251586914062
-0.5431292057037354, 2.3455402851104736, 2.9924588203430176, -28.48041343688965, 0.651237428188324, 218.43069458007812
-0.5449092388153076, 2.3688156604766846, 3.0110507011413574, -29.06264305114746, 0.645134687423706, 219.4334259033203
-0.5433025360107422, 2.3850643634796143, 3.025097370147705, -29.647775650024414, 0.6396270394325256, 220.4326171875
-0.5407419204711914, 2.4004876613616943, 3.0391435623168945, -30.233646392822266, 0.6325019001960754, 221.43124389648438
-0.5432312488555908, 2.4164819717407227, 3.0514893531799316, -30.817668914794922, 0.6287675499916077, 222.43130493164062
-0.5453200340270996, 2.433750629425049, 3.067570686340332, -31.407840728759766, 0.6283484697341919, 223.42715454101562
-0.5533199310302734, 2.451378345489502, 3.084881544113159, -31.997724533081055, 0.6313512325286865, 224.4237518310547
-0.5590765476226807, 2.4643964767456055, 3.1010489463806152, -32.59675216674805, 0.6348234415054321, 225.40684509277344
-0.5623884201049805, 2.4790732860565186, 3.117030620574951, -33.193912506103516, 0.6385473012924194, 226.3870391845703
-0.564873456954956, 2.4975035190582275, 3.1340155601501465, -33.792335510253906, 0.6407722234725952, 227.36111450195312
-0.5696940422058105, 2.517957925796509, 3.1463286876678467, -34.39413070678711, 0.641884982585907, 228.33978271484375
-0.5734848976135254, 2.5353338718414307, 3.16339373588562, -34.99443054199219, 0.6488502621650696, 229.311767578125
-0.5763404369354248, 2.5531272888183594, 3.1856610774993896, -35.59341049194336, 0.6575493216514587, 230.27862548828125
-0.5800948143005371, 2.5680737495422363, 3.2044262886047363, -36.197166442871094, 0.6703218221664429, 231.2510223388672
-0.582038402557373, 2.5815560817718506, 3.225679397583008, -36.80674362182617, 0.677898645401001, 232.22457885742188
-0.5858116149902344, 2.5950934886932373, 3.245915651321411, -37.42059326171875, 0.6886724829673767, 233.19351196289062
-0.5862987041473389, 2.6092655658721924, 3.2657828330993652, -38.041595458984375, 0.6933984756469727, 234.16529846191406
-0.5834901332855225, 2.6215078830718994, 3.2914154529571533, -38.6646728515625, 0.6937174797058105, 235.1354522705078
-0.585064172744751, 2.6292054653167725, 3.3148326873779297, -39.283260345458984, 0.6952552199363708, 236.1057586669922
-0.5862302780151367, 2.6401100158691406, 3.3372867107391357, -39.89672088623047, 0.6940051317214966, 237.07550048828125
-0.5835278034210205, 2.643218517303467, 3.3587234020233154, -40.51289749145508, 0.6884226202964783, 238.0408172607422
-0.5841400623321533, 2.644514799118042, 3.3806488513946533, -41.12816619873047, 0.6923380494117737, 239.00918579101562
-0.5882859230041504, 2.6493844985961914, 3.4006245136260986, -41.7459716796875, 0.6997180581092834, 239.97198486328125
-0.5911240577697754, 2.657348871231079, 3.415485143661499, -42.370704650878906, 0.7074818015098572, 240.928955078125
-0.5958094596862793, 2.666217088699341, 3.4286763668060303, -42.999725341796875, 0.7236739993095398, 241.8890380859375
-0.5956428050994873, 2.6785874366760254, 3.4419238567352295, -43.63836669921875, 0.7369999885559082, 242.84791564941406
-0.597334623336792, 2.6929492950439453, 3.4558444023132324, -44.27130889892578, 0.7451837658882141, 243.80137634277344
-0.6000106334686279, 2.7097556591033936, 3.471083641052246, -44.90217590332031, 0.7538385391235352, 244.75314331054688
-0.6067092418670654, 2.721320152282715, 3.485764741897583, -45.53447341918945, 0.759900689125061, 245.71124267578125
-0.6166136264801025, 2.732729196548462, 3.4972896575927734, -46.17728805541992, 0.7597306966781616, 246.66859436035156
-0.6276712417602539, 2.741028070449829, 3.503361701965332, -46.825862884521484, 0.7590217590332031, 247.61605834960938
-0.636805534362793, 2.748666763305664, 3.510366201400757, -47.48866653442383, 0.7534158825874329, 248.56253051757812
-0.6485652923583984, 2.7581803798675537, 3.519775152206421, -48.158695220947266, 0.7497684955596924, 249.499267578125
-0.6568164825439453, 2.7711782455444336, 3.5345563888549805, -48.847206115722656, 0.7457031011581421, 250.42852783203125
-0.6658809185028076, 2.7851104736328125, 3.5460879802703857, -49.54859161376953, 0.7396374344825745, 251.34954833984375
-0.6738276481628418, 2.795893430709839, 3.5562000274658203, -50.25752258300781, 0.7385521531105042, 252.25967407226562
-0.6786055564880371, 2.809110164642334, 3.5687062740325928, -50.96673583984375, 0.7404254078865051, 253.1675262451172
-0.6836192607879639, 2.8214268684387207, 3.5802226066589355, -51.676692962646484, 0.7424760460853577, 254.06582641601562
-0.6881635189056396, 2.8359293937683105, 3.591554880142212, -52.38688278198242, 0.7470329403877258, 254.96432495117188
-0.6930122375488281, 2.851606845855713, 3.6030120849609375, -53.10732650756836, 0.7470377683639526, 255.86441040039062
-0.6992404460906982, 2.8705620765686035, 3.6123459339141846, -53.8316650390625, 0.7472923398017883, 256.76123046875
-0.7017638683319092, 2.8867719173431396, 3.6282451152801514, -54.562591552734375, 0.741522490978241, 257.65472412109375
-0.7038474082946777, 2.9096486568450928, 3.6479978561401367, -55.2976188659668, 0.7345633506774902, 258.54718017578125
-0.704322099685669, 2.9302725791931152, 3.6668927669525146, -56.03067398071289, 0.7302952408790588, 259.43670654296875
-0.7075917720794678, 2.9491376876831055, 3.68479585647583, -56.765899658203125, 0.731113851070404, 260.3279113769531
-0.7132775783538818, 2.9614977836608887, 3.701965808868408, -57.49436569213867, 0.7338153123855591, 261.2115478515625
-0.7235417366027832, 2.9744374752044678, 3.7143430709838867, -58.231143951416016, 0.7376157641410828, 262.090576171875
-0.7339069843292236, 2.986396312713623, 3.7278378009796143, -58.96360778808594, 0.7439873218536377, 262.9592590332031
-0.7421011924743652, 2.9978158473968506, 3.7432117462158203, -59.70265197753906, 0.7520512938499451, 263.8191833496094
-0.7489778995513916, 3.0081472396850586, 3.755812168121338, -60.45500946044922, 0.7525701522827148, 264.669921875
-0.7539107799530029, 3.0203540325164795, 3.7664084434509277, -61.219722747802734, 0.7482728362083435, 265.51629638671875
-0.7587287425994873, 3.0338988304138184, 3.7776455879211426, -61.99490737915039, 0.7425179481506348, 266.3656311035156
-0.7632911205291748, 3.0525097846984863, 3.788860559463501, -62.78129196166992, 0.7356076240539551, 267.2161865234375
-0.7650187015533447, 3.0714328289031982, 3.7985169887542725, -63.576358795166016, 0.7309487462043762, 268.0658874511719
-0.7646358013153076, 3.09196400642395, 3.8063912391662598, -64.37751770019531, 0.7314239740371704, 268.9152526855469
-0.7660057544708252, 3.111692190170288, 3.819518804550171, -65.18052673339844, 0.7375550866127014, 269.7622985839844
-0.7666671276092529, 3.133298397064209, 3.8351590633392334, -65.98612976074219, 0.7445258498191833, 270.60723876953125
-0.7695116996765137, 3.154261350631714, 3.8473403453826904, -66.78556060791016, 0.7508342266082764, 271.44451904296875
-0.7708172798156738, 3.172008991241455, 3.859651565551758, -67.58976745605469, 0.758755624294281, 272.2765197753906
-0.770226001739502, 3.188652753829956, 3.873046875, -68.38984680175781, 0.7660031914710999, 273.11102294921875
-0.7696139812469482, 3.2011444568634033, 3.8863770961761475, -69.1917724609375, 0.7706485986709595, 273.942626953125
-0.7674195766448975, 3.2148778438568115, 3.8980255126953125, -69.98881530761719, 0.7745407819747925, 274.7730407714844
-0.7684307098388672, 3.2308168411254883, 3.913992166519165, -70.78884887695312, 0.7805513143539429, 275.61151123046875
-0.7682931423187256, 3.2499382495880127, 3.9275195598602295, -71.5914077758789, 0.7853443622589111, 276.44757080078125
-0.7643406391143799, 3.2687792778015137, 3.940314769744873, -72.39253997802734, 0.7892251014709473, 277.28741455078125
-0.7595157623291016, 3.2891993522644043, 3.9517064094543457, -73.18968963623047, 0.7882794737815857, 278.12933349609375
-0.7519738674163818, 3.306570529937744, 3.959690809249878, -73.98417663574219, 0.7830654978752136, 278.9696044921875
-0.7475054264068604, 3.3246028423309326, 3.9694647789001465, -74.7740707397461, 0.7800647616386414, 279.8172302246094
-0.7454631328582764, 3.3379578590393066, 3.979729652404785, -75.56379699707031, 0.7791330218315125, 280.6673278808594
-0.7445724010467529, 3.35115647315979, 3.9906396865844727, -76.34832763671875, 0.7796279191970825, 281.5220947265625
-0.7399699687957764, 3.3647639751434326, 4.0034613609313965, -77.12747955322266, 0.7787235975265503, 282.3805236816406
-0.7329659461975098, 3.3785364627838135, 4.018197059631348, -77.89869689941406, 0.776024341583252, 283.2437438964844
-0.7258241176605225, 3.3924291133880615, 4.032219409942627, -78.66365814208984, 0.7677929401397705, 284.1075134277344
-0.722334623336792, 3.4060354232788086, 4.04718017578125, -79.42623138427734, 0.7643395066261292, 284.9776611328125
-0.7178804874420166, 3.417726755142212, 4.059934139251709, -80.1863784790039, 0.7597091794013977, 285.8423156738281
-0.7146251201629639, 3.4282872676849365, 4.072495460510254, -80.93809509277344, 0.7550197839736938, 286.70599365234375
-0.7132062911987305, 3.4366419315338135, 4.082878112792969, -81.68828582763672, 0.7570041418075562, 287.5719299316406
-0.7132675647735596, 3.4473042488098145, 4.096599102020264, -82.43832397460938, 0.7572486996650696, 288.443359375
-0.7134125232696533, 3.4586758613586426, 4.108133792877197, -83.18977355957031, 0.7622144222259521, 289.31268310546875
-0.7131788730621338, 3.4707462787628174, 4.120028018951416, -83.93485260009766, 0.7638303637504578, 290.183837890625
-0.7128515243530273, 3.488600969314575, 4.128708839416504, -84.67615509033203, 0.7678486704826355, 291.0528869628906
-0.7094869613647461, 3.5110151767730713, 4.138307571411133, -85.41667175292969, 0.7713890075683594, 291.923095703125
-0.7086329460144043, 3.5319693088531494, 4.1470160484313965, -86.15190124511719, 0.7771034836769104, 292.7945861816406
-0.7073538303375244, 3.550673246383667, 4.156839370727539, -86.88607025146484, 0.7815561890602112, 293.66943359375
-0.7039015293121338, 3.564929723739624, 4.165251731872559, -87.61998748779297, 0.7915968298912048, 294.5471496582031
-0.7018449306488037, 3.57951021194458, 4.177038192749023, -88.34898376464844, 0.8012199997901917, 295.4244079589844
-0.7038872241973877, 3.590479850769043, 4.185013771057129, -89.0769271850586, 0.8111335635185242, 296.3007507324219
-0.7064120769500732, 3.606123208999634, 4.1921844482421875, -89.80915069580078, 0.8200511932373047, 297.1773376464844
-0.7059381008148193, 3.6231319904327393, 4.200901985168457, -90.54595184326172, 0.821623682975769, 298.05206298828125
-0.7040164470672607, 3.6416592597961426, 4.209719181060791, -91.27597045898438, 0.8213221430778503, 298.93096923828125
-0.7016353607177734, 3.6643779277801514, 4.2220282554626465, -92.00621032714844, 0.8204469680786133, 299.8092346191406
-0.6988949775695801, 3.6887872219085693, 4.230020523071289, -92.73726654052734, 0.8211280107498169, 300.6850280761719
-0.6999850273132324, 3.709763765335083, 4.235629558563232, -93.47136688232422, 0.8199613690376282, 301.55682373046875
-0.7030375003814697, 3.725834369659424, 4.239531993865967, -94.2038803100586, 0.8226698040962219, 302.4214782714844
-0.7071185111999512, 3.734708070755005, 4.247849941253662, -94.94249725341797, 0.8248119950294495, 303.28924560546875
-0.7080938816070557, 3.7438082695007324, 4.258947372436523, -95.68181610107422, 0.824172854423523, 304.156494140625
-0.7048823833465576, 3.7502853870391846, 4.270660400390625, -96.43192291259766, 0.823232114315033, 305.0317077636719
-0.7002284526824951, 3.7577102184295654, 4.28636360168457, -97.17827606201172, 0.8234142661094666, 305.9106140136719
-0.6993308067321777, 3.771054983139038, 4.300292015075684, -97.9141616821289, 0.8247707486152649, 306.79595947265625
-0.7017691135406494, 3.7875990867614746, 4.311599254608154, -98.64837646484375, 0.8264674544334412, 307.67938232421875
-0.704138994216919, 3.8084864616394043, 4.322723388671875, -99.37944030761719, 0.826117992401123, 308.5629577636719
-0.7068071365356445, 3.828598976135254, 4.3357625007629395, -100.11094665527344, 0.8278082609176636, 309.4442138671875
-0.710160493850708, 3.849095344543457, 4.350160598754883, -100.84014892578125, 0.830005943775177, 310.3229064941406
-0.7131538391113281, 3.8667287826538086, 4.364543914794922, -101.56555938720703, 0.8358767628669739, 311.1983642578125
-0.7139778137207031, 3.886805295944214, 4.379430294036865, -102.2890625, 0.8406826257705688, 312.069091796875
-0.7157378196716309, 3.901703357696533, 4.394596099853516, -103.01254272460938, 0.8400072455406189, 312.9406433105469
-0.7159101963043213, 3.9150662422180176, 4.409924030303955, -103.73770141601562, 0.8334043025970459, 313.81341552734375
-0.7134413719177246, 3.9277195930480957, 4.423915863037109, -104.46204376220703, 0.8277203440666199, 314.6828918457031
-0.7087461948394775, 3.943359851837158, 4.438228607177734, -105.18790435791016, 0.8238347172737122, 315.5560302734375
-0.7054538726806641, 3.9606339931488037, 4.456026554107666, -105.91114807128906, 0.8208478689193726, 316.4327087402344
-0.7036349773406982, 3.97957181930542, 4.471924781799316, -106.63025665283203, 0.8211350440979004, 317.30712890625
-0.7050004005432129, 3.997398853302002, 4.4868268966674805, -107.34780883789062, 0.8230558037757874, 318.1758117675781
-0.7093679904937744, 4.0159010887146, 4.500099182128906, -108.06246185302734, 0.8245318531990051, 319.0411682128906
-0.7112095355987549, 4.037032127380371, 4.516212463378906, -108.77772521972656, 0.8298817276954651, 319.9080810546875
-0.7146389484405518, 4.05686092376709, 4.5337910652160645, -109.49584197998047, 0.8284555673599243, 320.767822265625
-0.7167892456054688, 4.075871467590332, 4.553009986877441, -110.21805572509766, 0.8308295011520386, 321.6303405761719
-0.7163715362548828, 4.099050998687744, 4.574342250823975, -110.9429931640625, 0.8315293788909912, 322.49005126953125
-0.7161076068878174, 4.123369216918945, 4.596531391143799, -111.66886901855469, 0.8360167145729065, 323.3548583984375
-0.7149574756622314, 4.1477437019348145, 4.616578102111816, -112.39498901367188, 0.8461315631866455, 324.2150573730469
-0.7129857540130615, 4.168522834777832, 4.635408878326416, -113.11936950683594, 0.8580896854400635, 325.0750427246094
-0.7094259262084961, 4.191662311553955, 4.657201766967773, -113.84547424316406, 0.8681934475898743, 325.94439697265625
-0.7057828903198242, 4.216249942779541, 4.680543422698975, -114.56755828857422, 0.8805825710296631, 326.81719970703125
-0.7022697925567627, 4.24107027053833, 4.701083183288574, -115.29045104980469, 0.8916259407997131, 327.68975830078125
-0.7010707855224609, 4.26460075378418, 4.719526767730713, -116.00624084472656, 0.896580159664154, 328.5637512207031
-0.700545072555542, 4.28557014465332, 4.737607955932617, -116.71749877929688, 0.9025573134422302, 329.4403991699219
-0.6997311115264893, 4.304652690887451, 4.757016181945801, -117.42860412597656, 0.9093967080116272, 330.3174743652344
-0.7010624408721924, 4.324174880981445, 4.7740559577941895, -118.13861846923828, 0.9145519733428955, 331.1965026855469
-0.6986968517303467, 4.34422492980957, 4.790229797363281, -118.85069274902344, 0.9164319038391113, 332.0713195800781
-0.7004368305206299, 4.363566875457764, 4.809237480163574, -119.56646728515625, 0.9185026288032532, 332.9525451660156
-0.6985347270965576, 4.388602256774902, 4.823919773101807, -120.28501892089844, 0.918222188949585, 333.82794189453125
-0.6953537464141846, 4.418275833129883, 4.842203617095947, -121.01243591308594, 0.9182692170143127, 334.7080078125
-0.6890163421630859, 4.442864418029785, 4.861838340759277, -121.73834991455078, 0.9207115173339844, 335.59710693359375
-0.6859664916992188, 4.458675861358643, 4.882255554199219, -122.45323181152344, 0.9258974194526672, 336.4921569824219
-0.6849896907806396, 4.4716105461120605, 4.902929306030273, -123.16558837890625, 0.9286129474639893, 337.3887939453125
-0.6851866245269775, 4.484049320220947, 4.927532196044922, -123.8698959350586, 0.9408013224601746, 338.29278564453125
-0.686596155166626, 4.503589630126953, 4.948534965515137, -124.58136749267578, 0.9544897079467773, 339.19403076171875
-0.6824643611907959, 4.524471759796143, 4.967953681945801, -125.29466247558594, 0.9642595648765564, 340.08953857421875
-0.6777102947235107, 4.545648097991943, 4.985694885253906, -126.00292205810547, 0.9743911027908325, 340.9906921386719
-0.6733741760253906, 4.56809663772583, 4.998147487640381, -126.70841979980469, 0.979656994342804, 341.8966369628906
-0.6703362464904785, 4.590388774871826, 5.013399124145508, -127.40929412841797, 0.988513171672821, 342.80718994140625
-0.6637537479400635, 4.610485553741455, 5.026649475097656, -128.1007080078125, 0.990044355392456, 343.7171936035156
-0.6582307815551758, 4.632692813873291, 5.041660308837891, -128.79270935058594, 0.9930928349494934, 344.6322326660156
-0.6560003757476807, 4.655163764953613, 5.056787490844727, -129.4766845703125, 1.0015339851379395, 345.5488586425781
-0.6530251502990723, 4.675819396972656, 5.072580337524414, -130.15640258789062, 1.0130082368850708, 346.4651184082031
-0.6488523483276367, 4.702241897583008, 5.090240478515625, -130.82969665527344, 1.0254826545715332, 347.37957763671875
-0.6468970775604248, 4.726927757263184, 5.111611843109131, -131.49624633789062, 1.0355618000030518, 348.29962158203125
-0.6471312046051025, 4.755841255187988, 5.127861022949219, -132.1578369140625, 1.0370806455612183, 349.21453857421875
-0.6474745273590088, 4.780210971832275, 5.146165370941162, -132.8176727294922, 1.0375308990478516, 350.1330261230469
-0.6438605785369873, 4.797510147094727, 5.160796165466309, -133.4849395751953, 1.0391120910644531, 351.0509948730469
-0.644550085067749, 4.8137898445129395, 5.171552658081055, -134.14573669433594, 1.043634057044983, 351.9685974121094
-0.6458179950714111, 4.82614803314209, 5.181992530822754, -134.80364990234375, 1.0493723154067993, 352.8896484375
-0.6469368934631348, 4.837473392486572, 5.199476718902588, -135.46624755859375, 1.0546417236328125, 353.8189392089844
-0.6486165523529053, 4.846309185028076, 5.2163896560668945, -136.1245880126953, 1.0555559396743774, 354.7494812011719
-0.6490659713745117, 4.864406108856201, 5.236960411071777, -136.7911834716797, 1.0508477687835693, 355.682861328125
-0.6541397571563721, 4.881402969360352, 5.25584602355957, -137.4558868408203, 1.0494478940963745, 356.6163330078125
-0.6616096496582031, 4.89858341217041, 5.274792671203613, -138.12124633789062, 1.0572638511657715, 357.546875
-0.6717877388000488, 4.912451267242432, 5.289861679077148, -138.7930145263672, 1.0594289302825928, 358.46820068359375
-0.6803092956542969, 4.930392742156982, 5.305429935455322, -139.48435974121094, 1.0632305145263672, 359.3818359375
-0.6866748332977295, 4.951592922210693, 5.317281723022461, -140.1834259033203, 1.0717682838439941, 360.28997802734375
-0.6884438991546631, 4.970083236694336, 5.3244147300720215, -140.88897705078125, 1.0838570594787598, 361.1865539550781
-0.6883854866027832, 4.990789413452148, 5.338088512420654, -141.60096740722656, 1.0985727310180664, 362.0819396972656
-0.6831560134887695, 5.016096115112305, 5.358692646026611, -142.3157958984375, 1.10798180103302, 362.98162841796875
-0.676020622253418, 5.037493705749512, 5.378590106964111, -143.02548217773438, 1.1159898042678833, 363.8852233886719
-0.6708173751831055, 5.050711631774902, 5.394747257232666, -143.7343292236328, 1.112355351448059, 364.7882385253906
-0.6687872409820557, 5.067342281341553, 5.4109110832214355, -144.43739318847656, 1.110325574874878, 365.6944580078125
-0.6653454303741455, 5.085980415344238, 5.426846504211426, -145.13351440429688, 1.1120930910110474, 366.6083068847656
-0.6599292755126953, 5.105340480804443, 5.445385456085205, -145.82437133789062, 1.1092844009399414, 367.53326416015625
-0.6530132293701172, 5.126773357391357, 5.460301399230957, -146.51193237304688, 1.1035208702087402, 368.4601745605469
-0.645543098449707, 5.151133060455322, 5.472414016723633, -147.19622802734375, 1.1031277179718018, 369.38629150390625
-0.6381728649139404, 5.171254634857178, 5.4837775230407715, -147.8812255859375, 1.1048768758773804, 370.3172607421875
-0.6357481479644775, 5.186300754547119, 5.50108528137207, -148.56228637695312, 1.1040610074996948, 371.24700927734375
-0.6365153789520264, 5.203001499176025, 5.523820877075195, -149.24343872070312, 1.1084086894989014, 372.1853332519531
-0.6392831802368164, 5.220114707946777, 5.540889739990234, -149.92153930664062, 1.1056602001190186, 373.1189270019531
-0.6363511085510254, 5.233710289001465, 5.556146144866943, -150.6002960205078, 1.0997940301895142, 374.04888916015625
-0.6290717124938965, 5.250726699829102, 5.571822643280029, -151.27337646484375, 1.092083215713501, 374.9822998046875
-0.6221191883087158, 5.264829158782959, 5.588497638702393, -151.94248962402344, 1.0940600633621216, 375.9232177734375
-0.613990068435669, 5.275844573974609, 5.6064605712890625, -152.60304260253906, 1.0987391471862793, 376.8694763183594
-0.6063680648803711, 5.287655830383301, 5.624739170074463, -153.24777221679688, 1.1068581342697144, 377.826171875
-0.5986316204071045, 5.304922103881836, 5.642107009887695, -153.88601684570312, 1.1094632148742676, 378.7901916503906
-0.5914287567138672, 5.327718734741211, 5.659158229827881, -154.51722717285156, 1.1175299882888794, 379.75079345703125
-0.5832159519195557, 5.352942943572998, 5.676545143127441, -155.137451171875, 1.1228015422821045, 380.7171630859375
-0.5743710994720459, 5.374347686767578, 5.6903839111328125, -155.7505645751953, 1.1307793855667114, 381.6874084472656
-0.564267635345459, 5.392457962036133, 5.703943252563477, -156.3536834716797, 1.1319397687911987, 382.6651306152344
-0.5543251037597656, 5.411126136779785, 5.716986656188965, -156.94338989257812, 1.1416302919387817, 383.659423828125
-0.5418455600738525, 5.426988124847412, 5.730857849121094, -157.52867126464844, 1.1468803882598877, 384.6545104980469
-0.5334908962249756, 5.443158149719238, 5.745602130889893, -158.09991455078125, 1.1525379419326782, 385.6512451171875
-0.5261273384094238, 5.455423831939697, 5.760830402374268, -158.66673278808594, 1.1543169021606445, 386.6474304199219
-0.522158145904541, 5.467324733734131, 5.775836944580078, -159.22203063964844, 1.1628462076187134, 387.64520263671875
-0.516836404800415, 5.482426166534424, 5.797926425933838, -159.76951599121094, 1.1706277132034302, 388.6476745605469
-0.5120065212249756, 5.496445178985596, 5.818875312805176, -160.31199645996094, 1.174414873123169, 389.64959716796875
-0.5092215538024902, 5.510134220123291, 5.840054035186768, -160.8517608642578, 1.1788026094436646, 390.65020751953125
-0.5098247528076172, 5.525919437408447, 5.859029293060303, -161.39060974121094, 1.1874409914016724, 391.6476135253906
-0.5115082263946533, 5.54000997543335, 5.876886367797852, -161.92991638183594, 1.1943962574005127, 392.64727783203125
-0.5145909786224365, 5.556223392486572, 5.895481586456299, -162.46945190429688, 1.2055813074111938, 393.6423645019531
-0.5149409770965576, 5.57682466506958, 5.913854122161865, -163.01962280273438, 1.2114306688308716, 394.6412658691406
-0.5160884857177734, 5.60057258605957, 5.93651008605957, -163.5640869140625, 1.2233799695968628, 395.6466369628906
-0.5133335590362549, 5.624423027038574, 5.95778226852417, -164.1124725341797, 1.2314629554748535, 396.65216064453125
-0.5129125118255615, 5.647008895874023, 5.979186534881592, -164.662353515625, 1.2356102466583252, 397.6607971191406
-0.5111513137817383, 5.667452335357666, 6.001134395599365, -165.21102905273438, 1.2328276634216309, 398.669921875
-0.5061805248260498, 5.688302993774414, 6.025029182434082, -165.75808715820312, 1.225420594215393, 399.6785888671875
-0.4984762668609619, 5.704672336578369, 6.048833847045898, -166.30093383789062, 1.2182248830795288, 400.6929626464844
-0.49178385734558105, 5.720035552978516, 6.074199199676514, -166.83932495117188, 1.2123287916183472, 401.7212219238281
-0.49002742767333984, 5.73439359664917, 6.0986127853393555, -167.37632751464844, 1.2062643766403198, 402.75238037109375
-0.490478515625, 5.745182037353516, 6.120145797729492, -167.90768432617188, 1.207578420639038, 403.7757568359375
-0.4902069568634033, 5.754696846008301, 6.1403117179870605, -168.43447875976562, 1.2082830667495728, 404.79620361328125
-0.4872896671295166, 5.76833438873291, 6.160229682922363, -168.95846557617188, 1.214080810546875, 405.8060607910156
-0.4859192371368408, 5.783082008361816, 6.1822004318237305, -169.47801208496094, 1.220625400543213, 406.8124084472656
-0.4851529598236084, 5.8009467124938965, 6.209478378295898, -169.995849609375, 1.2247549295425415, 407.8206787109375
-0.48168444633483887, 5.817090034484863, 6.231037616729736, -170.51553344726562, 1.2303558588027954, 408.8341979980469
-0.4783294200897217, 5.8314337730407715, 6.254691123962402, -171.03334045410156, 1.2300838232040405, 409.8504333496094
-0.47740983963012695, 5.8408732414245605, 6.275188446044922, -171.54815673828125, 1.2355263233184814, 410.865234375
-0.4780275821685791, 5.853481769561768, 6.2945427894592285, -172.0665740966797, 1.2404541969299316, 411.8875732421875
-0.4790468215942383, 5.867282390594482, 6.313694477081299, -172.5789337158203, 1.2448333501815796, 412.91192626953125
-0.4804072380065918, 5.876516819000244, 6.336908340454102, -173.0980987548828, 1.245286464691162, 413.9407958984375
-0.48500680923461914, 5.886848449707031, 6.362589359283447, -173.6175079345703, 1.2495100498199463, 414.96533203125
-0.48975539207458496, 5.892070770263672, 6.385149002075195, -174.13641357421875, 1.2477105855941772, 415.9838562011719
-0.49347901344299316, 5.903149127960205, 6.406687259674072, -174.66156005859375, 1.2435081005096436, 416.99810791015625
-0.4968528747558594, 5.914034843444824, 6.427155017852783, -175.19650268554688, 1.2426608800888062, 418.0082702636719
-0.4998342990875244, 5.924083232879639, 6.443427562713623, -175.73423767089844, 1.246148943901062, 419.0140686035156
-0.5062127113342285, 5.9357452392578125, 6.460326194763184, -176.27545166015625, 1.2523629665374756, 420.021728515625
-0.5181324481964111, 5.946087837219238, 6.476195812225342, -176.81857299804688, 1.2584869861602783, 421.0285339355469
-0.5281741619110107, 5.955598831176758, 6.486057758331299, -177.3769989013672, 1.2649667263031006, 422.0291748046875
-0.5380918979644775, 5.973752975463867, 6.499459743499756, -177.9403839111328, 1.2756563425064087, 423.0201416015625
-0.5432779788970947, 5.993618965148926, 6.50951623916626, -178.50804138183594, 1.2827949523925781, 424.0018005371094
-0.5425412654876709, 6.01393461227417, 6.517581939697266, -179.07696533203125, 1.2887910604476929, 424.9783020019531
-0.5423464775085449, 6.02998161315918, 6.525508880615234, -179.64208984375, 1.2938826084136963, 425.9521789550781
-0.5472962856292725, 6.052301406860352, 6.531984329223633, -180.20643615722656, 1.2989898920059204, 426.927001953125
-0.5525126457214355, 6.0727949142456055, 6.538056373596191, -180.77760314941406, 1.296080470085144, 427.896484375
-0.5595331192016602, 6.094160079956055, 6.548928260803223, -181.34933471679688, 1.2976645231246948, 428.8685302734375
-0.5642271041870117, 6.116279125213623, 6.55865478515625, -181.9273223876953, 1.2979000806808472, 429.83392333984375
-0.5705420970916748, 6.131372928619385, 6.566505432128906, -182.5175018310547, 1.3032029867172241, 430.8045349121094
-0.5760612487792969, 6.148031234741211, 6.576147556304932, -183.1134490966797, 1.3132107257843018, 431.7697448730469
-0.5820131301879883, 6.162714958190918, 6.582350730895996, -183.70672607421875, 1.324661135673523, 432.7304382324219
-0.5894820690155029, 6.174955368041992, 6.592950344085693, -184.3024444580078, 1.3357155323028564, 433.6907043457031
-0.5967981815338135, 6.186539173126221, 6.602846622467041, -184.9112548828125, 1.3394315242767334, 434.6463928222656
-0.6015796661376953, 6.202099323272705, 6.61494779586792, -185.52716064453125, 1.3413749933242798, 435.5931091308594
-0.6018753051757812, 6.216501235961914, 6.626669406890869, -186.1497802734375, 1.342262625694275, 436.534912109375
-0.6059584617614746, 6.232999324798584, 6.641722679138184, -186.77984619140625, 1.3411341905593872, 437.4833068847656
-0.6117293834686279, 6.246284008026123, 6.657872676849365, -187.41561889648438, 1.3381128311157227, 438.4364929199219
-0.6147797107696533, 6.26138973236084, 6.675081253051758, -188.05691528320312, 1.3345447778701782, 439.3901672363281
-0.6198339462280273, 6.272637367248535, 6.694628715515137, -188.6945343017578, 1.327829122543335, 440.3374328613281
-0.6204876899719238, 6.284090995788574, 6.711649417877197, -189.32711791992188, 1.3250017166137695, 441.2741394042969
-0.6239595413208008, 6.299671173095703, 6.728126525878906, -189.95265197753906, 1.3233779668807983, 442.1986999511719
-0.627739667892456, 6.319662094116211, 6.746463298797607, -190.5870361328125, 1.3172211647033691, 443.12579345703125
-0.6301782131195068, 6.332849979400635, 6.762661457061768, -191.22808837890625, 1.3166290521621704, 444.05548095703125
-0.6317543983459473, 6.348507404327393, 6.776953220367432, -191.8721923828125, 1.3183079957962036, 444.9771423339844
-0.633587121963501, 6.36376953125, 6.788424968719482, -192.51710510253906, 1.322425365447998, 445.8956604003906
-0.6336946487426758, 6.3770222663879395, 6.801171779632568, -193.1657257080078, 1.3280953168869019, 446.8137512207031
-0.6316790580749512, 6.388853549957275, 6.817172527313232, -193.81495666503906, 1.32465660572052, 447.72882080078125
-0.6283280849456787, 6.402259349822998, 6.834081172943115, -194.4598388671875, 1.31451416015625, 448.6514892578125
-0.6242263317108154, 6.4184722900390625, 6.845968246459961, -195.1033477783203, 1.3013335466384888, 449.58038330078125
-0.6234126091003418, 6.437168598175049, 6.863911151885986, -195.7460479736328, 1.2873412370681763, 450.517578125
-0.6222774982452393, 6.4575371742248535, 6.883904457092285, -196.39303588867188, 1.2756317853927612, 451.4580383300781
-0.6279196739196777, 6.474664211273193, 6.899639129638672, -197.03973388671875, 1.2715312242507935, 452.3962097167969
-0.6386635303497314, 6.492340087890625, 6.915047645568848, -197.6937713623047, 1.2730495929718018, 453.3284606933594
-0.6421167850494385, 6.507138729095459, 6.931244373321533, -198.3591766357422, 1.2783684730529785, 454.25396728515625
-0.6415054798126221, 6.523812770843506, 6.947190284729004, -199.03213500976562, 1.2877455949783325, 455.17535400390625
-0.6396441459655762, 6.543321132659912, 6.964992046356201, -199.70872497558594, 1.2942065000534058, 456.10345458984375
-0.6382789611816406, 6.568757057189941, 6.981060981750488, -200.38894653320312, 1.3080531358718872, 457.0282897949219
-0.6387515068054199, 6.589748382568359, 6.992031097412109, -201.0679931640625, 1.321305513381958, 457.9529113769531
-0.6439101696014404, 6.603010177612305, 7.004664897918701, -201.73858642578125, 1.3292746543884277, 458.87689208984375
-0.654529333114624, 6.614980220794678, 7.01872444152832, -202.41452026367188, 1.3340944051742554, 459.8002014160156
-0.6661617755889893, 6.621415615081787, 7.030702114105225, -203.10044860839844, 1.3337135314941406, 460.720458984375
-0.6742115020751953, 6.624838829040527, 7.0413594245910645, -203.80126953125, 1.3272441625595093, 461.6357421875
-0.6756789684295654, 6.628481864929199, 7.054215431213379, -204.51136779785156, 1.3191101551055908, 462.5473327636719
-0.67388916015625, 6.630504131317139, 7.066746711730957, -205.22134399414062, 1.308197259902954, 463.45684814453125
-0.6665546894073486, 6.638221263885498, 7.0798540115356445, -205.93106079101562, 1.2948904037475586, 464.36767578125
-0.6628735065460205, 6.640763759613037, 7.094024181365967, -206.62730407714844, 1.2815744876861572, 465.2807922363281
-0.6556978225708008, 6.647648811340332, 7.109104633331299, -207.32008361816406, 1.2671352624893188, 466.19049072265625
-0.6496181488037109, 6.656704425811768, 7.1219611167907715, -208.00123596191406, 1.2532992362976074, 467.1059875488281
-0.645775556564331, 6.671479225158691, 7.12668514251709, -208.67855834960938, 1.2417175769805908, 468.025390625
-0.6376850605010986, 6.685194492340088, 7.129026889801025, -209.34983825683594, 1.225482702255249, 468.94439697265625
-0.6276857852935791, 6.701026439666748, 7.137927532196045, -210.02210998535156, 1.2097711563110352, 469.87274169921875
-0.6218302249908447, 6.713395118713379, 7.148426532745361, -210.6833038330078, 1.1940233707427979, 470.8034973144531
-0.6221976280212402, 6.721701622009277, 7.163816928863525, -211.34320068359375, 1.180685043334961, 471.74713134765625
-0.6228492259979248, 6.727128982543945, 7.178921222686768, -212.00482177734375, 1.1673606634140015, 472.6817932128906
-0.6215636730194092, 6.733660697937012, 7.1958770751953125, -212.660888671875, 1.1548415422439575, 473.61456298828125
-0.6156473159790039, 6.744446754455566, 7.208449840545654, -213.31301879882812, 1.1403859853744507, 474.5443420410156
-0.6110060214996338, 6.756829261779785, 7.219458103179932, -213.96212768554688, 1.130698800086975, 475.48333740234375
-0.6066381931304932, 6.765629291534424, 7.23491096496582, -214.60467529296875, 1.120638370513916, 476.43035888671875
-0.6005120277404785, 6.776854038238525, 7.2505645751953125, -215.2351531982422, 1.1086338758468628, 477.3797302246094
-0.5939533710479736, 6.791686058044434, 7.265694618225098, -215.86868286132812, 1.1001092195510864, 478.3349914550781
-0.5857298374176025, 6.804469585418701, 7.2806549072265625, -216.4960479736328, 1.0954948663711548, 479.2922668457031
-0.5801708698272705, 6.820230007171631, 7.29736852645874, -217.11537170410156, 1.0969101190567017, 480.2521667480469
-0.5789933204650879, 6.837705612182617, 7.306457042694092, -217.73794555664062, 1.0986034870147705, 481.2120666503906
-0.577418327331543, 6.855232238769531, 7.319278717041016, -218.35760498046875, 1.0993287563323975, 482.1739807128906
-0.5737340450286865, 6.870887756347656, 7.327523708343506, -218.9716033935547, 1.1022968292236328, 483.14044189453125
-0.5671250820159912, 6.882635116577148, 7.33691930770874, -219.58676147460938, 1.1004786491394043, 484.1087951660156
-0.5555036067962646, 6.893324375152588, 7.3512797355651855, -220.19432067871094, 1.0943043231964111, 485.0880126953125
-0.5457875728607178, 6.900212287902832, 7.363259315490723, -220.7855682373047, 1.0901436805725098, 486.0676574707031
-0.5346612930297852, 6.909212589263916, 7.37448263168335, -221.37188720703125, 1.0879117250442505, 487.0591735839844
-0.5255415439605713, 6.920389175415039, 7.384073734283447, -221.9470672607422, 1.08655846118927, 488.0567626953125
-0.5141341686248779, 6.934202194213867, 7.393797874450684, -222.5107421875, 1.0844213962554932, 489.0609130859375
-0.5038342475891113, 6.951358795166016, 7.404447078704834, -223.0582275390625, 1.0785082578659058, 490.0662536621094
-0.49384379386901855, 6.968826770782471, 7.418956756591797, -223.597412109375, 1.0786700248718262, 491.0758972167969
-0.48433923721313477, 6.986349582672119, 7.428857326507568, -224.12774658203125, 1.0770264863967896, 492.0943908691406
-0.4735848903656006, 7.00498104095459, 7.44099235534668, -224.644287109375, 1.0742167234420776, 493.11248779296875
-0.4641759395599365, 7.0239176750183105, 7.452121257781982, -225.15065002441406, 1.0778675079345703, 494.1389465332031
-0.45767688751220703, 7.043330192565918, 7.463316440582275, -225.64996337890625, 1.0839262008666992, 495.16748046875
-0.45023632049560547, 7.063985824584961, 7.481020450592041, -226.13619995117188, 1.0861122608184814, 496.2041320800781
-0.44685888290405273, 7.086680889129639, 7.496578216552734, -226.61483764648438, 1.0850194692611694, 497.24383544921875
-0.4459102153778076, 7.106760025024414, 7.507595539093018, -227.0923614501953, 1.0904974937438965, 498.27813720703125
-0.446730375289917, 7.125326156616211, 7.519848346710205, -227.56683349609375, 1.0976033210754395, 499.31243896484375
-0.4492666721343994, 7.141790866851807, 7.533317565917969, -228.03611755371094, 1.1044220924377441, 500.34527587890625
-0.45577406883239746, 7.156647205352783, 7.544225692749023, -228.5121612548828, 1.1062222719192505, 501.37506103515625
-0.46164441108703613, 7.166621208190918, 7.552926540374756, -228.99465942382812, 1.1062119007110596, 502.3983459472656
-0.46655702590942383, 7.179182529449463, 7.562429428100586, -229.48406982421875, 1.106813907623291, 503.4164733886719
-0.47692227363586426, 7.189356803894043, 7.5751447677612305, -229.98338317871094, 1.1091805696487427, 504.4311828613281
-0.4820692539215088, 7.201181411743164, 7.586963653564453, -230.4908905029297, 1.1123460531234741, 505.43994140625
-0.4913158416748047, 7.215974807739258, 7.602639198303223, -231.00621032714844, 1.116597294807434, 506.45208740234375
-0.4934227466583252, 7.229571342468262, 7.615266799926758, -231.5315399169922, 1.124764323234558, 507.4590148925781
-0.49300098419189453, 7.245818614959717, 7.628594875335693, -232.05770874023438, 1.1290229558944702, 508.4668884277344
-0.49326586723327637, 7.262563705444336, 7.64115571975708, -232.58599853515625, 1.1376522779464722, 509.4779052734375
-0.4900689125061035, 7.277946949005127, 7.655854225158691, -233.11563110351562, 1.1425873041152954, 510.4919128417969
-0.486525297164917, 7.290201663970947, 7.670722961425781, -233.6388702392578, 1.1458059549331665, 511.50506591796875
-0.4825611114501953, 7.297003269195557, 7.687657356262207, -234.15872192382812, 1.1413987874984741, 512.5133666992188
-0.48062992095947266, 7.305516242980957, 7.70688009262085, -234.6704559326172, 1.1330671310424805, 513.5309448242188
-0.48262667655944824, 7.315184593200684, 7.7248311042785645, -235.18380737304688, 1.12628173828125, 514.557861328125
-0.4845709800720215, 7.3239874839782715, 7.741000652313232, -235.69961547851562, 1.122664451599121, 515.5760498046875
-0.4840695858001709, 7.333673000335693, 7.761050224304199, -236.22003173828125, 1.1178210973739624, 516.5957641601562
-0.48230671882629395, 7.346024513244629, 7.7775044441223145, -236.74517822265625, 1.1139357089996338, 517.61474609375
-0.4842667579650879, 7.356835842132568, 7.7920122146606445, -237.26507568359375, 1.1082649230957031, 518.6326293945312
-0.4860498905181885, 7.370734214782715, 7.804731845855713, -237.78590393066406, 1.1015247106552124, 519.6461181640625
-0.4853184223175049, 7.384063720703125, 7.814953327178955, -238.3103790283203, 1.0895578861236572, 520.6586303710938
-0.48848581314086914, 7.395512104034424, 7.824093818664551, -238.83506774902344, 1.0753077268600464, 521.6649780273438
-0.4909207820892334, 7.41041374206543, 7.835809707641602, -239.3594512939453, 1.0667861700057983, 522.6736450195312
-0.49236440658569336, 7.422845363616943, 7.850108623504639, -239.88941955566406, 1.0588315725326538, 523.6844482421875
-0.49397778511047363, 7.435301303863525, 7.864946365356445, -240.42283630371094, 1.054303526878357, 524.6939697265625
-0.4939277172088623, 7.4486541748046875, 7.881154537200928, -240.9598846435547, 1.0493659973144531, 525.7083129882812
-0.48905420303344727, 7.460480213165283, 7.900882244110107, -241.50009155273438, 1.0473500490188599, 526.7228393554688
-0.48516058921813965, 7.471094608306885, 7.922614574432373, -242.02813720703125, 1.0510826110839844, 527.7352294921875
-0.48340845108032227, 7.483046531677246, 7.940401554107666, -242.55311584472656, 1.051998496055603, 528.7518310546875
-0.48104286193847656, 7.496437072753906, 7.958531379699707, -243.07501220703125, 1.0565826892852783, 529.7649536132812
-0.4764406681060791, 7.504980087280273, 7.96722936630249, -243.59568786621094, 1.05546236038208, 530.7786865234375
-0.4723823070526123, 7.512949466705322, 7.97900915145874, -244.1101531982422, 1.0522630214691162, 531.7935791015625
-0.4710264205932617, 7.526865482330322, 7.9937872886657715, -244.6209259033203, 1.0472866296768188, 532.8164672851562
-0.4730868339538574, 7.541540145874023, 8.011737823486328, -245.13597106933594, 1.0480719804763794, 533.8423461914062
-0.47351574897766113, 7.559881687164307, 8.029670715332031, -245.65350341796875, 1.0471752882003784, 534.8679809570312
-0.4768710136413574, 7.577235221862793, 8.045683860778809, -246.1683807373047, 1.045857310295105, 535.8900756835938
-0.4806191921234131, 7.591493606567383, 8.056294441223145, -246.68511962890625, 1.0527806282043457, 536.9096069335938
-0.4835057258605957, 7.600523948669434, 8.065391540527344, -247.19801330566406, 1.061563491821289, 537.9224243164062
-0.4841170310974121, 7.605591773986816, 8.077110290527344, -247.7092742919922, 1.0686614513397217, 538.9347534179688
-0.48387742042541504, 7.613532066345215, 8.09167766571045, -248.22402954101562, 1.078897476196289, 539.9517822265625
-0.49024057388305664, 7.624884605407715, 8.108634948730469, -248.73341369628906, 1.0907788276672363, 540.9691772460938
-0.4990081787109375, 7.632635116577148, 8.125489234924316, -249.24916076660156, 1.1047656536102295, 541.9833984375
-0.5074191093444824, 7.640825271606445, 8.144312858581543, -249.77549743652344, 1.1189885139465332, 542.9925537109375
-0.5126490592956543, 7.6487298011779785, 8.161127090454102, -250.31983947753906, 1.1259814500808716, 544.00244140625
-0.5204372406005859, 7.658221244812012, 8.181007385253906, -250.86895751953125, 1.132199764251709, 545.0059204101562
-0.5297596454620361, 7.668471813201904, 8.197687149047852, -251.42625427246094, 1.1333186626434326, 546.0010986328125
-0.5388224124908447, 7.677064418792725, 8.214043617248535, -251.9925537109375, 1.1367313861846924, 546.9876098632812
-0.5457286834716797, 7.683830738067627, 8.23042106628418, -252.56622314453125, 1.1411206722259521, 547.9620361328125
-0.5522263050079346, 7.685600280761719, 8.24777603149414, -253.13995361328125, 1.1495927572250366, 548.933349609375
-0.5566501617431641, 7.688436985015869, 8.265477180480957, -253.71978759765625, 1.1580958366394043, 549.9057006835938
-0.5641994476318359, 7.694166660308838, 8.28549575805664, -254.30197143554688, 1.167916178703308, 550.8828125
-0.5686900615692139, 7.698851108551025, 8.298386573791504, -254.89259338378906, 1.1769022941589355, 551.8560180664062
-0.5735201835632324, 7.704805850982666, 8.311429977416992, -255.48609924316406, 1.1848392486572266, 552.828857421875
-0.578662633895874, 7.714268207550049, 8.325971603393555, -256.0847473144531, 1.191951036453247, 553.8002319335938
-0.5833473205566406, 7.724532604217529, 8.342422485351562, -256.6898498535156, 1.2007672786712646, 554.7672729492188
-0.5900018215179443, 7.736251354217529, 8.357481002807617, -257.29583740234375, 1.212295413017273, 555.7266845703125
-0.5941135883331299, 7.744552135467529, 8.36825942993164, -257.90936279296875, 1.2246134281158447, 556.681884765625
-0.5982017517089844, 7.753468036651611, 8.38182258605957, -258.5263671875, 1.23263680934906, 557.6365966796875
-0.6020574569702148, 7.761559009552002, 8.398072242736816, -259.1458740234375, 1.2431238889694214, 558.5946655273438
-0.6036498546600342, 7.766744136810303, 8.417956352233887, -259.7694091796875, 1.2576371431350708, 559.5475463867188
-0.6058807373046875, 7.774900436401367, 8.440268516540527, -260.396484375, 1.2716890573501587, 560.5001220703125
-0.6103086471557617, 7.784098148345947, 8.464441299438477, -261.0306396484375, 1.283212423324585, 561.448486328125
-0.6158139705657959, 7.792449474334717, 8.488324165344238, -261.6736145019531, 1.2928930521011353, 562.4008178710938
-0.6198818683624268, 7.800272464752197, 8.508665084838867, -262.3184814453125, 1.3082081079483032, 563.3609619140625
-0.6249399185180664, 7.814632415771484, 8.526247024536133, -262.9660949707031, 1.3218469619750977, 564.3136596679688
-0.6318202018737793, 7.831503868103027, 8.54581069946289, -263.6223449707031, 1.3333938121795654, 565.2656860351562
-0.6357390880584717, 7.851283073425293, 8.566994667053223, -264.284912109375, 1.343294382095337, 566.2115478515625
-0.6390340328216553, 7.86993932723999, 8.588296890258789, -264.9542236328125, 1.3608970642089844, 567.151123046875
-0.6430606842041016, 7.886011123657227, 8.609971046447754, -265.62628173828125, 1.3736836910247803, 568.0767211914062
-0.6478073596954346, 7.8978166580200195, 8.63349723815918, -266.2983703613281, 1.3868443965911865, 568.99365234375
-0.6539621353149414, 7.9102678298950195, 8.653031349182129, -266.9716491699219, 1.3977237939834595, 569.9003295898438
-0.6636273860931396, 7.917762756347656, 8.670753479003906, -267.6539001464844, 1.4126797914505005, 570.7913818359375
-0.6748921871185303, 7.92678165435791, 8.68911361694336, -268.3488464355469, 1.4289414882659912, 571.6775512695312
-0.6889617443084717, 7.9370598793029785, 8.708453178405762, -269.05560302734375, 1.444231390953064, 572.5687255859375
-0.69801926612854, 7.949230670928955, 8.728376388549805, -269.7730407714844, 1.4650743007659912, 573.4489135742188
-0.7110788822174072, 7.95682954788208, 8.744507789611816, -270.496826171875, 1.4815871715545654, 574.3225708007812
-0.7207808494567871, 7.9684271812438965, 8.763193130493164, -271.2284240722656, 1.4888510704040527, 575.1923217773438
-0.7270877361297607, 7.976490497589111, 8.77975082397461, -271.9713439941406, 1.4894366264343262, 576.054443359375
-0.7379367351531982, 7.987818717956543, 8.792768478393555, -272.7231140136719, 1.486956238746643, 576.9034423828125
-0.7462506294250488, 7.998795509338379, 8.804422378540039, -273.4901428222656, 1.4828401803970337, 577.7492065429688
-0.7520339488983154, 8.012572288513184, 8.816546440124512, -274.2651672363281, 1.4800149202346802, 578.586669921875
-0.7557754516601562, 8.026703834533691, 8.826440811157227, -275.0421447753906, 1.4776060581207275, 579.41796875
-0.7549660205841064, 8.046340942382812, 8.837803840637207, -275.81610107421875, 1.4679906368255615, 580.2451171875
-0.7537076473236084, 8.064397811889648, 8.847079277038574, -276.59027099609375, 1.4616619348526, 581.07080078125
-0.7563388347625732, 8.082915306091309, 8.85769271850586, -277.36138916015625, 1.4564415216445923, 581.8951416015625
-0.7604842185974121, 8.102360725402832, 8.868809700012207, -278.1362609863281, 1.448610544204712, 582.7191162109375
-0.7632691860198975, 8.120091438293457, 8.878396034240723, -278.9123840332031, 1.4393529891967773, 583.541748046875
-0.7701294422149658, 8.136698722839355, 8.892839431762695, -279.6982421875, 1.4346318244934082, 584.3629760742188
-0.7744457721710205, 8.152139663696289, 8.912275314331055, -280.4850158691406, 1.4343247413635254, 585.180908203125
-0.780524492263794, 8.162186622619629, 8.931838035583496, -281.2726135253906, 1.4378644227981567, 585.9931030273438
-0.7918403148651123, 8.16845989227295, 8.950751304626465, -282.065673828125, 1.434937596321106, 586.8013916015625
-0.801429271697998, 8.1777982711792, 8.971354484558105, -282.872802734375, 1.4319669008255005, 587.6099853515625
-0.8078274726867676, 8.18755054473877, 8.992326736450195, -283.6934509277344, 1.430083155632019, 588.4127807617188
-0.8140673637390137, 8.196703910827637, 9.01687240600586, -284.52398681640625, 1.4288543462753296, 589.2125854492188
-0.8233592510223389, 8.206399917602539, 9.040369033813477, -285.3536376953125, 1.4222825765609741, 590.011474609375
-0.8293509483337402, 8.217748641967773, 9.065155982971191, -286.18963623046875, 1.4143859148025513, 590.8016357421875
-0.8340940475463867, 8.2256441116333, 9.090134620666504, -287.0264892578125, 1.4114668369293213, 591.5905151367188
-0.8396821022033691, 8.240065574645996, 9.113570213317871, -287.8638916015625, 1.3970460891723633, 592.3662109375
-0.8445415496826172, 8.258453369140625, 9.137722969055176, -288.71295166015625, 1.3800437450408936, 593.1311645507812
-0.8450918197631836, 8.272870063781738, 9.162651062011719, -289.5661926269531, 1.3674726486206055, 593.8897094726562
-0.8436923027038574, 8.286742210388184, 9.18382453918457, -290.42474365234375, 1.3558341264724731, 594.6446533203125
-0.841425895690918, 8.299234390258789, 9.20414924621582, -291.283935546875, 1.3461334705352783, 595.3995361328125
-0.8452193737030029, 8.31226634979248, 9.223917961120605, -292.1429443359375, 1.344773769378662, 596.1599731445312
-0.8460323810577393, 8.320487976074219, 9.239858627319336, -293.01092529296875, 1.3481709957122803, 596.920654296875
-0.8479654788970947, 8.330623626708984, 9.256182670593262, -293.8775939941406, 1.3517688512802124, 597.680419921875
-0.8504514694213867, 8.341612815856934, 9.277835845947266, -294.74468994140625, 1.355455756187439, 598.4434814453125
-0.8487722873687744, 8.355711936950684, 9.30509090423584, -295.6195983886719, 1.3593207597732544, 599.2089233398438
-0.8500881195068359, 8.371027946472168, 9.33089542388916, -296.49560546875, 1.366553783416748, 599.9735107421875
-0.851811408996582, 8.380332946777344, 9.354486465454102, -297.36224365234375, 1.374694585800171, 600.7320556640625
-0.8588423728942871, 8.38733959197998, 9.380645751953125, -298.22613525390625, 1.3833731412887573, 601.4920043945312
-0.8656430244445801, 8.391036987304688, 9.409309387207031, -299.0918884277344, 1.3885161876678467, 602.2460327148438
-0.8735654354095459, 8.39637279510498, 9.436509132385254, -299.96337890625, 1.3899435997009277, 602.9953002929688
-0.8788774013519287, 8.402310371398926, 9.461313247680664, -300.8414611816406, 1.3872562646865845, 603.7330932617188
-0.8843965530395508, 8.408053398132324, 9.484180450439453, -301.7181396484375, 1.3884557485580444, 604.4661865234375
-0.8886146545410156, 8.412481307983398, 9.502799034118652, -302.60009765625, 1.3883094787597656, 605.1908569335938
-0.8937911987304688, 8.420154571533203, 9.51439094543457, -303.4833679199219, 1.3893389701843262, 605.909423828125
-0.900061845779419, 8.425612449645996, 9.52535629272461, -304.36871337890625, 1.3913811445236206, 606.6202392578125
-0.9091293811798096, 8.4346923828125, 9.53612995147705, -305.2561950683594, 1.387684941291809, 607.319091796875
-0.9201862812042236, 8.444607734680176, 9.54879379272461, -306.150390625, 1.3875747919082642, 608.0162353515625
-0.9307436943054199, 8.454230308532715, 9.56220817565918, -307.04534912109375, 1.383120059967041, 608.6956787109375
-0.9455773830413818, 8.46743106842041, 9.575813293457031, -307.9448547363281, 1.3802653551101685, 609.3624267578125
-0.9583311080932617, 8.484307289123535, 9.590054512023926, -308.8587646484375, 1.3753105401992798, 610.0172119140625
-0.9759118556976318, 8.500931739807129, 9.606403350830078, -309.7851867675781, 1.3694571256637573, 610.6541748046875
-0.9953997135162354, 8.516595840454102, 9.621627807617188, -310.7234191894531, 1.3593484163284302, 611.2777709960938
-1.0164117813110352, 8.531682014465332, 9.639751434326172, -311.67095947265625, 1.349158525466919, 611.885986328125
-1.0358164310455322, 8.544880867004395, 9.656580924987793, -312.63116455078125, 1.3441739082336426, 612.4757690429688
-1.0551860332489014, 8.55787467956543, 9.669157028198242, -313.5960998535156, 1.3400946855545044, 613.0474243164062
-1.0772721767425537, 8.567788124084473, 9.679636001586914, -314.5703430175781, 1.3406444787979126, 613.5972900390625
-1.0980780124664307, 8.579249382019043, 9.690217018127441, -315.554443359375, 1.339677333831787, 614.12744140625
-1.1181557178497314, 8.59124755859375, 9.698314666748047, -316.54486083984375, 1.3364001512527466, 614.6337890625
-1.1399970054626465, 8.603790283203125, 9.707320213317871, -317.54779052734375, 1.3326666355133057, 615.1184692382812
-1.1608331203460693, 8.617905616760254, 9.717135429382324, -318.5596618652344, 1.327696681022644, 615.5824584960938
-1.1833683252334595, 8.632906913757324, 9.729207992553711, -319.5849609375, 1.3235372304916382, 616.0259399414062
-1.2079209089279175, 8.650403022766113, 9.74065113067627, -320.6156921386719, 1.322124719619751, 616.4484252929688
-1.2332675457000732, 8.667593002319336, 9.754095077514648, -321.6574401855469, 1.3230170011520386, 616.8447875976562
-1.2590259313583374, 8.68579387664795, 9.768996238708496, -322.7089538574219, 1.3205870389938354, 617.2186279296875
-1.2848864793777466, 8.703892707824707, 9.783013343811035, -323.77056884765625, 1.3184058666229248, 617.5717163085938
-1.3094358444213867, 8.722311973571777, 9.794891357421875, -324.8366394042969, 1.3159781694412231, 617.8991088867188
-1.3328114748001099, 8.738445281982422, 9.8067045211792, -325.91241455078125, 1.3122203350067139, 618.2008056640625
-1.3582391738891602, 8.753982543945312, 9.81903076171875, -326.9928283691406, 1.3077670335769653, 618.4752807617188
-1.3827966451644897, 8.767389297485352, 9.828659057617188, -328.07818603515625, 1.3063087463378906, 618.7250366210938
-1.4059975147247314, 8.783365249633789, 9.836568832397461, -329.1658630371094, 1.3055287599563599, 618.949951171875
-1.4275543689727783, 8.801795959472656, 9.843838691711426, -330.2560119628906, 1.3075025081634521, 619.155517578125
-1.4462354183197021, 8.82045841217041, 9.849773406982422, -331.3476257324219, 1.3118703365325928, 619.3377685546875
-1.4608595371246338, 8.840683937072754, 9.852749824523926, -332.4436950683594, 1.313575267791748, 619.4954223632812
-1.4747828245162964, 8.858938217163086, 9.858864784240723, -333.5464172363281, 1.3162782192230225, 619.6365966796875
-1.4893863201141357, 8.875203132629395, 9.86657428741455, -334.65484619140625, 1.3104499578475952, 619.7617797851562
-1.5047165155410767, 8.889021873474121, 9.879178047180176, -335.76055908203125, 1.3027628660202026, 619.8700561523438
-1.519314169883728, 8.902665138244629, 9.892690658569336, -336.86956787109375, 1.2982654571533203, 619.9596557617188
-1.528403639793396, 8.917709350585938, 9.904976844787598, -337.988525390625, 1.2958012819290161, 620.0277709960938
-1.538784146308899, 8.931798934936523, 9.916579246520996, -339.108642578125, 1.2927770614624023, 620.0863037109375
-1.551271915435791, 8.946258544921875, 9.929533958435059, -340.2242126464844, 1.2930428981781006, 620.1365966796875
-1.5641179084777832, 8.95732593536377, 9.937447547912598, -341.3380432128906, 1.2951951026916504, 620.1690063476562
-1.5757861137390137, 8.973569869995117, 9.946698188781738, -342.4526062011719, 1.2959731817245483, 620.1854858398438
-1.5917174816131592, 8.988103866577148, 9.95592975616455, -343.5602111816406, 1.2967617511749268, 620.1926879882812
-1.6082394123077393, 9.005838394165039, 9.965907096862793, -344.6643981933594, 1.296353816986084, 620.1862182617188
-1.6268484592437744, 9.021856307983398, 9.980013847351074, -345.7721252441406, 1.2912815809249878, 620.1611938476562
-1.6471631526947021, 9.034613609313965, 9.996306419372559, -346.8862609863281, 1.2943477630615234, 620.1221313476562
-1.6682177782058716, 9.048855781555176, 10.014200210571289, -347.9963684082031, 1.2961311340332031, 620.0579833984375
-1.687865972518921, 9.059924125671387, 10.031431198120117, -349.1103820800781, 1.2979679107666016, 619.9716796875
-1.703505039215088, 9.071381568908691, 10.047659873962402, -350.2231140136719, 1.2972383499145508, 619.8653564453125
-1.7159030437469482, 9.082460403442383, 10.0623140335083, -351.3337097167969, 1.2943947315216064, 619.73681640625
-1.7237838506698608, 9.100552558898926, 10.074013710021973, -352.44708251953125, 1.2906711101531982, 619.5950927734375
-1.7323200702667236, 9.121833801269531, 10.093505859375, -353.5663146972656, 1.2926262617111206, 619.445556640625
-1.7455604076385498, 9.142263412475586, 10.113839149475098, -354.6817932128906, 1.2902286052703857, 619.2865600585938
-1.7593828439712524, 9.163193702697754, 10.131423950195312, -355.7923583984375, 1.2896976470947266, 619.107421875
-1.7747936248779297, 9.179880142211914, 10.147229194641113, -356.9056701660156, 1.290338158607483, 618.9102172851562
-1.7874318361282349, 9.19014835357666, 10.160605430603027, -358.0258483886719, 1.2865033149719238, 618.6961669921875
-1.800100564956665, 9.204838752746582, 10.171136856079102, -359.1413269042969, 1.2811142206192017, 618.4649658203125
-1.8118724822998047, 9.222864151000977, 10.183686256408691, -360.2550048828125, 1.2793692350387573, 618.2164306640625
-1.8245104551315308, 9.241663932800293, 10.196330070495605, -361.36328125, 1.2779337167739868, 617.9607543945312
-1.8378058671951294, 9.258084297180176, 10.205697059631348, -362.4726257324219, 1.2723468542099, 617.6959838867188
-1.8488911390304565, 9.2769136428833, 10.21604061126709, -363.58355712890625, 1.2667722702026367, 617.4202880859375
-1.8565400838851929, 9.295327186584473, 10.226759910583496, -364.68463134765625, 1.2673964500427246, 617.1365356445312
-1.8609646558761597, 9.313883781433105, 10.241132736206055, -365.7794189453125, 1.2643722295761108, 616.8406372070312
-1.8651368618011475, 9.336960792541504, 10.255326271057129, -366.8671569824219, 1.2603453397750854, 616.5360107421875
-1.8693187236785889, 9.355307579040527, 10.26889705657959, -367.951416015625, 1.2595202922821045, 616.2313842773438
-1.8729019165039062, 9.376553535461426, 10.2846097946167, -369.0355224609375, 1.254171371459961, 615.9217529296875
-1.8769142627716064, 9.395794868469238, 10.298606872558594, -370.1181640625, 1.2462379932403564, 615.6109008789062
-1.8816827535629272, 9.417391777038574, 10.315979957580566, -371.2023010253906, 1.2430660724639893, 615.2987670898438
-1.8919484615325928, 9.440991401672363, 10.328594207763672, -372.2818908691406, 1.2462660074234009, 614.977783203125
-1.9036706686019897, 9.464216232299805, 10.339166641235352, -373.3611755371094, 1.247724175453186, 614.6436157226562
-1.9144853353500366, 9.486665725708008, 10.354155540466309, -374.4339904785156, 1.2438565492630005, 614.2945556640625
-1.9275388717651367, 9.511457443237305, 10.368310928344727, -375.504150390625, 1.2442817687988281, 613.931884765625
-1.9399032592773438, 9.53519344329834, 10.385221481323242, -376.57244873046875, 1.2445608377456665, 613.5531005859375
-1.949177861213684, 9.556474685668945, 10.40474796295166, -377.64263916015625, 1.2485361099243164, 613.1641235351562
-1.9560154676437378, 9.574990272521973, 10.422832489013672, -378.7135009765625, 1.246864914894104, 612.7642211914062
-1.961132526397705, 9.590958595275879, 10.44034481048584, -379.7794189453125, 1.242688775062561, 612.3604736328125
-1.966430902481079, 9.610404968261719, 10.455713272094727, -380.8439636230469, 1.2354649305343628, 611.949462890625
-1.9741028547286987, 9.629958152770996, 10.472678184509277, -381.9132995605469, 1.2300487756729126, 611.5325317382812
-1.982535719871521, 9.652162551879883, 10.494084358215332, -382.9761962890625, 1.2248173952102661, 611.106689453125
-1.989621877670288, 9.671942710876465, 10.514674186706543, -384.0363464355469, 1.2225490808486938, 610.6692504882812
-1.9973324537277222, 9.689535140991211, 10.536091804504395, -385.086669921875, 1.2201180458068848, 610.22021484375
-2.00754714012146, 9.706535339355469, 10.561750411987305, -386.13018798828125, 1.224733591079712, 609.7667846679688
-2.0157644748687744, 9.7232666015625, 10.586175918579102, -387.1710510253906, 1.226513385772705, 609.3031616210938
-2.0216870307922363, 9.741738319396973, 10.60800838470459, -388.2089538574219, 1.234376311302185, 608.8314208984375
-2.022731065750122, 9.762801170349121, 10.63028621673584, -389.2459411621094, 1.2429403066635132, 608.35400390625
-2.0216381549835205, 9.782410621643066, 10.651580810546875, -390.28021240234375, 1.253944993019104, 607.8717651367188
-2.0207579135894775, 9.801424980163574, 10.672592163085938, -391.3127136230469, 1.265280842781067, 607.3863525390625
-2.021442174911499, 9.819758415222168, 10.692567825317383, -392.3471374511719, 1.283768653869629, 606.9075927734375
-2.022122621536255, 9.839703559875488, 10.711960792541504, -393.3757629394531, 1.2983821630477905, 606.4267578125
-2.024366855621338, 9.853068351745605, 10.729344367980957, -394.40594482421875, 1.3094590902328491, 605.9501953125
-2.028759002685547, 9.864946365356445, 10.748764991760254, -395.43292236328125, 1.3191356658935547, 605.4750366210938
-2.034569025039673, 9.875600814819336, 10.767724990844727, -396.45538330078125, 1.3322547674179077, 604.994873046875
-2.037618637084961, 9.888067245483398, 10.783429145812988, -397.46697998046875, 1.3460354804992676, 604.5092163085938
-2.040205478668213, 9.904854774475098, 10.798694610595703, -398.48406982421875, 1.359068751335144, 604.0185546875
-2.043185234069824, 9.917558670043945, 10.814071655273438, -399.49615478515625, 1.3734148740768433, 603.5288696289062
-2.0422072410583496, 9.931295394897461, 10.829687118530273, -400.50933837890625, 1.391566514968872, 603.032958984375
-2.0448532104492188, 9.943778991699219, 10.846434593200684, -401.52166748046875, 1.411310076713562, 602.5366821289062
-2.0480129718780518, 9.955735206604004, 10.86442756652832, -402.5406799316406, 1.4329805374145508, 602.0368041992188
-2.0500495433807373, 9.968561172485352, 10.883563995361328, -403.56134033203125, 1.4522391557693481, 601.5322875976562
-2.047706127166748, 9.979987144470215, 10.898289680480957, -404.583740234375, 1.4630519151687622, 601.0250244140625
-2.0428662300109863, 9.9876127243042, 10.912946701049805, -405.6015930175781, 1.4704971313476562, 600.5233764648438
-2.03739070892334, 9.994438171386719, 10.929951667785645, -406.6179504394531, 1.4714607000350952, 600.02392578125
-2.031101942062378, 9.998723030090332, 10.943313598632812, -407.6322021484375, 1.4755359888076782, 599.5347290039062
-2.0275862216949463, 9.999429702758789, 10.957185745239258, -408.6488037109375, 1.477674961090088, 599.05126953125
-2.0289437770843506, 10.003549575805664, 10.974162101745605, -409.67242431640625, 1.475938081741333, 598.572021484375
-2.032067060470581, 10.009778022766113, 10.990745544433594, -410.6965637207031, 1.47404944896698, 598.0966186523438
-2.034396171569824, 10.01761531829834, 11.005657196044922, -411.716064453125, 1.478047490119934, 597.616943359375
-2.0342957973480225, 10.028148651123047, 11.02408218383789, -412.7399597167969, 1.479200839996338, 597.12890625
-2.0355610847473145, 10.037294387817383, 11.042032241821289, -413.7662353515625, 1.4821267127990723, 596.6353759765625
-2.034791946411133, 10.04135799407959, 11.055303573608398, -414.78515625, 1.487521767616272, 596.1397705078125
-2.035946846008301, 10.044744491577148, 11.066646575927734, -415.8050231933594, 1.4915555715560913, 595.6458129882812
-2.038931369781494, 10.050973892211914, 11.078791618347168, -416.82708740234375, 1.4969074726104736, 595.1473999023438
-2.0386910438537598, 10.064269065856934, 11.094134330749512, -417.8502197265625, 1.5033146142959595, 594.6472778320312
-2.0377817153930664, 10.07419490814209, 11.109491348266602, -418.8778076171875, 1.512802004814148, 594.147705078125
-2.03603196144104, 10.081955909729004, 11.121938705444336, -419.9060363769531, 1.5153968334197998, 593.6472778320312
-2.032439947128296, 10.089020729064941, 11.133710861206055, -420.9369201660156, 1.514877438545227, 593.149658203125
-2.0328402519226074, 10.094430923461914, 11.14912223815918, -421.9725646972656, 1.5142972469329834, 592.656005859375
-2.0326805114746094, 10.09815502166748, 11.163923263549805, -423.00946044921875, 1.5157217979431152, 592.1676025390625
-2.032957077026367, 10.105027198791504, 11.181273460388184, -424.04913330078125, 1.5187097787857056, 591.67578125
-2.030994176864624, 10.115160942077637, 11.199212074279785, -425.0884094238281, 1.524285912513733, 591.18505859375
-2.029737710952759, 10.127830505371094, 11.214567184448242, -426.12200927734375, 1.527441382408142, 590.69287109375
-2.030184745788574, 10.136629104614258, 11.226934432983398, -427.1562805175781, 1.533232569694519, 590.1958618164062
-2.0263030529022217, 10.147322654724121, 11.24020767211914, -428.19342041015625, 1.5472017526626587, 589.7034301757812
-2.0245258808135986, 10.155539512634277, 11.254599571228027, -429.2383728027344, 1.5573595762252808, 589.2156982421875
-2.024446964263916, 10.162906646728516, 11.267487525939941, -430.283447265625, 1.567161202430725, 588.7338256835938
-2.0233218669891357, 10.174638748168945, 11.283625602722168, -431.3269348144531, 1.5763109922409058, 588.2522583007812
-2.0203537940979004, 10.184698104858398, 11.298918724060059, -432.3678283691406, 1.5908232927322388, 587.7701416015625
-2.0177676677703857, 10.19210433959961, 11.312984466552734, -433.3993835449219, 1.5988287925720215, 587.292236328125
-2.0117263793945312, 10.201245307922363, 11.329694747924805, -434.4357604980469, 1.6081267595291138, 586.8056640625
-2.009676694869995, 10.215570449829102, 11.342747688293457, -435.47406005859375, 1.6165341138839722, 586.3244018554688
-2.006870746612549, 10.228928565979004, 11.354445457458496, -436.5137939453125, 1.62408447265625, 585.8477783203125
-2.005392551422119, 10.246088027954102, 11.368391990661621, -437.5542907714844, 1.628633975982666, 585.3754272460938
-2.0096776485443115, 10.266904830932617, 11.382638931274414, -438.5946960449219, 1.6394281387329102, 584.9061889648438
-2.0125582218170166, 10.288156509399414, 11.399872779846191, -439.63427734375, 1.6478828191757202, 584.4365234375
-2.014802932739258, 10.30597972869873, 11.418746948242188, -440.66290283203125, 1.6535292863845825, 583.9675903320312
-2.0138680934906006, 10.320489883422852, 11.437026023864746, -441.6953430175781, 1.6585485935211182, 583.498291015625
-2.0128166675567627, 10.334250450134277, 11.455556869506836, -442.7237854003906, 1.6607176065444946, 583.0275268554688
-2.0087711811065674, 10.349237442016602, 11.473464012145996, -443.7542724609375, 1.6567496061325073, 582.559814453125
-2.006582736968994, 10.36400318145752, 11.489892959594727, -444.7883605957031, 1.6489746570587158, 582.0906372070312
-2.005460262298584, 10.382529258728027, 11.501797676086426, -445.8315124511719, 1.6463791131973267, 581.618408203125
-2.0030276775360107, 10.400069236755371, 11.51744270324707, -446.87689208984375, 1.6449376344680786, 581.15478515625
-1.997489094734192, 10.41800308227539, 11.532302856445312, -447.925048828125, 1.6485222578048706, 580.69384765625
-1.9915491342544556, 10.434830665588379, 11.54706859588623, -448.9783935546875, 1.6584638357162476, 580.2363891601562
-1.9885423183441162, 10.449224472045898, 11.564644813537598, -450.0347595214844, 1.6653788089752197, 579.7833251953125
-1.984706163406372, 10.459105491638184, 11.581609725952148, -451.0938720703125, 1.6825381517410278, 579.3342895507812
-1.980263352394104, 10.462960243225098, 11.597047805786133, -452.15582275390625, 1.7075608968734741, 578.882568359375
-1.9738152027130127, 10.468042373657227, 11.61557674407959, -453.21856689453125, 1.73341965675354, 578.4345092773438
-1.9628779888153076, 10.474325180053711, 11.633330345153809, -454.2869873046875, 1.7642067670822144, 577.9876708984375
-1.9533365964889526, 10.480364799499512, 11.655488967895508, -455.3525085449219, 1.7906081676483154, 577.5520629882812
-1.9471560716629028, 10.485844612121582, 11.681729316711426, -456.42706298828125, 1.814807415008545, 577.1307373046875
-1.9464586973190308, 10.4932861328125, 11.704010009765625, -457.505859375, 1.8349579572677612, 576.7242431640625
-1.9472664594650269, 10.496070861816406, 11.723542213439941, -458.5837707519531, 1.8572487831115723, 576.3215942382812
-1.9452847242355347, 10.501737594604492, 11.7401704788208, -459.6588134765625, 1.8721553087234497, 575.9207763671875
-1.9432151317596436, 10.511909484863281, 11.755460739135742, -460.7301330566406, 1.8788509368896484, 575.5234985351562
-1.9398828744888306, 10.526930809020996, 11.768213272094727, -461.8011169433594, 1.8840833902359009, 575.12841796875
-1.9343719482421875, 10.545376777648926, 11.777099609375, -462.8671569824219, 1.8891934156417847, 574.7333984375
-1.9265682697296143, 10.56836223602295, 11.78745174407959, -463.9333801269531, 1.8985893726348877, 574.3421020507812
-1.9157689809799194, 10.59022331237793, 11.799417495727539, -464.9973449707031, 1.9082902669906616, 573.9703369140625
-1.9080392122268677, 10.611958503723145, 11.814374923706055, -466.0635681152344, 1.9239474534988403, 573.6049194335938
-1.9050108194351196, 10.630644798278809, 11.82349681854248, -467.1357421875, 1.942683458328247, 573.2482299804688
-1.9037792682647705, 10.64589786529541, 11.830503463745117, -468.2115783691406, 1.958573818206787, 572.8932495117188
-1.9028371572494507, 10.666213035583496, 11.839221000671387, -469.2918701171875, 1.9656018018722534, 572.537841796875
-1.9004685878753662, 10.683432579040527, 11.852280616760254, -470.3777160644531, 1.9726699590682983, 572.1807861328125
-1.9000136852264404, 10.694339752197266, 11.867314338684082, -471.45880126953125, 1.9854146242141724, 571.8247680664062
-1.901747226715088, 10.70154857635498, 11.883461952209473, -472.538330078125, 1.997290015220642, 571.463623046875
-1.903027892112732, 10.707854270935059, 11.902607917785645, -473.6217346191406, 2.010681390762329, 571.1080322265625
-1.910244345664978, 10.715208053588867, 11.921610832214355, -474.7098083496094, 2.0285298824310303, 570.7546997070312
-1.9201945066452026, 10.72480297088623, 11.939132690429688, -475.807373046875, 2.0497963428497314, 570.39111328125
-1.9291527271270752, 10.737363815307617, 11.95495891571045, -476.902587890625, 2.0685606002807617, 570.01220703125
-1.934984803199768, 10.751519203186035, 11.972723960876465, -477.995361328125, 2.0864510536193848, 569.6221313476562
-1.938385009765625, 10.766737937927246, 11.990527153015137, -479.0873107910156, 2.105233669281006, 569.2291259765625
-1.9411290884017944, 10.781048774719238, 12.009256362915039, -480.1805419921875, 2.1254818439483643, 568.8336791992188
-1.940521240234375, 10.796422958374023, 12.030345916748047, -481.2740173339844, 2.145434617996216, 568.4390869140625
-1.9382458925247192, 10.814666748046875, 12.050836563110352, -482.35736083984375, 2.1633927822113037, 568.0595092773438
-1.9324620962142944, 10.832035064697266, 12.06932544708252, -483.44097900390625, 2.176957130432129, 567.6751098632812
-1.9223506450653076, 10.844408988952637, 12.080412864685059, -484.517578125, 2.197556734085083, 567.2993774414062
-1.9145349264144897, 10.857523918151855, 12.09155559539795, -485.5910949707031, 2.2143023014068604, 566.9319458007812
-1.9067643880844116, 10.868355751037598, 12.098880767822266, -486.66375732421875, 2.2289512157440186, 566.568359375
-1.8996543884277344, 10.88272476196289, 12.104771614074707, -487.74224853515625, 2.2418997287750244, 566.2114868164062
-1.895143985748291, 10.894874572753906, 12.110153198242188, -488.82012939453125, 2.2514915466308594, 565.8607177734375
-1.890210509300232, 10.909472465515137, 12.11803913116455, -489.90142822265625, 2.259096622467041, 565.5128784179688
-1.8862272500991821, 10.928423881530762, 12.131509780883789, -490.99481201171875, 2.2691102027893066, 565.1703491210938
-1.8828667402267456, 10.946528434753418, 12.146455764770508, -492.090576171875, 2.278327226638794, 564.8319702148438
-1.8818585872650146, 10.963949203491211, 12.161284446716309, -493.1861877441406, 2.285653591156006, 564.4991455078125
-1.8780442476272583, 10.98363971710205, 12.172004699707031, -494.2887268066406, 2.289736747741699, 564.1670532226562
-1.8716317415237427, 10.995905876159668, 12.183354377746582, -495.3985290527344, 2.289109706878662, 563.837646484375
-1.8694102764129639, 11.00716781616211, 12.19514274597168, -496.5042419433594, 2.2894270420074463, 563.5083618164062
-1.8703631162643433, 11.017032623291016, 12.205129623413086, -497.6036682128906, 2.2861111164093018, 563.18408203125
-1.8742806911468506, 11.025237083435059, 12.222112655639648, -498.6987609863281, 2.282717704772949, 562.8646240234375
-1.8803788423538208, 11.038896560668945, 12.236014366149902, -499.7837829589844, 2.291512966156006, 562.5485229492188
-1.888163447380066, 11.056868553161621, 12.2485990524292, -500.8626708984375, 2.2928168773651123, 562.2201538085938
-1.8970129489898682, 11.073221206665039, 12.259820938110352, -501.9440612792969, 2.2890079021453857, 561.8798828125
-1.9008147716522217, 11.088971138000488, 12.270500183105469, -503.0132141113281, 2.2901437282562256, 561.5335693359375
-1.9062809944152832, 11.104399681091309, 12.280784606933594, -504.0749206542969, 2.2965822219848633, 561.187255859375
-1.9097291231155396, 11.122288703918457, 12.298802375793457, -505.1409912109375, 2.3044309616088867, 560.8409423828125
-1.9185768365859985, 11.148900985717773, 12.316015243530273, -506.20709228515625, 2.3084425926208496, 560.4859619140625
-1.9303067922592163, 11.171820640563965, 12.33552360534668, -507.2761535644531, 2.3153350353240967, 560.1175537109375
-1.9414772987365723, 11.191057205200195, 12.350188255310059, -508.3449401855469, 2.318857431411743, 559.733154296875
-1.9518107175827026, 11.208141326904297, 12.364727973937988, -509.4154357910156, 2.3213343620300293, 559.3404541015625
-1.9604321718215942, 11.225104331970215, 12.380878448486328, -510.4804382324219, 2.325294017791748, 558.9344482421875
-1.9668055772781372, 11.244752883911133, 12.397390365600586, -511.5331115722656, 2.3267714977264404, 558.5159912109375
-1.9659883975982666, 11.26384162902832, 12.409943580627441, -512.5883178710938, 2.3300957679748535, 558.089111328125
-1.9691177606582642, 11.284398078918457, 12.422150611877441, -513.6419067382812, 2.336181879043579, 557.6624145507812
-1.9735090732574463, 11.30048656463623, 12.427361488342285, -514.6869506835938, 2.339614152908325, 557.2328491210938
-1.979827880859375, 11.319766998291016, 12.43403148651123, -515.7315063476562, 2.3396353721618652, 556.8028564453125
-1.9837356805801392, 11.338919639587402, 12.43289852142334, -516.770751953125, 2.333904981613159, 556.362060546875
-1.9903703927993774, 11.357318878173828, 12.435958862304688, -517.8102416992188, 2.332209825515747, 555.9193115234375
-1.9949374198913574, 11.37883472442627, 12.440468788146973, -518.8515014648438, 2.335273027420044, 555.469482421875
-2.0016896724700928, 11.39594841003418, 12.450836181640625, -519.8907470703125, 2.3359904289245605, 555.008544921875
-2.006010055541992, 11.410089492797852, 12.46511173248291, -520.9284057617188, 2.332728624343872, 554.546875
-2.0077807903289795, 11.425793647766113, 12.478110313415527, -521.9634399414062, 2.3372230529785156, 554.0831298828125
-2.010390281677246, 11.445684432983398, 12.491493225097656, -523.0070190429688, 2.33897066116333, 553.616455078125
-2.014352798461914, 11.467058181762695, 12.507079124450684, -524.044677734375, 2.3384385108947754, 553.14990234375
-2.016836166381836, 11.488571166992188, 12.521346092224121, -525.0803833007812, 2.335862874984741, 552.6810913085938
-2.018202781677246, 11.512866020202637, 12.539070129394531, -526.1163940429688, 2.3337161540985107, 552.2054443359375
-2.015887975692749, 11.538224220275879, 12.558943748474121, -527.156005859375, 2.330801486968994, 551.7239379882812
-2.012624502182007, 11.557263374328613, 12.572590827941895, -528.18896484375, 2.334602117538452, 551.2431030273438
-2.007925510406494, 11.575711250305176, 12.584774017333984, -529.2279052734375, 2.345851421356201, 550.7660522460938
-2.004974126815796, 11.593183517456055, 12.597331047058105, -530.2655639648438, 2.350423574447632, 550.2904663085938
-2.0090246200561523, 11.605876922607422, 12.608473777770996, -531.3023071289062, 2.3498544692993164, 549.8159790039062
-2.015657663345337, 11.62318229675293, 12.619562149047852, -532.3409423828125, 2.3494796752929688, 549.3392944335938
-2.0226857662200928, 11.6433687210083, 12.62694263458252, -533.3828125, 2.3497817516326904, 548.8596801757812
-2.0255560874938965, 11.660900115966797, 12.636341094970703, -534.41943359375, 2.3464608192443848, 548.3755493164062
-2.0280396938323975, 11.678638458251953, 12.64720630645752, -535.450927734375, 2.3411266803741455, 547.8902587890625
-2.032019853591919, 11.693583488464355, 12.660304069519043, -536.47900390625, 2.3342859745025635, 547.403564453125
-2.036083936691284, 11.714560508728027, 12.676321983337402, -537.5064697265625, 2.3308534622192383, 546.9111938476562
-2.039796829223633, 11.737788200378418, 12.693629264831543, -538.5344848632812, 2.333167314529419, 546.4091186523438
-2.044135332107544, 11.757636070251465, 12.70956039428711, -539.5613403320312, 2.3380470275878906, 545.9053344726562
-2.0493900775909424, 11.779608726501465, 12.724721908569336, -540.5905151367188, 2.345308542251587, 545.4051513671875
-2.0513339042663574, 11.80024528503418, 12.739832878112793, -541.6162109375, 2.3508753776550293, 544.8960571289062
-2.0580453872680664, 11.819318771362305, 12.755644798278809, -542.6396484375, 2.355131149291992, 544.3855590820312
-2.0639729499816895, 11.837309837341309, 12.768885612487793, -543.6558837890625, 2.3559188842773438, 543.8648071289062
-2.0721559524536133, 11.858146667480469, 12.78539752960205, -544.6759643554688, 2.358442544937134, 543.3438720703125
-2.079434633255005, 11.877402305603027, 12.802330017089844, -545.692138671875, 2.358320713043213, 542.814697265625
-2.083400249481201, 11.897851943969727, 12.822622299194336, -546.7085571289062, 2.3581254482269287, 542.2727661132812
-2.086759328842163, 11.917706489562988, 12.841312408447266, -547.7192993164062, 2.3575544357299805, 541.717041015625
-2.091712474822998, 11.930776596069336, 12.859659194946289, -548.7220458984375, 2.356426954269409, 541.1566162109375
-2.093398094177246, 11.945108413696289, 12.877494812011719, -549.7221069335938, 2.3584768772125244, 540.5880737304688
-2.0985493659973145, 11.956872940063477, 12.892690658569336, -550.7255249023438, 2.3584399223327637, 540.0215454101562
-2.104840040206909, 11.970711708068848, 12.90622329711914, -551.7265014648438, 2.3575146198272705, 539.4542236328125
-2.1137614250183105, 11.98241138458252, 12.917591094970703, -552.7199096679688, 2.3560447692871094, 538.881591796875
-2.12121844291687, 11.993989944458008, 12.923898696899414, -553.7046508789062, 2.3498995304107666, 538.2997436523438
-2.131584405899048, 12.004354476928711, 12.93331527709961, -554.6795043945312, 2.346125602722168, 537.708984375
-2.142021417617798, 12.018733024597168, 12.946849822998047, -555.645751953125, 2.343519687652588, 537.1051635742188
-2.147632360458374, 12.03573226928711, 12.961030006408691, -556.6033935546875, 2.338864326477051, 536.4888916015625
-2.1588449478149414, 12.05130672454834, 12.97120475769043, -557.5536499023438, 2.329575538635254, 535.8648681640625
-2.1675808429718018, 12.065073013305664, 12.985363006591797, -558.5014038085938, 2.318387031555176, 535.2323608398438
-2.1709725856781006, 12.079915046691895, 12.996325492858887, -559.4472045898438, 2.318892478942871, 534.593994140625
-2.1730763912200928, 12.089277267456055, 13.003138542175293, -560.3955078125, 2.3262884616851807, 533.9555053710938
-2.178661584854126, 12.098641395568848, 13.010393142700195, -561.3477783203125, 2.3391730785369873, 533.3201293945312
-2.188479423522949, 12.10583209991455, 13.017572402954102, -562.2935791015625, 2.3571205139160156, 532.6797485351562
-2.200453042984009, 12.112597465515137, 13.031843185424805, -563.22607421875, 2.3728744983673096, 532.0316162109375
-2.2113983631134033, 12.117526054382324, 13.03928279876709, -564.1533203125, 2.3805723190307617, 531.36328125
-2.2202868461608887, 12.120100021362305, 13.051898002624512, -565.0765991210938, 2.381136417388916, 530.6768798828125
-2.2310869693756104, 12.1244535446167, 13.067205429077148, -565.9960327148438, 2.3869593143463135, 529.9833374023438
-2.238513469696045, 12.121257781982422, 13.08078384399414, -566.9046020507812, 2.3950538635253906, 529.2797241210938
-2.2448668479919434, 12.11888599395752, 13.09380054473877, -567.81201171875, 2.4102656841278076, 528.5728149414062
-2.245769739151001, 12.118243217468262, 13.102988243103027, -568.721923828125, 2.418677806854248, 527.863037109375
-2.246976852416992, 12.122193336486816, 13.115057945251465, -569.6228637695312, 2.4233155250549316, 527.1538696289062
-2.2489397525787354, 12.130215644836426, 13.131399154663086, -570.5198974609375, 2.4318339824676514, 526.447509765625
-2.2567341327667236, 12.142021179199219, 13.147855758666992, -571.4183349609375, 2.4353272914886475, 525.7338256835938
-2.265092611312866, 12.15039348602295, 13.168895721435547, -572.3150634765625, 2.4423394203186035, 525.0142211914062
-2.2730703353881836, 12.156318664550781, 13.189190864562988, -573.204833984375, 2.4521522521972656, 524.2947387695312
-2.282953977584839, 12.162240028381348, 13.212324142456055, -574.0848388671875, 2.4650163650512695, 523.5698852539062
-2.2887399196624756, 12.165899276733398, 13.230093002319336, -574.9453125, 2.474660634994507, 522.8324584960938
-2.2954680919647217, 12.168490409851074, 13.244086265563965, -575.798583984375, 2.4747531414031982, 522.0955810546875
-2.3007452487945557, 12.17426586151123, 13.262650489807129, -576.6481323242188, 2.4741601943969727, 521.35400390625
-2.308356523513794, 12.18161392211914, 13.277616500854492, -577.4909057617188, 2.4690654277801514, 520.6067504882812
-2.317140579223633, 12.192115783691406, 13.29732894897461, -578.3289184570312, 2.4580459594726562, 519.8505859375
-2.319443941116333, 12.20324993133545, 13.31484603881836, -579.173583984375, 2.4465084075927734, 519.0739135742188
-2.3215842247009277, 12.213262557983398, 13.32458782196045, -580.0134887695312, 2.4357783794403076, 518.2940673828125
-2.3213326930999756, 12.220083236694336, 13.337456703186035, -580.8604736328125, 2.424447774887085, 517.5158081054688
-2.3239200115203857, 12.228123664855957, 13.354429244995117, -581.7017211914062, 2.4192299842834473, 516.7440795898438
-2.321211338043213, 12.239127159118652, 13.378643035888672, -582.5482177734375, 2.412397861480713, 515.9615478515625
-2.326019763946533, 12.250345230102539, 13.404463768005371, -583.401123046875, 2.408374071121216, 515.1790771484375
-2.3324947357177734, 12.255019187927246, 13.429900169372559, -584.2452392578125, 2.4041454792022705, 514.3875732421875
-2.3351824283599854, 12.266441345214844, 13.457010269165039, -585.0769653320312, 2.408468008041382, 513.5982666015625
-2.3333444595336914, 12.275505065917969, 13.478049278259277, -585.8983154296875, 2.405228614807129, 512.802734375
-2.3324594497680664, 12.288488388061523, 13.506930351257324, -586.7274169921875, 2.40832781791687, 512.002197265625
-2.3353569507598877, 12.302412986755371, 13.534202575683594, -587.55859375, 2.4061529636383057, 511.2068176269531
-2.339019298553467, 12.316322326660156, 13.554024696350098, -588.3811645507812, 2.4059484004974365, 510.4127197265625
-2.351616382598877, 12.323620796203613, 13.568619728088379, -589.1982421875, 2.405970335006714, 509.6285705566406
-2.3652284145355225, 12.334617614746094, 13.583626747131348, -590.0042724609375, 2.4021756649017334, 508.83660888671875
-2.376166820526123, 12.34060287475586, 13.603386878967285, -590.814697265625, 2.4018466472625732, 508.03021240234375
-2.3806309700012207, 12.348244667053223, 13.623983383178711, -591.621826171875, 2.4035117626190186, 507.2136535644531
-2.385868549346924, 12.359633445739746, 13.647723197937012, -592.4275512695312, 2.403208017349243, 506.39642333984375
-2.3909733295440674, 12.373178482055664, 13.672721862792969, -593.229736328125, 2.4093637466430664, 505.5729064941406
-2.391123056411743, 12.37983226776123, 13.690956115722656, -594.02685546875, 2.4136128425598145, 504.7489929199219
-2.3892831802368164, 12.384893417358398, 13.712775230407715, -594.8264770507812, 2.4193673133850098, 503.9189147949219
-2.3904104232788086, 12.390460968017578, 13.727866172790527, -595.6209106445312, 2.4228227138519287, 503.09442138671875
-2.390761613845825, 12.397146224975586, 13.746927261352539, -596.4180908203125, 2.425424337387085, 502.26959228515625
-2.3923611640930176, 12.403777122497559, 13.76456069946289, -597.2174682617188, 2.4330387115478516, 501.44024658203125
-2.3898766040802, 12.408635139465332, 13.785208702087402, -598.0111694335938, 2.4441583156585693, 500.6025085449219
-2.390821933746338, 12.409173011779785, 13.80296516418457, -598.799560546875, 2.4570116996765137, 499.7679748535156
-2.3930935859680176, 12.408429145812988, 13.826043128967285, -599.5905151367188, 2.4734277725219727, 498.93438720703125
-2.3943943977355957, 12.413901329040527, 13.845804214477539, -600.376220703125, 2.486860513687134, 498.09808349609375
-2.3948729038238525, 12.423417091369629, 13.86670207977295, -601.1631469726562, 2.5006744861602783, 497.2605895996094
-2.3941502571105957, 12.431958198547363, 13.885376930236816, -601.951904296875, 2.5121681690216064, 496.42095947265625
-2.3917362689971924, 12.44326114654541, 13.8997163772583, -602.742919921875, 2.5194132328033447, 495.5780944824219
-2.3884317874908447, 12.455138206481934, 13.917553901672363, -603.5426025390625, 2.524512529373169, 494.7383117675781
-2.3871965408325195, 12.468121528625488, 13.936481475830078, -604.3421630859375, 2.5259101390838623, 493.8988952636719
-2.386965036392212, 12.47887897491455, 13.953661918640137, -605.140625, 2.5265636444091797, 493.06072998046875
-2.389320135116577, 12.492955207824707, 13.96711254119873, -605.9357299804688, 2.525742292404175, 492.22735595703125
-2.3975610733032227, 12.505949020385742, 13.978652000427246, -606.72314453125, 2.530637502670288, 491.3934020996094
-2.4026708602905273, 12.522886276245117, 13.988576889038086, -607.4977416992188, 2.5287768840789795, 490.55438232421875
-2.4068801403045654, 12.538283348083496, 13.998217582702637, -608.2643432617188, 2.527212142944336, 489.7063903808594
-2.41536021232605, 12.556241035461426, 14.014052391052246, -609.0177612304688, 2.527341842651367, 488.85980224609375
-2.4228873252868652, 12.56763744354248, 14.036657333374023, -609.756103515625, 2.5289907455444336, 488.0091857910156
-2.434751272201538, 12.57369613647461, 14.061894416809082, -610.4950561523438, 2.533275604248047, 487.16094970703125
-2.443195343017578, 12.57934284210205, 14.087254524230957, -611.2255249023438, 2.5359208583831787, 486.30474853515625
-2.4547042846679688, 12.578158378601074, 14.11227798461914, -611.9630737304688, 2.534848690032959, 485.4406433105469
-2.460846185684204, 12.582758903503418, 14.135405540466309, -612.6945190429688, 2.5355942249298096, 484.5582580566406
-2.4631175994873047, 12.587326049804688, 14.158646583557129, -613.4276123046875, 2.542635679244995, 483.66845703125
-2.462989568710327, 12.592955589294434, 14.175537109375, -614.16357421875, 2.5477523803710938, 482.7720031738281
-2.463200092315674, 12.600823402404785, 14.193598747253418, -614.9019165039062, 2.5516977310180664, 481.8707275390625
-2.464566469192505, 12.607417106628418, 14.209787368774414, -615.6356201171875, 2.5588884353637695, 480.9642333984375
-2.467668056488037, 12.614967346191406, 14.222310066223145, -616.3600463867188, 2.561577320098877, 480.0538024902344
-2.4701619148254395, 12.623381614685059, 14.235692024230957, -617.0802001953125, 2.562260866165161, 479.1419982910156
-2.472111463546753, 12.638392448425293, 14.251533508300781, -617.805908203125, 2.563588857650757, 478.23590087890625
-2.4756362438201904, 12.652249336242676, 14.268528938293457, -618.5284423828125, 2.5712265968322754, 477.32635498046875
-2.4776108264923096, 12.668787956237793, 14.282682418823242, -619.2312622070312, 2.573162794113159, 476.4227600097656
-2.474491596221924, 12.68746280670166, 14.301289558410645, -619.9302368164062, 2.575779676437378, 475.51800537109375
-2.4802942276000977, 12.702089309692383, 14.319194793701172, -620.6319580078125, 2.575925827026367, 474.6242980957031
-2.4878830909729004, 12.708024024963379, 14.340986251831055, -621.3292236328125, 2.576000213623047, 473.73175048828125
-2.4944350719451904, 12.714151382446289, 14.362776756286621, -622.031982421875, 2.5778677463531494, 472.8252868652344
-2.498352527618408, 12.716047286987305, 14.380959510803223, -622.7307739257812, 2.5755774974823, 471.916748046875
-2.4974496364593506, 12.72239875793457, 14.400398254394531, -623.4291381835938, 2.573064088821411, 471.0046691894531
-2.494718551635742, 12.725875854492188, 14.419709205627441, -624.126708984375, 2.57197642326355, 470.0985107421875
-2.493586301803589, 12.734556198120117, 14.435940742492676, -624.8314819335938, 2.57061505317688, 469.19268798828125
-2.4925873279571533, 12.744162559509277, 14.453399658203125, -625.528564453125, 2.5662450790405273, 468.2814025878906
-2.4970219135284424, 12.74862003326416, 14.47307014465332, -626.22021484375, 2.5654327869415283, 467.37469482421875
-2.504830837249756, 12.753182411193848, 14.49075984954834, -626.9102783203125, 2.5680997371673584, 466.47467041015625
-2.5132088661193848, 12.757220268249512, 14.500097274780273, -627.5908813476562, 2.569589138031006, 465.5615234375
-2.521846055984497, 12.76216983795166, 14.511819839477539, -628.26318359375, 2.5753164291381836, 464.64300537109375
-2.525684356689453, 12.766356468200684, 14.527108192443848, -628.9342041015625, 2.5788421630859375, 463.71649169921875
-2.528150796890259, 12.776456832885742, 14.544045448303223, -629.6005859375, 2.5697619915008545, 462.78607177734375
-2.5317976474761963, 12.781363487243652, 14.560554504394531, -630.2695922851562, 2.5638484954833984, 461.8448181152344
-2.535168170928955, 12.786642074584961, 14.57502269744873, -630.9357299804688, 2.5606846809387207, 460.90460205078125
-2.537362813949585, 12.793960571289062, 14.591206550598145, -631.6023559570312, 2.5587713718414307, 459.9645690917969
-2.536703109741211, 12.803277015686035, 14.604822158813477, -632.267333984375, 2.5583338737487793, 459.0193176269531
-2.5399692058563232, 12.815117835998535, 14.62574291229248, -632.9426879882812, 2.558478593826294, 458.0792236328125
-2.541524887084961, 12.832276344299316, 14.64698600769043, -633.6179809570312, 2.5628015995025635, 457.1433410644531
-2.5419838428497314, 12.844722747802734, 14.666996955871582, -634.2936401367188, 2.571469783782959, 456.205322265625
-2.5435709953308105, 12.853480339050293, 14.680769920349121, -634.9718017578125, 2.5802512168884277, 455.2559509277344
-2.547499418258667, 12.863728523254395, 14.688108444213867, -635.64208984375, 2.5944714546203613, 454.2937927246094
-2.5481839179992676, 12.872288703918457, 14.697098731994629, -636.3049926757812, 2.6028313636779785, 453.3306579589844
-2.5486159324645996, 12.885064125061035, 14.705979347229004, -636.9650268554688, 2.6115713119506836, 452.36798095703125
-2.544590711593628, 12.90014362335205, 14.717764854431152, -637.6272583007812, 2.6163430213928223, 451.4009094238281
-2.537472724914551, 12.917192459106445, 14.73290729522705, -638.2899780273438, 2.6163363456726074, 450.44219970703125
-2.5318827629089355, 12.936919212341309, 14.742256164550781, -638.956298828125, 2.6084372997283936, 449.4867858886719
-2.5301284790039062, 12.958566665649414, 14.758172035217285, -639.63427734375, 2.5994269847869873, 448.5303039550781
-2.528311014175415, 12.979316711425781, 14.771732330322266, -640.3132934570312, 2.588897943496704, 447.5840759277344
-2.525324583053589, 12.993672370910645, 14.783019065856934, -640.9878540039062, 2.580695629119873, 446.6398620605469
-2.5228800773620605, 13.004671096801758, 14.790731430053711, -641.6636962890625, 2.5716938972473145, 445.68988037109375
-2.5256760120391846, 13.019140243530273, 14.79493522644043, -642.3318481445312, 2.563782215118408, 444.7434387207031
-2.528904438018799, 13.039468765258789, 14.809082984924316, -643.005126953125, 2.5509886741638184, 443.79351806640625
-2.533557891845703, 13.063581466674805, 14.825654029846191, -643.6776123046875, 2.5340142250061035, 442.83392333984375
-2.5406126976013184, 13.09396743774414, 14.844632148742676, -644.3377685546875, 2.514770030975342, 441.87908935546875
-2.5515429973602295, 13.123138427734375, 14.863627433776855, -644.9882202148438, 2.4971816539764404, 440.9214782714844
-2.5610764026641846, 13.149822235107422, 14.87899398803711, -645.62353515625, 2.490102529525757, 439.9559020996094
-2.563993453979492, 13.178045272827148, 14.896268844604492, -646.2496337890625, 2.485060214996338, 438.98651123046875
-2.563924789428711, 13.2035551071167, 14.908559799194336, -646.87451171875, 2.479020595550537, 438.01605224609375
-2.566438674926758, 13.23163890838623, 14.924088478088379, -647.50732421875, 2.4711074829101562, 437.045166015625
-2.571045160293579, 13.262167930603027, 14.941916465759277, -648.1452026367188, 2.47006893157959, 436.0713195800781
-2.5755884647369385, 13.293275833129883, 14.958048820495605, -648.7793579101562, 2.4689605236053467, 435.09552001953125
-2.582470178604126, 13.3231782913208, 14.972432136535645, -649.408935546875, 2.4701144695281982, 434.1207275390625
-2.590484619140625, 13.347240447998047, 14.986982345581055, -650.0343017578125, 2.463686227798462, 433.141357421875
-2.5982844829559326, 13.366127014160156, 15.002334594726562, -650.6455688476562, 2.4457836151123047, 432.15899658203125
-2.6057071685791016, 13.384073257446289, 15.020223617553711, -651.24658203125, 2.4200096130371094, 431.1701354980469
-2.6136281490325928, 13.397791862487793, 15.03341293334961, -651.834228515625, 2.3917601108551025, 430.1734313964844
-2.6245639324188232, 13.412527084350586, 15.047355651855469, -652.41748046875, 2.366884708404541, 429.1696472167969
-2.641578197479248, 13.43053150177002, 15.058238983154297, -652.9942016601562, 2.3466594219207764, 428.16156005859375
-2.6622750759124756, 13.449673652648926, 15.069562911987305, -653.5543212890625, 2.3312623500823975, 427.1470031738281
-2.6813080310821533, 13.468589782714844, 15.082907676696777, -654.0965576171875, 2.3191778659820557, 426.119873046875
-2.7001149654388428, 13.485640525817871, 15.099048614501953, -654.6220092773438, 2.311187267303467, 425.0765075683594
-2.716738700866699, 13.501151084899902, 15.116609573364258, -655.1245727539062, 2.3073537349700928, 424.0278625488281
-2.7343695163726807, 13.51694107055664, 15.132479667663574, -655.6051635742188, 2.308407783508301, 422.97198486328125
-2.7536919116973877, 13.528090476989746, 15.145439147949219, -656.0647583007812, 2.3086791038513184, 421.91607666015625
-2.7676644325256348, 13.533516883850098, 15.157315254211426, -656.5005493164062, 2.306118965148926, 420.8547668457031
-2.7805850505828857, 13.542098999023438, 15.167283058166504, -656.9186401367188, 2.299729347229004, 419.7882995605469
-2.7906997203826904, 13.554760932922363, 15.178969383239746, -657.3230590820312, 2.2950379848480225, 418.712646484375
-2.7992682456970215, 13.563651084899902, 15.189629554748535, -657.714599609375, 2.288172721862793, 417.630859375
-2.8057994842529297, 13.571983337402344, 15.200240135192871, -658.09033203125, 2.282571315765381, 416.544189453125
-2.8129544258117676, 13.575716018676758, 15.213052749633789, -658.4633178710938, 2.2801811695098877, 415.45709228515625
-2.8207147121429443, 13.5780668258667, 15.22544002532959, -658.829345703125, 2.2789320945739746, 414.3656005859375
-2.823293685913086, 13.581158638000488, 15.23831558227539, -659.1851196289062, 2.2752087116241455, 413.2749328613281
-2.8278629779815674, 13.583582878112793, 15.2496976852417, -659.538330078125, 2.271270513534546, 412.1814880371094
-2.8359625339508057, 13.587465286254883, 15.263022422790527, -659.885009765625, 2.2657790184020996, 411.0854797363281
-2.845741033554077, 13.593669891357422, 15.27607536315918, -660.2215576171875, 2.259096145629883, 409.98785400390625
-2.854703903198242, 13.600994110107422, 15.2875394821167, -660.5521850585938, 2.2518093585968018, 408.8861083984375
-2.8632845878601074, 13.609841346740723, 15.299417495727539, -660.8746948242188, 2.242022752761841, 407.77587890625
-2.872192144393921, 13.615652084350586, 15.310407638549805, -661.1904907226562, 2.231201648712158, 406.66375732421875
-2.8786168098449707, 13.622349739074707, 15.324602127075195, -661.4992065429688, 2.2197980880737305, 405.552978515625
-2.880605697631836, 13.626253128051758, 15.338231086730957, -661.7985229492188, 2.211684465408325, 404.45025634765625
-2.8803157806396484, 13.631072044372559, 15.351210594177246, -662.1012573242188, 2.210636615753174, 403.3443908691406
-2.882356643676758, 13.63768196105957, 15.36306381225586, -662.404296875, 2.2124974727630615, 402.24072265625
-2.8879196643829346, 13.64780044555664, 15.376105308532715, -662.7073364257812, 2.2209622859954834, 401.1312561035156
-2.8948397636413574, 13.65544605255127, 15.387770652770996, -663.0031127929688, 2.2319209575653076, 400.021728515625
-2.8983476161956787, 13.664487838745117, 15.401779174804688, -663.2923583984375, 2.2459890842437744, 398.9039611816406
-2.8979313373565674, 13.675466537475586, 15.412849426269531, -663.5747680664062, 2.253526449203491, 397.77728271484375
-2.8954427242279053, 13.6885986328125, 15.428425788879395, -663.8572387695312, 2.262233257293701, 396.643310546875
-2.8960747718811035, 13.69573974609375, 15.444543838500977, -664.1437377929688, 2.2699191570281982, 395.52020263671875
-2.89670991897583, 13.700089454650879, 15.458422660827637, -664.4279174804688, 2.279482841491699, 394.39990234375
-2.8987977504730225, 13.708212852478027, 15.472906112670898, -664.7088012695312, 2.2920143604278564, 393.2827453613281
-2.900146722793579, 13.71688175201416, 15.485981941223145, -664.9917602539062, 2.3079919815063477, 392.1689758300781
-2.8999080657958984, 13.725317001342773, 15.497231483459473, -665.2792358398438, 2.320181369781494, 391.0503845214844
-2.9011194705963135, 13.728340148925781, 15.510661125183105, -665.5614624023438, 2.3300211429595947, 389.9343566894531
-2.904845714569092, 13.732511520385742, 15.523685455322266, -665.8427124023438, 2.342181921005249, 388.8179016113281
-2.9107069969177246, 13.73634147644043, 15.536962509155273, -666.1217041015625, 2.3507492542266846, 387.6965026855469
-2.918583869934082, 13.738770484924316, 15.548938751220703, -666.3967895507812, 2.363114833831787, 386.5794982910156
-2.9292666912078857, 13.742520332336426, 15.564314842224121, -666.6651000976562, 2.376551628112793, 385.4595031738281
-2.9343888759613037, 13.747408866882324, 15.584773063659668, -666.9194946289062, 2.387800693511963, 384.3360595703125
-2.9402782917022705, 13.75172233581543, 15.604642868041992, -667.1675415039062, 2.401709794998169, 383.20928955078125
-2.946160316467285, 13.754926681518555, 15.621200561523438, -667.4038696289062, 2.417832374572754, 382.0809631347656
-2.9517810344696045, 13.758877754211426, 15.64151668548584, -667.632080078125, 2.431119203567505, 380.9483642578125
-2.9566855430603027, 13.762632369995117, 15.66086196899414, -667.8484497070312, 2.4347219467163086, 379.81549072265625
-2.9620072841644287, 13.768245697021484, 15.682537078857422, -668.064208984375, 2.4407360553741455, 378.6853942871094
-2.972702980041504, 13.771031379699707, 15.706591606140137, -668.2811279296875, 2.445662021636963, 377.5528564453125
-2.9789698123931885, 13.778399467468262, 15.72963809967041, -668.4925537109375, 2.449047565460205, 376.419677734375
-2.984987258911133, 13.785176277160645, 15.75129508972168, -668.697021484375, 2.4508650302886963, 375.2833251953125
-2.9862020015716553, 13.792338371276855, 15.765515327453613, -668.8916015625, 2.458106279373169, 374.1473388671875
-2.992723226547241, 13.798526763916016, 15.780879974365234, -669.0811767578125, 2.471010446548462, 373.01519775390625
-3.003600597381592, 13.805011749267578, 15.790188789367676, -669.2646484375, 2.4886810779571533, 371.88983154296875
-3.0124671459198, 13.812159538269043, 15.800475120544434, -669.4321899414062, 2.5008161067962646, 370.7660827636719
-3.02266001701355, 13.824516296386719, 15.805720329284668, -669.58837890625, 2.513035774230957, 369.6446838378906
-3.036773443222046, 13.83352279663086, 15.810892105102539, -669.7319946289062, 2.5248241424560547, 368.5182189941406
-3.0494484901428223, 13.839337348937988, 15.814513206481934, -669.859130859375, 2.532318592071533, 367.38372802734375
-3.060086965560913, 13.847722053527832, 15.824065208435059, -669.9717407226562, 2.539464235305786, 366.2521057128906
-3.0678250789642334, 13.854629516601562, 15.833873748779297, -670.065185546875, 2.544255018234253, 365.1231689453125
-3.0770161151885986, 13.861831665039062, 15.84433364868164, -670.1556396484375, 2.5529725551605225, 364.00048828125
-3.0835556983947754, 13.87354850769043, 15.855770111083984, -670.2361450195312, 2.5580525398254395, 362.8798522949219
-3.088404417037964, 13.885177612304688, 15.868091583251953, -670.3118286132812, 2.562669038772583, 361.76177978515625
-3.0925567150115967, 13.893889427185059, 15.878433227539062, -670.3781127929688, 2.5668344497680664, 360.64013671875
-3.09798264503479, 13.903775215148926, 15.890230178833008, -670.4443359375, 2.5703487396240234, 359.5144958496094
-3.0986835956573486, 13.915027618408203, 15.903288841247559, -670.5056762695312, 2.5737926959991455, 358.38690185546875
-3.0989677906036377, 13.927574157714844, 15.920866966247559, -670.5638427734375, 2.5791099071502686, 357.2593688964844
-3.0968844890594482, 13.944292068481445, 15.931767463684082, -670.619384765625, 2.579120397567749, 356.13116455078125
-3.094024419784546, 13.962983131408691, 15.94143009185791, -670.6755981445312, 2.585925817489624, 354.99658203125
-3.0939433574676514, 13.983412742614746, 15.951909065246582, -670.7361450195312, 2.596372127532959, 353.85906982421875
-3.0945544242858887, 14.000605583190918, 15.962260246276855, -670.8002319335938, 2.6045188903808594, 352.71441650390625
-3.0932891368865967, 14.015738487243652, 15.971527099609375, -670.8651123046875, 2.6168112754821777, 351.56976318359375
-3.0901176929473877, 14.02849006652832, 15.98449420928955, -670.9386596679688, 2.634317398071289, 350.4268798828125
-3.0875496864318848, 14.042227745056152, 15.99993896484375, -671.0108642578125, 2.6441850662231445, 349.28759765625
-3.09029221534729, 14.048623085021973, 16.0127010345459, -671.0856323242188, 2.6527936458587646, 348.1573486328125
-3.095561981201172, 14.054286003112793, 16.02853012084961, -671.1587524414062, 2.656629800796509, 347.0238037109375
-3.0992543697357178, 14.054730415344238, 16.045669555664062, -671.223876953125, 2.6616322994232178, 345.892578125
-3.1049137115478516, 14.056841850280762, 16.067935943603516, -671.2859497070312, 2.6698262691497803, 344.7586975097656
-3.1096439361572266, 14.064064979553223, 16.092348098754883, -671.3425903320312, 2.6809866428375244, 343.6184997558594
-3.113969087600708, 14.074967384338379, 16.11328887939453, -671.3922119140625, 2.693800926208496, 342.4729309082031
-3.1210339069366455, 14.083980560302734, 16.127849578857422, -671.43505859375, 2.7099289894104004, 341.3288269042969
-3.128173351287842, 14.089065551757812, 16.144123077392578, -671.4739990234375, 2.722808837890625, 340.1835632324219
-3.132054567337036, 14.094657897949219, 16.163211822509766, -671.5056762695312, 2.7418487071990967, 339.03729248046875
-3.136953115463257, 14.099650382995605, 16.182199478149414, -671.5248413085938, 2.755579948425293, 337.8890380859375
3.134845018386841, 14.109505653381348, 16.204330444335938, -671.5374755859375, 2.7693910598754883, 336.7406005859375
3.122880220413208, 14.117064476013184, 16.22195816040039, -671.53076171875, 2.780797243118286, 335.5871276855469
3.1111457347869873, 14.124674797058105, 16.239702224731445, -671.5111083984375, 2.792013168334961, 334.4363098144531
3.101045846939087, 14.129837036132812, 16.253341674804688, -671.4733276367188, 2.8009872436523438, 333.2852478027344
3.0895984172821045, 14.136085510253906, 16.268814086914062, -671.4332885742188, 2.8120741844177246, 332.1428527832031
3.078626871109009, 14.141899108886719, 16.284753799438477, -671.3839111328125, 2.8232860565185547, 331.0
3.0695698261260986, 14.151653289794922, 16.301036834716797, -671.328369140625, 2.8323814868927, 329.8556213378906
3.0651562213897705, 14.163384437561035, 16.318906784057617, -671.2603149414062, 2.83567476272583, 328.71136474609375
3.064211130142212, 14.178754806518555, 16.33375358581543, -671.1888427734375, 2.835207939147949, 327.5726013183594
3.0615475177764893, 14.194686889648438, 16.346975326538086, -671.1187133789062, 2.840855836868286, 326.42926025390625
3.0586235523223877, 14.208819389343262, 16.361953735351562, -671.0419921875, 2.8446733951568604, 325.28851318359375
3.0530855655670166, 14.228825569152832, 16.3784236907959, -670.9576416015625, 2.8488497734069824, 324.1481628417969
3.0454399585723877, 14.244439125061035, 16.39361000061035, -670.8643188476562, 2.8537380695343018, 323.0050354003906
3.039734125137329, 14.258037567138672, 16.40498161315918, -670.7608032226562, 2.8596067428588867, 321.8642272949219
3.03851580619812, 14.270606994628906, 16.414045333862305, -670.6567993164062, 2.8731796741485596, 320.72503662109375
3.037029504776001, 14.281180381774902, 16.42420768737793, -670.5470581054688, 2.8875465393066406, 319.58123779296875
3.0361487865448, 14.28785228729248, 16.434904098510742, -670.4385986328125, 2.9000518321990967, 318.43975830078125
3.037123441696167, 14.29692268371582, 16.443586349487305, -670.3294067382812, 2.9104249477386475, 317.2933654785156
3.0369274616241455, 14.307497024536133, 16.44832992553711, -670.2210083007812, 2.9145987033843994, 316.1485290527344
3.034135580062866, 14.316568374633789, 16.454448699951172, -670.1133422851562, 2.9181389808654785, 315.0063781738281
3.0317389965057373, 14.323226928710938, 16.460159301757812, -670.0007934570312, 2.9261114597320557, 313.8677673339844
3.025651216506958, 14.329096794128418, 16.466684341430664, -669.8853759765625, 2.936006784439087, 312.7286682128906
3.0229227542877197, 14.334538459777832, 16.47602081298828, -669.7575073242188, 2.9457509517669678, 311.58624267578125
3.019709825515747, 14.340734481811523, 16.48757553100586, -669.6300659179688, 2.955268383026123, 310.4450988769531
3.012626886367798, 14.348150253295898, 16.500370025634766, -669.4989013671875, 2.9681057929992676, 309.30078125
3.0064785480499268, 14.354026794433594, 16.509389877319336, -669.3546752929688, 2.9782118797302246, 308.1578369140625
3.0032103061676025, 14.361554145812988, 16.518583297729492, -669.2027587890625, 2.987032651901245, 307.0142822265625
2.9991486072540283, 14.370014190673828, 16.526941299438477, -669.049072265625, 2.994774580001831, 305.8727722167969
2.992790937423706, 14.37916088104248, 16.536827087402344, -668.8880615234375, 2.9982221126556396, 304.733154296875
2.9855473041534424, 14.392556190490723, 16.54666519165039, -668.7233276367188, 3.00005841255188, 303.5961608886719
2.979201555252075, 14.405450820922852, 16.551471710205078, -668.5423583984375, 2.999673366546631, 302.4601135253906
2.9742166996002197, 14.417560577392578, 16.558420181274414, -668.3580322265625, 2.9948394298553467, 301.3217468261719
2.9701759815216064, 14.431004524230957, 16.564983367919922, -668.179443359375, 2.9962034225463867, 300.1853332519531
2.9685146808624268, 14.44434642791748, 16.575502395629883, -667.995361328125, 2.9995977878570557, 299.04327392578125
2.970999002456665, 14.458540916442871, 16.588191986083984, -667.807373046875, 3.005783796310425, 297.90264892578125
2.975356340408325, 14.469500541687012, 16.606412887573242, -667.6192626953125, 3.0099375247955322, 296.7591247558594
2.981412172317505, 14.47509479522705, 16.624059677124023, -667.4361572265625, 3.0181806087493896, 295.6181640625
2.9872872829437256, 14.480635643005371, 16.643234252929688, -667.2627563476562, 3.033787965774536, 294.47613525390625
2.990670919418335, 14.488987922668457, 16.66070556640625, -667.1010131835938, 3.0481646060943604, 293.33758544921875
2.992239236831665, 14.497335433959961, 16.675851821899414, -666.9506225585938, 3.0596861839294434, 292.197509765625
2.9934184551239014, 14.509331703186035, 16.69047737121582, -666.8004760742188, 3.0662238597869873, 291.0528564453125
2.9982168674468994, 14.517045974731445, 16.703786849975586, -666.64794921875, 3.07681941986084, 289.9101867675781
3.005045175552368, 14.528932571411133, 16.715330123901367, -666.5054321289062, 3.0913753509521484, 288.76776123046875
3.006601572036743, 14.54625129699707, 16.73286247253418, -666.36572265625, 3.106828212738037, 287.6192932128906
3.009028673171997, 14.566607475280762, 16.75234031677246, -666.2260131835938, 3.118619203567505, 286.4633483886719
3.009284257888794, 14.583529472351074, 16.77077865600586, -666.0897216796875, 3.134760856628418, 285.31158447265625
3.0077273845672607, 14.592968940734863, 16.79143524169922, -665.9494018554688, 3.148386001586914, 284.1588134765625
3.004870653152466, 14.604288101196289, 16.814863204956055, -665.8047485351562, 3.1597418785095215, 283.0055236816406
3.006624460220337, 14.615017890930176, 16.835315704345703, -665.6547241210938, 3.1697497367858887, 281.8553771972656
3.0101206302642822, 14.617806434631348, 16.85552406311035, -665.5089111328125, 3.1817052364349365, 280.711669921875
3.013715982437134, 14.626103401184082, 16.875993728637695, -665.3694458007812, 3.1950535774230957, 279.57421875
3.016169786453247, 14.637153625488281, 16.895065307617188, -665.2386474609375, 3.2096030712127686, 278.4421691894531
3.0195744037628174, 14.644420623779297, 16.909748077392578, -665.1111450195312, 3.224144697189331, 277.3112487792969
3.0228302478790283, 14.656808853149414, 16.925539016723633, -664.9857788085938, 3.235762596130371, 276.1809387207031
3.025667428970337, 14.667206764221191, 16.946422576904297, -664.8619995117188, 3.247605085372925, 275.0487976074219
3.024207353591919, 14.674797058105469, 16.96510124206543, -664.7371826171875, 3.2625691890716553, 273.9151306152344
3.024358034133911, 14.6786470413208, 16.98147964477539, -664.6033325195312, 3.2763681411743164, 272.7843933105469
3.0258896350860596, 14.680476188659668, 16.99493408203125, -664.4775390625, 3.2928013801574707, 271.65655517578125
3.0275728702545166, 14.683821678161621, 17.009992599487305, -664.3556518554688, 3.3090462684631348, 270.5251159667969
3.026484251022339, 14.690162658691406, 17.02422523498535, -664.2354125976562, 3.3273520469665527, 269.3965759277344
3.0267279148101807, 14.697378158569336, 17.036128997802734, -664.11572265625, 3.3459644317626953, 268.2654113769531
3.02397084236145, 14.701082229614258, 17.04698944091797, -663.9950561523438, 3.365330696105957, 267.12664794921875
3.022076368331909, 14.702045440673828, 17.059995651245117, -663.8695678710938, 3.388287305831909, 265.9861755371094
3.0170724391937256, 14.703374862670898, 17.06992530822754, -663.735595703125, 3.412811517715454, 264.8466491699219
3.012284517288208, 14.706430435180664, 17.081295013427734, -663.590576171875, 3.4376566410064697, 263.70306396484375
3.0097477436065674, 14.711244583129883, 17.092620849609375, -663.441162109375, 3.4621469974517822, 262.561279296875
3.00746750831604, 14.717013359069824, 17.10543441772461, -663.29248046875, 3.4884085655212402, 261.42120361328125
3.0055463314056396, 14.724518775939941, 17.121910095214844, -663.1463623046875, 3.5182342529296875, 260.2854309082031
3.0022904872894287, 14.731120109558105, 17.139402389526367, -662.9998779296875, 3.5501720905303955, 259.1559143066406
2.9985129833221436, 14.736894607543945, 17.15431022644043, -662.8493041992188, 3.580120325088501, 258.0213317871094
2.997112512588501, 14.744327545166016, 17.166879653930664, -662.6986083984375, 3.6065468788146973, 256.8919372558594
2.9970643520355225, 14.74968147277832, 17.18145751953125, -662.5504760742188, 3.6314642429351807, 255.7618865966797
2.9933764934539795, 14.758770942687988, 17.196426391601562, -662.402099609375, 3.6547749042510986, 254.62657165527344
2.9877970218658447, 14.764700889587402, 17.210559844970703, -662.242431640625, 3.6753909587860107, 253.4952850341797
2.981609582901001, 14.769978523254395, 17.224838256835938, -662.0759887695312, 3.6894283294677734, 252.3678436279297
2.9764492511749268, 14.777782440185547, 17.24199104309082, -661.9076538085938, 3.700409173965454, 251.24046325683594
2.9717276096343994, 14.786595344543457, 17.260162353515625, -661.7332153320312, 3.7077198028564453, 250.1136474609375
2.9667880535125732, 14.796096801757812, 17.278121948242188, -661.5574340820312, 3.7162106037139893, 248.9868621826172
2.960871934890747, 14.804961204528809, 17.296398162841797, -661.3750610351562, 3.721954107284546, 247.859619140625
2.953864336013794, 14.815829277038574, 17.31560516357422, -661.1834716796875, 3.728283166885376, 246.73118591308594
2.9456045627593994, 14.827327728271484, 17.336061477661133, -660.9826049804688, 3.7376997470855713, 245.60743713378906
2.9364588260650635, 14.8378324508667, 17.357627868652344, -660.7785034179688, 3.7478349208831787, 244.48593139648438
2.9286468029022217, 14.845555305480957, 17.3797550201416, -660.5653076171875, 3.753836154937744, 243.36251831054688
2.9235966205596924, 14.854704856872559, 17.403162002563477, -660.3469848632812, 3.761622190475464, 242.24114990234375
2.922222852706909, 14.86350154876709, 17.425718307495117, -660.1227416992188, 3.772329807281494, 241.11898803710938
2.920243501663208, 14.87228775024414, 17.447580337524414, -659.8939819335938, 3.786237955093384, 239.9929962158203
2.917187452316284, 14.880114555358887, 17.47072410583496, -659.6641235351562, 3.8040928840637207, 238.86695861816406
2.9138023853302, 14.889095306396484, 17.49379539489746, -659.43408203125, 3.8197872638702393, 237.7433319091797
2.9102556705474854, 14.897497177124023, 17.514402389526367, -659.199462890625, 3.834360361099243, 236.6181182861328
2.9061601161956787, 14.90719985961914, 17.535301208496094, -658.9613647460938, 3.8516528606414795, 235.48733520507812
2.901057004928589, 14.916654586791992, 17.556293487548828, -658.7172241210938, 3.8682668209075928, 234.3607635498047
2.8965904712677, 14.92701244354248, 17.5772647857666, -658.4672241210938, 3.887249231338501, 233.2363739013672
2.891716718673706, 14.937779426574707, 17.600034713745117, -658.2080078125, 3.9029743671417236, 232.11480712890625
2.885718584060669, 14.947212219238281, 17.622631072998047, -657.944091796875, 3.9162533283233643, 230.99696350097656
2.8800556659698486, 14.957661628723145, 17.64602279663086, -657.6698608398438, 3.926785945892334, 229.8832550048828
2.876155138015747, 14.966845512390137, 17.66995620727539, -657.3873901367188, 3.935319185256958, 228.77398681640625
2.873230218887329, 14.97549057006836, 17.695241928100586, -657.0997924804688, 3.941335678100586, 227.6683807373047
2.870239496231079, 14.98271369934082, 17.721275329589844, -656.8086547851562, 3.9459385871887207, 226.56280517578125
2.8676435947418213, 14.989023208618164, 17.747411727905273, -656.5140991210938, 3.9497737884521484, 225.4563751220703
2.8672516345977783, 14.99602222442627, 17.774063110351562, -656.2157592773438, 3.954900026321411, 224.34840393066406
2.8679120540618896, 15.004836082458496, 17.80113410949707, -655.9147338867188, 3.9613189697265625, 223.24057006835938
2.8681986331939697, 15.016231536865234, 17.825441360473633, -655.61181640625, 3.9714231491088867, 222.13157653808594
2.8679001331329346, 15.026571273803711, 17.847869873046875, -655.3099365234375, 3.9843876361846924, 221.021240234375
2.8666136264801025, 15.036011695861816, 17.86916732788086, -655.0076904296875, 3.9986305236816406, 219.909423828125
2.8648264408111572, 15.045494079589844, 17.88970184326172, -654.7027587890625, 4.0134148597717285, 218.79653930664062
2.8613169193267822, 15.054826736450195, 17.908401489257812, -654.393798828125, 4.029057502746582, 217.68560791015625
2.8567230701446533, 15.064918518066406, 17.92584228515625, -654.0816040039062, 4.0450334548950195, 216.57461547851562
2.852200746536255, 15.07550048828125, 17.941259384155273, -653.76220703125, 4.059974193572998, 215.46432495117188
2.847238779067993, 15.088004112243652, 17.95453453063965, -653.434814453125, 4.072731971740723, 214.35546875
2.8433477878570557, 15.100605010986328, 17.966976165771484, -653.1029663085938, 4.081925392150879, 213.2473602294922
2.8407270908355713, 15.11331844329834, 17.980619430541992, -652.7687377929688, 4.091238021850586, 212.13949584960938
2.837519407272339, 15.12421989440918, 17.992868423461914, -652.4306640625, 4.099736213684082, 211.0323944091797
2.83439564704895, 15.13699722290039, 18.005495071411133, -652.0932006835938, 4.105095863342285, 209.9278106689453
2.828343629837036, 15.149603843688965, 18.020000457763672, -651.754150390625, 4.113470077514648, 208.8225555419922
2.822328805923462, 15.161505699157715, 18.033700942993164, -651.40771484375, 4.122476100921631, 207.72276306152344
2.8162825107574463, 15.173973083496094, 18.047739028930664, -651.0531005859375, 4.130945682525635, 206.6236572265625
2.810788869857788, 15.185604095458984, 18.0633602142334, -650.6886596679688, 4.137633800506592, 205.52877807617188
2.804541826248169, 15.197684288024902, 18.08094024658203, -650.321533203125, 4.145878314971924, 204.43896484375
2.795971632003784, 15.210442543029785, 18.098085403442383, -649.9484252929688, 4.152675628662109, 203.35299682617188
2.785515069961548, 15.226771354675293, 18.113210678100586, -649.5697631835938, 4.163855075836182, 202.2726287841797
2.7754642963409424, 15.243041038513184, 18.126853942871094, -649.1835327148438, 4.17441987991333, 201.19361877441406
2.766700506210327, 15.25994873046875, 18.14167594909668, -648.7863159179688, 4.184717655181885, 200.1170196533203
2.760221242904663, 15.276993751525879, 18.156417846679688, -648.37744140625, 4.1956377029418945, 199.0463104248047
2.755403757095337, 15.291439056396484, 18.171344757080078, -647.9625244140625, 4.204191207885742, 197.98080444335938
2.7481672763824463, 15.304998397827148, 18.187068939208984, -647.5430908203125, 4.211562633514404, 196.91477966308594
2.7388756275177, 15.315860748291016, 18.205503463745117, -647.1099853515625, 4.22246789932251, 195.8555908203125
2.730107545852661, 15.324212074279785, 18.224889755249023, -646.6654052734375, 4.239488124847412, 194.80213928222656
2.723886728286743, 15.33057689666748, 18.24528694152832, -646.215576171875, 4.260168552398682, 193.75656127929688
2.719510316848755, 15.33552360534668, 18.26698875427246, -645.7598876953125, 4.284531116485596, 192.71453857421875
2.7150933742523193, 15.340859413146973, 18.288694381713867, -645.305908203125, 4.30708646774292, 191.6728057861328
2.709702253341675, 15.34860897064209, 18.305660247802734, -644.845458984375, 4.324317932128906, 190.6344451904297
2.7018511295318604, 15.355647087097168, 18.321407318115234, -644.381103515625, 4.341346263885498, 189.59823608398438
2.69645619392395, 15.362666130065918, 18.334047317504883, -643.9124145507812, 4.361983776092529, 188.56919860839844
2.69026780128479, 15.37131118774414, 18.348308563232422, -643.4384155273438, 4.384787082672119, 187.54310607910156
2.685957193374634, 15.382823944091797, 18.363332748413086, -642.9588012695312, 4.408283233642578, 186.52288818359375
2.6765639781951904, 15.397671699523926, 18.377927780151367, -642.4756469726562, 4.432305812835693, 185.50347900390625
2.663278818130493, 15.412467002868652, 18.390453338623047, -641.9825439453125, 4.457268714904785, 184.49407958984375
2.650055170059204, 15.424009323120117, 18.400949478149414, -641.4708862304688, 4.4840850830078125, 183.49163818359375
