0.0, 0.0, 0.0, 0.0, 0.0, 0.0
-0.005719113629311323, -0.0023804849479347467, -0.002879395615309477, 0.01743563823401928, -0.020281240344047546, 0.7107866406440735
-0.014573851600289345, -0.0013472838327288628, -4.7835055738687515e-06, 0.01824640855193138, -0.030787302181124687, 1.649902582168579
-0.024288121610879898, 0.004247390199452639, 0.006037572398781776, 0.008220084011554718, -0.03269633650779724, 2.69777250289917
-0.03226076066493988, 0.011996224522590637, 0.014734181575477123, -0.004432636313140392, -0.025831526145339012, 3.8009414672851562
-0.040370892733335495, 0.022808456793427467, 0.028121687471866608, -0.016078464686870575, -0.017511410638689995, 4.940411567687988
-0.04827690124511719, 0.03179171308875084, 0.04224139079451561, -0.07744118571281433, -0.011112245731055737, 6.076430797576904
-0.056231021881103516, 0.042793937027454376, 0.05398471653461456, -0.1423625946044922, -0.006431614980101585, 7.212284564971924
-0.0650477409362793, 0.05528423935174942, 0.06697098910808563, -0.21058687567710876, -0.005044258199632168, 8.349678039550781
-0.07624650001525879, 0.06878402084112167, 0.08082949370145798, -0.2817813754081726, 0.0013692108914256096, 9.495136260986328
-0.08572530746459961, 0.08293311297893524, 0.09641272574663162, -0.36401715874671936, 0.00534026138484478, 10.646917343139648
-0.09255766868591309, 0.09698296338319778, 0.10916808992624283, -0.4599529206752777, 0.011599794030189514, 11.795326232910156
-0.10078263282775879, 0.10911999642848969, 0.11962245404720306, -0.56307452917099, 0.020882029086351395, 12.942010879516602
-0.10774350166320801, 0.1202397346496582, 0.12765808403491974, -0.6815329194068909, 0.03342391550540924, 14.087625503540039
-0.11519312858581543, 0.13040074706077576, 0.14043134450912476, -0.8032315373420715, 0.040892355144023895, 15.231623649597168
-0.12281155586242676, 0.14348886907100677, 0.15104849636554718, -0.933033287525177, 0.05053407698869705, 16.366188049316406
-0.13252925872802734, 0.1536450982093811, 0.16216127574443817, -1.066358208656311, 0.059934914112091064, 17.4991455078125
-0.13999366760253906, 0.16549941897392273, 0.1759355366230011, -1.2104198932647705, 0.06687074154615402, 18.632183074951172
-0.1470472812652588, 0.17531205713748932, 0.18938153982162476, -1.3650002479553223, 0.07661661505699158, 19.765399932861328
-0.15595269203186035, 0.18777215480804443, 0.20123295485973358, -1.5315707921981812, 0.08640401810407639, 20.892248153686523
-0.16393661499023438, 0.20191209018230438, 0.20959268510341644, -1.7079793214797974, 0.10101768374443054, 22.00628089904785
-0.17115521430969238, 0.21980278193950653, 0.21857140958309174, -1.8955073356628418, 0.11223430931568146, 23.115787506103516
-0.17763304710388184, 0.23716765642166138, 0.22681240737438202, -2.092432975769043, 0.11805954575538635, 24.22422981262207
-0.18331480026245117, 0.25254884362220764, 0.23651297390460968, -2.293271780014038, 0.1229303702712059, 25.33501434326172
-0.18581414222717285, 0.26675018668174744, 0.24478274583816528, -2.4974358081817627, 0.12419984489679337, 26.444400787353516
-0.18605494499206543, 0.2798684239387512, 0.25117993354797363, -2.697594404220581, 0.1292565017938614, 27.555761337280273
-0.18415331840515137, 0.2906312048435211, 0.2606280744075775, -2.895840644836426, 0.13310854136943817, 28.67230796813965
-0.19152307510375977, 0.3009146451950073, 0.2702121436595917, -3.0971567630767822, 0.13636605441570282, 29.791507720947266
-0.2060225009918213, 0.3076227903366089, 0.2779596149921417, -3.30875301361084, 0.14161591231822968, 30.903545379638672
-0.2229599952697754, 0.313605934381485, 0.2884921729564667, -3.533877372741699, 0.1436028927564621, 32.010562896728516
-0.24057269096374512, 0.3145952522754669, 0.2951506972312927, -3.774160861968994, 0.14525659382343292, 33.11228942871094
-0.2572634220123291, 0.3184105157852173, 0.2989007532596588, -4.030667781829834, 0.14652106165885925, 34.210723876953125
-0.2718477249145508, 0.32951247692108154, 0.30409687757492065, -4.314337730407715, 0.14987024664878845, 35.308292388916016
-0.28461480140686035, 0.33784931898117065, 0.3127303421497345, -4.618772506713867, 0.15312160551548004, 36.3952751159668
-0.296675443649292, 0.35035577416419983, 0.32500243186950684, -4.935178279876709, 0.1574665606021881, 37.48199462890625
-0.3082895278930664, 0.3654274344444275, 0.3380924165248871, -5.267744541168213, 0.16308149695396423, 38.562503814697266
-0.3196253776550293, 0.3804175853729248, 0.34691643714904785, -5.610110282897949, 0.16704155504703522, 39.63669204711914
-0.32677412033081055, 0.3908025324344635, 0.35594287514686584, -5.9662089347839355, 0.17381203174591064, 40.70905303955078
-0.32939624786376953, 0.3995743989944458, 0.3701667785644531, -6.324227333068848, 0.17957612872123718, 41.77873229980469
-0.3381781578063965, 0.4088651239871979, 0.3804914057254791, -6.696796417236328, 0.18430574238300323, 42.84663391113281
-0.3441784381866455, 0.418811172246933, 0.38466358184814453, -7.085436820983887, 0.188865527510643, 43.91214370727539
-0.3480675220489502, 0.42847079038619995, 0.39057207107543945, -7.473907947540283, 0.19884276390075684, 44.98297882080078
-0.3504812717437744, 0.442240834236145, 0.3968549370765686, -7.868592739105225, 0.21561487019062042, 46.057891845703125
-0.3557109832763672, 0.4542955160140991, 0.4050196707248688, -8.266927719116211, 0.23557722568511963, 47.13299560546875
-0.36133337020874023, 0.4621495008468628, 0.41335242986679077, -8.676274299621582, 0.2540667653083801, 48.208621978759766
-0.3660893440246582, 0.46688708662986755, 0.4239553213119507, -9.089943885803223, 0.26967594027519226, 49.2866325378418
-0.3717234134674072, 0.4683974087238312, 0.4346553683280945, -9.507779121398926, 0.27493152022361755, 50.35373306274414
-0.38019800186157227, 0.47483986616134644, 0.44587811827659607, -9.93683910369873, 0.2838478684425354, 51.42073440551758
-0.39012575149536133, 0.4780923128128052, 0.45665910840034485, -10.376004219055176, 0.2959478199481964, 52.48360061645508
-0.39863109588623047, 0.487726092338562, 0.4709186851978302, -10.82193660736084, 0.30692797899246216, 53.537109375
-0.4108262062072754, 0.49813854694366455, 0.4839840531349182, -11.274674415588379, 0.32354700565338135, 54.587894439697266
-0.421628475189209, 0.5086948871612549, 0.4992998242378235, -11.736095428466797, 0.34317100048065186, 55.63525390625
-0.4288625717163086, 0.5199223756790161, 0.5122696757316589, -12.20329761505127, 0.3594498932361603, 56.67372131347656
-0.4312155246734619, 0.5290641784667969, 0.5224618911743164, -12.68033218383789, 0.37628310918807983, 57.7072639465332
-0.43798255920410156, 0.5360729694366455, 0.5396844744682312, -13.156391143798828, 0.3920709192752838, 58.743343353271484
-0.44782209396362305, 0.5432007312774658, 0.5570473074913025, -13.641246795654297, 0.4112480878829956, 59.775062561035156
-0.4580397605895996, 0.5489310622215271, 0.5749036073684692, -14.132904052734375, 0.4306187033653259, 60.798152923583984
-0.4683547019958496, 0.5571967959403992, 0.5906856656074524, -14.639078140258789, 0.44083666801452637, 61.81279373168945
-0.48023414611816406, 0.5682337284088135, 0.6060597896575928, -15.152103424072266, 0.4456789493560791, 62.820335388183594
-0.48859214782714844, 0.5805194973945618, 0.6200213432312012, -15.67736530303955, 0.45265671610832214, 63.82400894165039
-0.4977900981903076, 0.5920659899711609, 0.635413646697998, -16.211408615112305, 0.45481669902801514, 64.82533264160156
-0.5114872455596924, 0.6035211086273193, 0.6527823209762573, -16.7578067779541, 0.45787304639816284, 65.82418060302734
-0.5224595069885254, 0.6160011887550354, 0.6651707291603088, -17.317235946655273, 0.46021249890327454, 66.81378936767578
-0.5285172462463379, 0.6286736130714417, 0.676995575428009, -17.886165618896484, 0.45864319801330566, 67.79718017578125
-0.5268962383270264, 0.6395316123962402, 0.6892372369766235, -18.4661922454834, 0.45904192328453064, 68.78378295898438
-0.5285556316375732, 0.651023805141449, 0.6957410573959351, -19.047382354736328, 0.4626912772655487, 69.77142333984375
-0.5311410427093506, 0.6619237661361694, 0.7074119448661804, -19.630046844482422, 0.4684138000011444, 70.76301574707031
-0.5361514091491699, 0.6717519164085388, 0.7182663679122925, -20.214141845703125, 0.47721606492996216, 71.75389099121094
-0.5410337448120117, 0.6789344549179077, 0.7322624921798706, -20.79634666442871, 0.4832006096839905, 72.74137878417969
-0.544940710067749, 0.6873305439949036, 0.7440932989120483, -21.380138397216797, 0.48865753412246704, 73.72330474853516
-0.551335334777832, 0.6973331570625305, 0.7548913359642029, -21.96220588684082, 0.49727296829223633, 74.70005798339844
-0.557868242263794, 0.7107338309288025, 0.7669674754142761, -22.554277420043945, 0.504252552986145, 75.67190551757812
-0.5619621276855469, 0.7239972352981567, 0.7737744450569153, -23.163516998291016, 0.5104627013206482, 76.63310241699219
-0.5660953521728516, 0.7325496673583984, 0.7826722264289856, -23.782480239868164, 0.517733097076416, 77.59209442138672
-0.5718607902526855, 0.7392693758010864, 0.7898945808410645, -24.4069881439209, 0.5218101739883423, 78.54608917236328
-0.5769875049591064, 0.7469614148139954, 0.7984877228736877, -25.034725189208984, 0.5257053971290588, 79.49835205078125
-0.5783500671386719, 0.7537736892700195, 0.809108555316925, -25.665756225585938, 0.5285207033157349, 80.44549560546875
-0.5823633670806885, 0.7556090950965881, 0.8189681768417358, -26.295808792114258, 0.5383825302124023, 81.39420318603516
-0.5844991207122803, 0.7569470405578613, 0.8319072723388672, -26.932870864868164, 0.5503070950508118, 82.34227752685547
-0.5899269580841064, 0.7613680362701416, 0.8449345827102661, -27.569990158081055, 0.56593918800354, 83.28755187988281
-0.5996034145355225, 0.7691226005554199, 0.8564532995223999, -28.22109603881836, 0.574600100517273, 84.2258071899414
-0.6145007610321045, 0.7762870192527771, 0.8695631623268127, -28.880321502685547, 0.5901746153831482, 85.1530990600586
-0.624974250793457, 0.7836902141571045, 0.8854013085365295, -29.547168731689453, 0.6048359870910645, 86.07263946533203
-0.6338996887207031, 0.793907105922699, 0.8941346406936646, -30.22113037109375, 0.6124846935272217, 86.9774169921875
-0.6455566883087158, 0.8026059865951538, 0.8989627361297607, -30.90056037902832, 0.6210647225379944, 87.87759399414062
-0.6578104496002197, 0.8116815686225891, 0.9090163707733154, -31.589954376220703, 0.6296009421348572, 88.77562713623047
-0.6678004264831543, 0.8182048201560974, 0.9169450402259827, -32.29620361328125, 0.6390621662139893, 89.66827392578125
-0.6793091297149658, 0.8272542357444763, 0.9303376078605652, -33.01784133911133, 0.6481667160987854, 90.56355285644531
-0.6899867057800293, 0.8370033502578735, 0.9454544186592102, -33.75348663330078, 0.6532115936279297, 91.45032501220703
-0.6997790336608887, 0.839544951915741, 0.9596130847930908, -34.494544982910156, 0.6563176512718201, 92.3254165649414
-0.7098662853240967, 0.8427279591560364, 0.970478892326355, -35.24001693725586, 0.6571695804595947, 93.19404602050781
-0.7211604118347168, 0.8441202044487, 0.983237624168396, -35.988094329833984, 0.6628726124763489, 94.05657196044922
-0.734551191329956, 0.8467075228691101, 0.9963099360466003, -36.74840545654297, 0.66941237449646, 94.91031646728516
-0.7464220523834229, 0.8516056537628174, 1.0099716186523438, -37.513980865478516, 0.6801320910453796, 95.7563705444336
-0.7570884227752686, 0.856252908706665, 1.021061658859253, -38.293434143066406, 0.687116801738739, 96.59419250488281
-0.7667222023010254, 0.8638172745704651, 1.0299603939056396, -39.087650299072266, 0.687519907951355, 97.42900085449219
-0.7716929912567139, 0.8712928891181946, 1.0376715660095215, -39.89918518066406, 0.6834862232208252, 98.2686538696289
-0.7739644050598145, 0.8790799975395203, 1.0491290092468262, -40.717185974121094, 0.6790045499801636, 99.10372924804688
-0.7770133018493652, 0.886604905128479, 1.061657190322876, -41.532310485839844, 0.6753191947937012, 99.93486785888672
-0.7808659076690674, 0.8946006298065186, 1.072622537612915, -42.35035705566406, 0.6699091196060181, 100.76176452636719
-0.7866554260253906, 0.9018120765686035, 1.0830525159835815, -43.166412353515625, 0.6662225127220154, 101.57935333251953
-0.7887575626373291, 0.9095607995986938, 1.0961191654205322, -43.97966766357422, 0.6649125218391418, 102.39627838134766
-0.7922613620758057, 0.9165273308753967, 1.1077529191970825, -44.79416275024414, 0.6687536239624023, 103.20753479003906
-0.79172682762146, 0.9202940464019775, 1.1188981533050537, -45.60898971557617, 0.6727584600448608, 104.01416015625
-0.7925341129302979, 0.919474720954895, 1.129073977470398, -46.42044448852539, 0.6757169961929321, 104.82201385498047
-0.790635347366333, 0.9167717099189758, 1.140750527381897, -47.231414794921875, 0.6764764785766602, 105.6296157836914
-0.7879183292388916, 0.9194470643997192, 1.1533534526824951, -48.042572021484375, 0.6800771951675415, 106.44113159179688
-0.784416913986206, 0.9236173629760742, 1.1647557020187378, -48.85298156738281, 0.6796862483024597, 107.24359893798828
-0.7864713668823242, 0.9303728342056274, 1.1754125356674194, -49.66399002075195, 0.6825310587882996, 108.04205322265625
-0.7898712158203125, 0.9387580752372742, 1.1880333423614502, -50.47922897338867, 0.6887236833572388, 108.83575439453125
-0.7904343605041504, 0.9480581283569336, 1.2050424814224243, -51.297462463378906, 0.695641279220581, 109.63214874267578
-0.7883186340332031, 0.9580779671669006, 1.2199954986572266, -52.110599517822266, 0.7058628797531128, 110.4296646118164
-0.7876932621002197, 0.966955840587616, 1.2346352338790894, -52.91667175292969, 0.7197285890579224, 111.23039245605469
-0.7878565788269043, 0.9748573899269104, 1.2501105070114136, -53.7246208190918, 0.7359636425971985, 112.03341674804688
-0.789142370223999, 0.9813861846923828, 1.2629961967468262, -54.53734588623047, 0.7505409717559814, 112.84090423583984
-0.7928879261016846, 0.9855972528457642, 1.2735159397125244, -55.35085678100586, 0.7562840580940247, 113.64495086669922
-0.7974627017974854, 0.9934052228927612, 1.2857496738433838, -56.1644172668457, 0.7605249285697937, 114.4457778930664
-0.8054547309875488, 1.0018784999847412, 1.2993746995925903, -56.98721694946289, 0.7649207711219788, 115.24629974365234
-0.8102438449859619, 1.0098443031311035, 1.3084838390350342, -57.816612243652344, 0.7616546154022217, 116.04036712646484
-0.8179759979248047, 1.0124719142913818, 1.317651391029358, -58.64371109008789, 0.7657440900802612, 116.82341766357422
-0.8263232707977295, 1.0138100385665894, 1.328718662261963, -59.472938537597656, 0.7692704796791077, 117.59606170654297
-0.8328559398651123, 1.0147831439971924, 1.3409371376037598, -60.30980682373047, 0.7711749076843262, 118.3643798828125
-0.8363020420074463, 1.017657995223999, 1.3534389734268188, -61.15559005737305, 0.7682355046272278, 119.13123321533203
-0.8425617218017578, 1.0164955854415894, 1.3681092262268066, -62.00373458862305, 0.7673381567001343, 119.897705078125
-0.8531370162963867, 1.0164945125579834, 1.3806207180023193, -62.856990814208984, 0.7666980028152466, 120.6613540649414
-0.868640661239624, 1.0167087316513062, 1.3899352550506592, -63.72438049316406, 0.770087718963623, 121.41378784179688
-0.8809623718261719, 1.0239646434783936, 1.3980052471160889, -64.59765625, 0.7709833979606628, 122.15438079833984
-0.8905282020568848, 1.0286728143692017, 1.4057142734527588, -65.47246551513672, 0.7761989831924438, 122.88763427734375
-0.9027543067932129, 1.0298722982406616, 1.4152698516845703, -66.35718536376953, 0.7856484055519104, 123.61226654052734
-0.9090352058410645, 1.033711314201355, 1.426271677017212, -67.25759887695312, 0.7848698496818542, 124.3171157836914
-0.915341854095459, 1.0384608507156372, 1.443577766418457, -68.16651916503906, 0.7896600365638733, 125.01907348632812
-0.9257779121398926, 1.0414401292800903, 1.4602019786834717, -69.07865142822266, 0.7916672825813293, 125.71160125732422
-0.9331867694854736, 1.04928719997406, 1.477440595626831, -69.98334503173828, 0.7924102544784546, 126.39395141601562
-0.9366624355316162, 1.0623321533203125, 1.4970453977584839, -70.90164184570312, 0.7892082333564758, 127.07874298095703
-0.940638542175293, 1.0750257968902588, 1.5141870975494385, -71.8140640258789, 0.7987338304519653, 127.7637710571289
-0.9443604946136475, 1.084254264831543, 1.5290359258651733, -72.73162841796875, 0.8061997294425964, 128.4481201171875
-0.9514553546905518, 1.0867860317230225, 1.5407353639602661, -73.65966033935547, 0.8122305870056152, 129.1377410888672
-0.9551689624786377, 1.0961949825286865, 1.5543553829193115, -74.59429931640625, 0.8207691311836243, 129.82284545898438
-0.961012601852417, 1.111873984336853, 1.5636894702911377, -75.53318786621094, 0.8266685605049133, 130.50230407714844
-0.9644622802734375, 1.120958924293518, 1.575385332107544, -76.47391510009766, 0.8297926783561707, 131.16883850097656
-0.9674074649810791, 1.1307731866836548, 1.5805174112319946, -77.40703582763672, 0.8316872715950012, 131.8342742919922
-0.9667153358459473, 1.1391339302062988, 1.5913954973220825, -78.3392105102539, 0.8284506797790527, 132.491943359375
-0.9602248668670654, 1.147814154624939, 1.6012243032455444, -79.26924133300781, 0.824737012386322, 133.1608123779297
-0.9571273326873779, 1.1612826585769653, 1.612296223640442, -80.1934814453125, 0.8177475333213806, 133.8301544189453
-0.9537115097045898, 1.1775349378585815, 1.6259006261825562, -81.11243438720703, 0.8046833872795105, 134.50131225585938
-0.9560472965240479, 1.1906710863113403, 1.6406954526901245, -82.02757263183594, 0.7980925440788269, 135.1654052734375
-0.95821213722229, 1.2050126791000366, 1.6518553495407104, -82.94024658203125, 0.7854123711585999, 135.81777954101562
-0.9632604122161865, 1.2219030857086182, 1.6655020713806152, -83.85690307617188, 0.7713221311569214, 136.4668731689453
-0.9726574420928955, 1.2367836236953735, 1.6831817626953125, -84.78160095214844, 0.7629817724227905, 137.1113739013672
-0.9863221645355225, 1.2489973306655884, 1.6973060369491577, -85.72079467773438, 0.7540562748908997, 137.7455291748047
-1.0039165019989014, 1.255761742591858, 1.7105573415756226, -86.66523742675781, 0.7486586570739746, 138.36947631835938
-1.0165958404541016, 1.2585513591766357, 1.7173362970352173, -87.62175750732422, 0.7444610595703125, 138.9740753173828
-1.0265743732452393, 1.2608736753463745, 1.7238140106201172, -88.5849838256836, 0.7385649681091309, 139.5714874267578
-1.0313589572906494, 1.2695584297180176, 1.7334494590759277, -89.56503295898438, 0.7320203185081482, 140.16342163085938
-1.0345864295959473, 1.2751108407974243, 1.7422078847885132, -90.55254364013672, 0.7234330177307129, 140.740234375
-1.0320079326629639, 1.2817747592926025, 1.7506237030029297, -91.53992462158203, 0.7121862173080444, 141.32150268554688
-1.0270476341247559, 1.28653085231781, 1.7567445039749146, -92.51886749267578, 0.6996883153915405, 141.90048217773438
-1.0251517295837402, 1.292189121246338, 1.761924147605896, -93.48583221435547, 0.6868163347244263, 142.48486328125
-1.0253822803497314, 1.2998863458633423, 1.7668732404708862, -94.45450592041016, 0.6751758456230164, 143.07513427734375
-1.024096965789795, 1.3084453344345093, 1.7738333940505981, -95.42816162109375, 0.6586270928382874, 143.660400390625
-1.0195820331573486, 1.321840524673462, 1.7845317125320435, -96.39488220214844, 0.6425570845603943, 144.2504119873047
-1.014622449874878, 1.335387110710144, 1.793677568435669, -97.36886596679688, 0.6287301182746887, 144.8489227294922
-1.0105860233306885, 1.3461968898773193, 1.8018758296966553, -98.34894561767578, 0.6077325940132141, 145.46054077148438
-1.0068671703338623, 1.3593693971633911, 1.8124717473983765, -99.32550811767578, 0.5860559940338135, 146.07626342773438
-1.0060460567474365, 1.3757164478302002, 1.8201522827148438, -100.2939224243164, 0.5684711337089539, 146.68783569335938
-1.0074880123138428, 1.3883271217346191, 1.8320578336715698, -101.26898956298828, 0.5511777400970459, 147.29954528808594
-1.0071868896484375, 1.3975510597229004, 1.8430416584014893, -102.2482681274414, 0.5372069478034973, 147.91436767578125
-1.0061662197113037, 1.406137466430664, 1.854003667831421, -103.22246551513672, 0.5204032063484192, 148.52711486816406
-1.0087473392486572, 1.4155418872833252, 1.8636916875839233, -104.19837951660156, 0.5064960718154907, 149.1435089111328
-1.0106933116912842, 1.4293073415756226, 1.8738757371902466, -105.16959381103516, 0.49312636256217957, 149.7609405517578
-1.0113494396209717, 1.446221113204956, 1.8830792903900146, -106.14230346679688, 0.48507633805274963, 150.37937927246094
-1.0091211795806885, 1.4637254476547241, 1.8956048488616943, -107.11280059814453, 0.4761652946472168, 151.00299072265625
-1.0048954486846924, 1.4787453413009644, 1.9069621562957764, -108.08250427246094, 0.4635799527168274, 151.63275146484375
-0.9966180324554443, 1.4865078926086426, 1.9161531925201416, -109.04991149902344, 0.45462822914123535, 152.26309204101562
-0.9865677356719971, 1.494998574256897, 1.9294095039367676, -110.01676940917969, 0.4524957835674286, 152.90875244140625
-0.9769575595855713, 1.504079818725586, 1.9453574419021606, -110.97234344482422, 0.453515887260437, 153.56605529785156
-0.9648020267486572, 1.5125758647918701, 1.9645543098449707, -111.91741180419922, 0.4609399735927582, 154.2383270263672
-0.9548814296722412, 1.5269583463668823, 1.982886791229248, -112.85404968261719, 0.46811190247535706, 154.91860961914062
-0.9492018222808838, 1.547009825706482, 1.9978721141815186, -113.77821350097656, 0.471544474363327, 155.604248046875
-0.9416449069976807, 1.5675599575042725, 2.014028549194336, -114.69832611083984, 0.47154363989830017, 156.29527282714844
-0.9388992786407471, 1.5885435342788696, 2.024887800216675, -115.6152572631836, 0.4636975824832916, 156.9895782470703
-0.9401357173919678, 1.6058038473129272, 2.035731792449951, -116.52288818359375, 0.4545880854129791, 157.68438720703125
-0.9371027946472168, 1.6229689121246338, 2.04495906829834, -117.43377685546875, 0.4471009373664856, 158.3756866455078
-0.9330692291259766, 1.636488676071167, 2.0571651458740234, -118.34439086914062, 0.4354701042175293, 159.06309509277344
-0.9318845272064209, 1.6511621475219727, 2.0721683502197266, -119.25078582763672, 0.4273160398006439, 159.75836181640625
-0.9294741153717041, 1.6652191877365112, 2.0883941650390625, -120.15682983398438, 0.41879788041114807, 160.45635986328125
-0.9226248264312744, 1.6889060735702515, 2.104787826538086, -121.05435943603516, 0.4088575541973114, 161.16262817382812
-0.9196722507476807, 1.7153874635696411, 2.1203315258026123, -121.9472427368164, 0.39845579862594604, 161.8786163330078
-0.9210376739501953, 1.7399890422821045, 2.1309003829956055, -122.84123992919922, 0.38789835572242737, 162.5924530029297
-0.9225637912750244, 1.7610806226730347, 2.140036106109619, -123.73249053955078, 0.37453362345695496, 163.2975616455078
-0.919938325881958, 1.7776246070861816, 2.1480867862701416, -124.62860870361328, 0.36063703894615173, 164.00601196289062
-0.9194433689117432, 1.7927616834640503, 2.1593353748321533, -125.52653503417969, 0.3464624881744385, 164.71563720703125
-0.9196352958679199, 1.8072880506515503, 2.174208879470825, -126.4242935180664, 0.33938929438591003, 165.42596435546875
-0.9184000492095947, 1.8215848207473755, 2.1899375915527344, -127.32028198242188, 0.33453160524368286, 166.14035034179688
-0.9178740978240967, 1.8335083723068237, 2.2024435997009277, -128.2135467529297, 0.3312603831291199, 166.85877990722656
-0.917957067489624, 1.8462024927139282, 2.2126619815826416, -129.1082305908203, 0.32804960012435913, 167.5780487060547
-0.9146072864532471, 1.8602242469787598, 2.220947742462158, -129.99960327148438, 0.3246053457260132, 168.2902069091797
-0.9089772701263428, 1.8744269609451294, 2.2290546894073486, -130.88833618164062, 0.3207760751247406, 169.01077270507812
-0.8982923030853271, 1.8895893096923828, 2.240704298019409, -131.7750701904297, 0.31176602840423584, 169.73573303222656
-0.889683723449707, 1.9063849449157715, 2.2548954486846924, -132.66058349609375, 0.30829301476478577, 170.47142028808594
-0.8837666511535645, 1.9278901815414429, 2.2707338333129883, -133.54063415527344, 0.3029029965400696, 171.213134765625
-0.881321907043457, 1.9487210512161255, 2.2820053100585938, -134.41818237304688, 0.3022666275501251, 171.9586639404297
-0.8808884620666504, 1.9714735746383667, 2.293581008911133, -135.28936767578125, 0.2985026240348816, 172.70159912109375
-0.8801591396331787, 1.9935578107833862, 2.3012142181396484, -136.1599578857422, 0.2907058000564575, 173.4468536376953
-0.8800947666168213, 2.0096359252929688, 2.3108930587768555, -137.0294952392578, 0.27965691685676575, 174.1905059814453
-0.877687931060791, 2.0270330905914307, 2.3243660926818848, -137.90347290039062, 0.2697529196739197, 174.9359588623047
-0.8672654628753662, 2.0406105518341064, 2.334698438644409, -138.77749633789062, 0.2569652497768402, 175.6776580810547
-0.85788893699646, 2.0545778274536133, 2.3473191261291504, -139.64479064941406, 0.25100287795066833, 176.43728637695312
-0.8485910892486572, 2.065692186355591, 2.3615026473999023, -140.50454711914062, 0.25005701184272766, 177.2012481689453
-0.8399412631988525, 2.0757462978363037, 2.372460126876831, -141.3489990234375, 0.2480045109987259, 177.97784423828125
-0.8358166217803955, 2.089156150817871, 2.382354259490967, -142.18484497070312, 0.2471783459186554, 178.75991821289062
-0.8316519260406494, 2.103776454925537, 2.389409303665161, -143.0095672607422, 0.24718588590621948, 179.5420379638672
-0.8255739212036133, 2.1160855293273926, 2.399421453475952, -143.83067321777344, 0.24418824911117554, 180.33192443847656
-0.8228156566619873, 2.1243648529052734, 2.4119515419006348, -144.66043090820312, 0.23969168961048126, 181.1249237060547
-0.821561336517334, 2.132885217666626, 2.421003580093384, -145.48899841308594, 0.2383965253829956, 181.91952514648438
-0.8156125545501709, 2.1435205936431885, 2.4284374713897705, -146.31716918945312, 0.23421378433704376, 182.71347045898438
-0.811316728591919, 2.1587884426116943, 2.4410550594329834, -147.14222717285156, 0.22617296874523163, 183.5178680419922
-0.8080813884735107, 2.1708343029022217, 2.4534659385681152, -147.96453857421875, 0.21824997663497925, 184.325927734375
-0.802910566329956, 2.180656909942627, 2.468441963195801, -148.78472900390625, 0.21334359049797058, 185.13226318359375
-0.8002822399139404, 2.1899378299713135, 2.4848880767822266, -149.59048461914062, 0.21189843118190765, 185.94149780273438
-0.7969086170196533, 2.198638439178467, 2.5009915828704834, -150.38909912109375, 0.2115858942270279, 186.75198364257812
-0.7931766510009766, 2.212705373764038, 2.516486883163452, -151.18362426757812, 0.21064452826976776, 187.56556701660156
-0.7909619808197021, 2.2343332767486572, 2.5349819660186768, -151.97930908203125, 0.20600418746471405, 188.3933868408203
-0.7873382568359375, 2.2598929405212402, 2.552574872970581, -152.77764892578125, 0.20482800900936127, 189.2266387939453
-0.780193567276001, 2.288684606552124, 2.5663061141967773, -153.57498168945312, 0.19791817665100098, 190.05738830566406
-0.7717576026916504, 2.3138833045959473, 2.583272933959961, -154.37010192871094, 0.1958862692117691, 190.8929443359375
-0.7638485431671143, 2.3393197059631348, 2.594026803970337, -155.1580810546875, 0.19510920345783234, 191.72804260253906
-0.7566637992858887, 2.3636231422424316, 2.6078975200653076, -155.9361572265625, 0.19400157034397125, 192.56813049316406
-0.7474915981292725, 2.384953260421753, 2.6269547939300537, -156.712890625, 0.19113987684249878, 193.41879272460938
-0.7415452003479004, 2.4039418697357178, 2.6450788974761963, -157.4803466796875, 0.19073468446731567, 194.27711486816406
-0.7360167503356934, 2.4198663234710693, 2.6669387817382812, -158.24188232421875, 0.19077211618423462, 195.1313934326172
-0.7318034172058105, 2.4305098056793213, 2.6882407665252686, -158.99916076660156, 0.1948504000902176, 195.99322509765625
-0.7309727668762207, 2.440351963043213, 2.705340623855591, -159.74688720703125, 0.20337341725826263, 196.8555145263672
-0.7332401275634766, 2.4472882747650146, 2.7241880893707275, -160.48876953125, 0.21050415933132172, 197.72459411621094
-0.7340290546417236, 2.451667547225952, 2.739450693130493, -161.23492431640625, 0.21276110410690308, 198.5885009765625
-0.7304079532623291, 2.454979419708252, 2.7514374256134033, -161.98931884765625, 0.2122076004743576, 199.45372009277344
-0.7267985343933105, 2.4596943855285645, 2.762516736984253, -162.74058532714844, 0.2112800031900406, 200.32054138183594
-0.7211208343505859, 2.4693140983581543, 2.7711923122406006, -163.4879150390625, 0.21442629396915436, 201.1900634765625
-0.7163753509521484, 2.481752872467041, 2.7814817428588867, -164.2293243408203, 0.2169352024793625, 202.0571746826172
-0.7093327045440674, 2.4930121898651123, 2.794060468673706, -164.96759033203125, 0.2149294912815094, 202.9302978515625
-0.700636625289917, 2.5031497478485107, 2.81313157081604, -165.69813537597656, 0.20911245048046112, 203.8101806640625
-0.6957042217254639, 2.5137648582458496, 2.8302438259124756, -166.41650390625, 0.20589233934879303, 204.69244384765625
-0.6916389465332031, 2.519566059112549, 2.846336603164673, -167.134765625, 0.2065058797597885, 205.57888793945312
-0.6866707801818848, 2.5295674800872803, 2.859560251235962, -167.8471221923828, 0.20384542644023895, 206.4711151123047
-0.6810789108276367, 2.541919708251953, 2.871795177459717, -168.55911254882812, 0.20239126682281494, 207.3685302734375
-0.6786315441131592, 2.558119058609009, 2.8848822116851807, -169.26919555664062, 0.19566717743873596, 208.26419067382812
-0.6769459247589111, 2.5758144855499268, 2.900283098220825, -169.97657775878906, 0.18317309021949768, 209.1516876220703
-0.6789419651031494, 2.595383644104004, 2.921483039855957, -170.6791229248047, 0.16589657962322235, 210.0459442138672
-0.6828498840332031, 2.6147937774658203, 2.942446708679199, -171.379638671875, 0.14456991851329803, 210.93455505371094
-0.6865572929382324, 2.63240909576416, 2.9617860317230225, -172.0875701904297, 0.12228301167488098, 211.8189239501953
-0.6880204677581787, 2.647270917892456, 2.982130289077759, -172.8042449951172, 0.09948646277189255, 212.6987762451172
-0.6866366863250732, 2.6640701293945312, 3.0032925605773926, -173.52621459960938, 0.08366245031356812, 213.5801239013672
-0.6839935779571533, 2.6782166957855225, 3.024211883544922, -174.2535400390625, 0.06279361248016357, 214.46363830566406
-0.6802449226379395, 2.6902031898498535, 3.04827618598938, -174.9757080078125, 0.04680415987968445, 215.35601806640625
-0.675513505935669, 2.700124502182007, 3.0722291469573975, -175.6885223388672, 0.03454400599002838, 216.2540740966797
-0.6748080253601074, 2.711853265762329, 3.0917530059814453, -176.39878845214844, 0.03089587762951851, 217.14266967773438
-0.6743960380554199, 2.7242369651794434, 3.110962390899658, -177.10853576660156, 0.02127954736351967, 218.03604125976562
-0.6781215667724609, 2.7382125854492188, 3.1310999393463135, -177.8153076171875, 0.006382470019161701, 218.92933654785156
-0.686715841293335, 2.7515652179718018, 3.149693727493286, -178.52584838867188, -0.004158802330493927, 219.82284545898438
-0.6941943168640137, 2.757349967956543, 3.170412540435791, -179.23956298828125, -0.01360979676246643, 220.71046447753906
-0.7015304565429688, 2.7664999961853027, 3.191208600997925, -179.96583557128906, -0.02425691857933998, 221.5945281982422
-0.7091045379638672, 2.772686243057251, 3.2094249725341797, -180.69642639160156, -0.03460201621055603, 222.46409606933594
-0.7172045707702637, 2.783369302749634, 3.226973533630371, -181.43553161621094, -0.04308544844388962, 223.32904052734375
-0.7262499332427979, 2.7996537685394287, 3.2412075996398926, -182.1757354736328, -0.05051508918404579, 224.18869018554688
-0.7340764999389648, 2.8172719478607178, 3.2541451454162598, -182.9257354736328, -0.057065512984991074, 225.0487518310547
-0.7402164936065674, 2.8357348442077637, 3.267444372177124, -183.68389892578125, -0.06713760644197464, 225.9029998779297
-0.7511022090911865, 2.8581724166870117, 3.281738519668579, -184.44442749023438, -0.08406266570091248, 226.75479125976562
-0.7658276557922363, 2.8832297325134277, 3.295091152191162, -185.21722412109375, -0.09494897723197937, 227.59771728515625
-0.7780954837799072, 2.9075119495391846, 3.308741807937622, -186.00735473632812, -0.10820187628269196, 228.4268035888672
-0.7933609485626221, 2.924628973007202, 3.319995403289795, -186.81300354003906, -0.12074419856071472, 229.24456787109375
-0.8038346767425537, 2.9405970573425293, 3.3362300395965576, -187.6331329345703, -0.14134594798088074, 230.05166625976562
-0.8156800270080566, 2.9543495178222656, 3.354984760284424, -188.46194458007812, -0.15965580940246582, 230.84524536132812
-0.8243024349212646, 2.967531681060791, 3.3698434829711914, -189.3040313720703, -0.1790715605020523, 231.63088989257812
-0.8354296684265137, 2.9739749431610107, 3.3883278369903564, -190.15342712402344, -0.18988750874996185, 232.40545654296875
-0.8455867767333984, 2.98272705078125, 3.4056742191314697, -191.0055694580078, -0.19095709919929504, 233.16925048828125
-0.8515939712524414, 2.9895589351654053, 3.426431179046631, -191.86019897460938, -0.19053781032562256, 233.92578125
-0.8619911670684814, 2.998526096343994, 3.4466049671173096, -192.7174072265625, -0.1900850385427475, 234.68695068359375
-0.8712306022644043, 3.0049397945404053, 3.465670585632324, -193.581298828125, -0.18766163289546967, 235.43992614746094
-0.8782789707183838, 3.0137479305267334, 3.4835031032562256, -194.44927978515625, -0.18386821448802948, 236.1886749267578
-0.8857119083404541, 3.0250766277313232, 3.4998462200164795, -195.32135009765625, -0.18214166164398193, 236.9318389892578
-0.8926653861999512, 3.0392916202545166, 3.5119271278381348, -196.19532775878906, -0.17366760969161987, 237.65924072265625
-0.9003205299377441, 3.0513267517089844, 3.523042917251587, -197.07545471191406, -0.16534483432769775, 238.37571716308594
-0.9079318046569824, 3.06499981880188, 3.5346245765686035, -197.96363830566406, -0.16198070347309113, 239.08909606933594
-0.9119737148284912, 3.077362537384033, 3.55070161819458, -198.85772705078125, -0.15434406697750092, 239.80055236816406
-0.9193861484527588, 3.0878236293792725, 3.5620086193084717, -199.75392150878906, -0.15312346816062927, 240.5029296875
-0.9293906688690186, 3.1009435653686523, 3.5744147300720215, -200.65118408203125, -0.153509721159935, 241.19664001464844
-0.9338090419769287, 3.1141855716705322, 3.5850284099578857, -201.54501342773438, -0.15761403739452362, 241.8697967529297
-0.9401185512542725, 3.1327462196350098, 3.5979526042938232, -202.44281005859375, -0.16751167178153992, 242.54026794433594
-0.9469873905181885, 3.147214651107788, 3.6108720302581787, -203.35313415527344, -0.1825074851512909, 243.2046661376953
-0.9545745849609375, 3.156174659729004, 3.6258938312530518, -204.2711639404297, -0.19409213960170746, 243.87127685546875
-0.9636270999908447, 3.165255308151245, 3.643117904663086, -205.18948364257812, -0.20751722157001495, 244.528076171875
-0.9708287715911865, 3.175309896469116, 3.658820390701294, -206.11782836914062, -0.22931663691997528, 245.18077087402344
-0.9779460430145264, 3.1869142055511475, 3.6787219047546387, -207.05630493164062, -0.24491234123706818, 245.83641052246094
-0.9841513633728027, 3.1999590396881104, 3.6888163089752197, -208.0017547607422, -0.260298490524292, 246.4720458984375
-0.9913685321807861, 3.213521957397461, 3.6999738216400146, -208.9452667236328, -0.26487964391708374, 247.0965576171875
-0.9952123165130615, 3.225548505783081, 3.7086665630340576, -209.89520263671875, -0.27104082703590393, 247.71142578125
-1.0010085105895996, 3.237600564956665, 3.723036050796509, -210.846435546875, -0.2761590778827667, 248.33145141601562
-1.0102512836456299, 3.249000072479248, 3.7389259338378906, -211.8080291748047, -0.28264155983924866, 248.9527130126953
-1.0156354904174805, 3.2653472423553467, 3.757763385772705, -212.76951599121094, -0.2924225926399231, 249.5615997314453
-1.0227792263031006, 3.2787184715270996, 3.776202440261841, -213.7353057861328, -0.3099292516708374, 250.1591339111328
-1.028651475906372, 3.2856433391571045, 3.790379524230957, -214.70335388183594, -0.32624533772468567, 250.74554443359375
-1.0400621891021729, 3.296851873397827, 3.802793502807617, -215.67007446289062, -0.33809611201286316, 251.32762145996094
-1.0540149211883545, 3.3083081245422363, 3.8136491775512695, -216.64134216308594, -0.34486278891563416, 251.90057373046875
-1.0710139274597168, 3.316906690597534, 3.8202621936798096, -217.61663818359375, -0.35299548506736755, 252.45950317382812
-1.0809576511383057, 3.327497720718384, 3.826962947845459, -218.59719848632812, -0.3605659008026123, 253.003173828125
-1.0889675617218018, 3.3361010551452637, 3.8350203037261963, -219.5896759033203, -0.368781715631485, 253.53700256347656
-1.09287428855896, 3.346457004547119, 3.8467020988464355, -220.5909423828125, -0.37646594643592834, 254.0618133544922
-1.0963451862335205, 3.361327886581421, 3.8607676029205322, -221.5987548828125, -0.3790940046310425, 254.5868377685547
-1.1025450229644775, 3.37778639793396, 3.882963180541992, -222.6066131591797, -0.38056254386901855, 255.11085510253906
-1.1075377464294434, 3.3904240131378174, 3.9006969928741455, -223.61770629882812, -0.38839852809906006, 255.62725830078125
-1.1103746891021729, 3.3992526531219482, 3.916393995285034, -224.6393280029297, -0.39203500747680664, 256.13507080078125
-1.1145427227020264, 3.4064881801605225, 3.9293928146362305, -225.6598358154297, -0.39176562428474426, 256.6428527832031
-1.1205055713653564, 3.4097204208374023, 3.938556671142578, -226.68179321289062, -0.3986450433731079, 257.1444396972656
-1.1265451908111572, 3.417159080505371, 3.9538185596466064, -227.71121215820312, -0.39855438470840454, 257.6445007324219
-1.1340765953063965, 3.427119255065918, 3.96988844871521, -228.7537384033203, -0.39992257952690125, 258.1474609375
-1.1398274898529053, 3.439913034439087, 3.990786075592041, -229.79934692382812, -0.4019201099872589, 258.6421203613281
-1.1441617012023926, 3.455087423324585, 4.013597011566162, -230.84671020507812, -0.4043862819671631, 259.1295166015625
-1.1526485681533813, 3.4731390476226807, 4.036714553833008, -231.90174865722656, -0.4091729521751404, 259.6172180175781
-1.1583006381988525, 3.4871485233306885, 4.058621406555176, -232.96337890625, -0.41923269629478455, 260.0923767089844
-1.1633281707763672, 3.4997072219848633, 4.079160213470459, -234.0250701904297, -0.4279777705669403, 260.5583801269531
-1.1710214614868164, 3.509840488433838, 4.101537704467773, -235.08409118652344, -0.44328877329826355, 261.01953125
-1.1796835660934448, 3.5148847103118896, 4.12058687210083, -236.1420440673828, -0.454338937997818, 261.47467041015625
-1.194993495941162, 3.523385524749756, 4.13676643371582, -237.20045471191406, -0.4680357575416565, 261.9133605957031
-1.2060195207595825, 3.5325894355773926, 4.152389049530029, -238.25762939453125, -0.4879487156867981, 262.33734130859375
-1.2201968431472778, 3.5415515899658203, 4.165558338165283, -239.31903076171875, -0.5009872913360596, 262.75323486328125
-1.2347431182861328, 3.5482044219970703, 4.17851448059082, -240.38470458984375, -0.5081866383552551, 263.1583557128906
-1.2501299381256104, 3.5607755184173584, 4.189640045166016, -241.45314025878906, -0.516771674156189, 263.5450134277344
-1.2616990804672241, 3.5784783363342285, 4.20551061630249, -242.5337371826172, -0.5294238924980164, 263.9211730957031
-1.2706762552261353, 3.5958120822906494, 4.2239508628845215, -243.6194610595703, -0.5461770296096802, 264.2874755859375
-1.2805956602096558, 3.617577075958252, 4.234191417694092, -244.70506286621094, -0.5582277178764343, 264.64141845703125
-1.2848355770111084, 3.6417500972747803, 4.24755859375, -245.80001831054688, -0.5750563144683838, 264.9849548339844
-1.2919037342071533, 3.666532278060913, 4.260015487670898, -246.8980712890625, -0.5862366557121277, 265.3211364746094
-1.2977869510650635, 3.6896231174468994, 4.271875381469727, -247.99716186523438, -0.5920650959014893, 265.6361083984375
-1.304128646850586, 3.709817886352539, 4.28088903427124, -249.09349060058594, -0.5961346626281738, 265.9485778808594
-1.3108330965042114, 3.72601318359375, 4.293281555175781, -250.187744140625, -0.6020441055297852, 266.2523498535156
-1.3193072080612183, 3.7408905029296875, 4.304276943206787, -251.2779541015625, -0.6158580780029297, 266.5564880371094
-1.329085111618042, 3.7528600692749023, 4.313106060028076, -252.36610412597656, -0.6274426579475403, 266.8548583984375
-1.34177565574646, 3.7680535316467285, 4.330383777618408, -253.45840454101562, -0.6448906064033508, 267.1380310058594
-1.3556427955627441, 3.7836101055145264, 4.346345901489258, -254.5516357421875, -0.659701406955719, 267.4056091308594
-1.3678967952728271, 3.800837278366089, 4.366471290588379, -255.65147399902344, -0.6726738810539246, 267.6551208496094
-1.3863575458526611, 3.8140790462493896, 4.3923258781433105, -256.75341796875, -0.6847178936004639, 267.8922424316406
-1.4043415784835815, 3.823896884918213, 4.417717933654785, -257.85491943359375, -0.6964389085769653, 268.113037109375
-1.4195163249969482, 3.8336362838745117, 4.437803745269775, -258.96173095703125, -0.7077800631523132, 268.3206787109375
-1.4357495307922363, 3.849841356277466, 4.45753288269043, -260.06915283203125, -0.7114529013633728, 268.51202392578125
-1.4532015323638916, 3.8653252124786377, 4.477874755859375, -261.17889404296875, -0.7100173234939575, 268.6926574707031
-1.4671350717544556, 3.8812410831451416, 4.499774932861328, -262.2931823730469, -0.707930862903595, 268.8490905761719
-1.4778398275375366, 3.900470495223999, 4.523702144622803, -263.4107666015625, -0.706640362739563, 268.99212646484375
-1.4849127531051636, 3.9144158363342285, 4.541172981262207, -264.51995849609375, -0.7052518725395203, 269.1250915527344
-1.4938688278198242, 3.9307727813720703, 4.559262275695801, -265.6284484863281, -0.7043434381484985, 269.25445556640625
-1.5006486177444458, 3.944185256958008, 4.579681396484375, -266.7425537109375, -0.7048146724700928, 269.375244140625
-1.5028318166732788, 3.956814765930176, 4.604071617126465, -267.86083984375, -0.7065904140472412, 269.48553466796875
-1.5013530254364014, 3.9692156314849854, 4.626547336578369, -268.9858093261719, -0.7029818892478943, 269.603515625
-1.4998371601104736, 3.9847755432128906, 4.649604320526123, -270.12396240234375, -0.7016189098358154, 269.71551513671875
-1.5025749206542969, 4.00231409072876, 4.669743061065674, -271.2647399902344, -0.6993489265441895, 269.8251953125
-1.5053298473358154, 4.017293930053711, 4.684133529663086, -272.40673828125, -0.6994259357452393, 269.92431640625
-1.5108052492141724, 4.033276557922363, 4.696834087371826, -273.54412841796875, -0.6938629746437073, 270.01690673828125
-1.5137885808944702, 4.05206823348999, 4.70934534072876, -274.6810302734375, -0.6939254403114319, 270.1056823730469
-1.5137296915054321, 4.076820373535156, 4.725417613983154, -275.80615234375, -0.6986178755760193, 270.1937255859375
-1.5114264488220215, 4.1037139892578125, 4.741206169128418, -276.9277648925781, -0.7080318927764893, 270.2764587402344
-1.5048748254776, 4.124081134796143, 4.757837772369385, -278.0491027832031, -0.7156840562820435, 270.3659362792969
-1.4990663528442383, 4.143989086151123, 4.777950763702393, -279.16949462890625, -0.7198441624641418, 270.4622497558594
-1.4917495250701904, 4.1637396812438965, 4.796971797943115, -280.28802490234375, -0.7249454259872437, 270.55908203125
-1.4831324815750122, 4.182024955749512, 4.820638179779053, -281.40191650390625, -0.7239559888839722, 270.66387939453125
-1.4783025979995728, 4.195625305175781, 4.840982913970947, -282.5082092285156, -0.7167494893074036, 270.7810363769531
-1.4733933210372925, 4.213604927062988, 4.8635663986206055, -283.6161804199219, -0.7093342542648315, 270.8999328613281
-1.4685477018356323, 4.2264485359191895, 4.887437343597412, -284.7263488769531, -0.6999594569206238, 271.0314636230469
-1.4635529518127441, 4.236527442932129, 4.90562105178833, -285.83843994140625, -0.6949586868286133, 271.1646423339844
-1.4630107879638672, 4.2470903396606445, 4.922725200653076, -286.9617004394531, -0.6909805536270142, 271.3016662597656
-1.4625014066696167, 4.2573323249816895, 4.943948268890381, -288.0880126953125, -0.6874671578407288, 271.43609619140625
-1.4646506309509277, 4.267737865447998, 4.9636054039001465, -289.218505859375, -0.6807141304016113, 271.5678405761719
-1.4654285907745361, 4.2776594161987305, 4.985761642456055, -290.3506774902344, -0.6749480962753296, 271.6923522949219
-1.4707465171813965, 4.28671932220459, 5.005231857299805, -291.4737243652344, -0.6679919362068176, 271.81536865234375
-1.4744280576705933, 4.295332908630371, 5.02074670791626, -292.5962829589844, -0.6640438437461853, 271.9299621582031
-1.4817148447036743, 4.307330131530762, 5.03761100769043, -293.7195129394531, -0.6569060683250427, 272.0440368652344
-1.4874002933502197, 4.319316864013672, 5.056850433349609, -294.8438415527344, -0.6539700627326965, 272.1531066894531
-1.494737982749939, 4.329111099243164, 5.073967933654785, -295.972412109375, -0.6524918079376221, 272.2502746582031
-1.5023870468139648, 4.338876247406006, 5.090123653411865, -297.099853515625, -0.6451122760772705, 272.33172607421875
-1.5082670450210571, 4.349142074584961, 5.1092915534973145, -298.2247619628906, -0.6428969502449036, 272.4063720703125
-1.5158040523529053, 4.359076499938965, 5.130526065826416, -299.3566589355469, -0.6419958472251892, 272.4742736816406
-1.5211776494979858, 4.367306232452393, 5.154191970825195, -300.4920654296875, -0.6473976373672485, 272.53460693359375
-1.5277695655822754, 4.3823466300964355, 5.17379093170166, -301.6283874511719, -0.6500586867332458, 272.58880615234375
-1.5346386432647705, 4.40165901184082, 5.193919658660889, -302.7662353515625, -0.6509284973144531, 272.6388244628906
-1.5338051319122314, 4.423930644989014, 5.213148593902588, -303.90863037109375, -0.6492482423782349, 272.6842346191406
-1.5294986963272095, 4.4460883140563965, 5.23144006729126, -305.05267333984375, -0.6465321779251099, 272.73797607421875
-1.524532437324524, 4.464498043060303, 5.2543535232543945, -306.19879150390625, -0.646250307559967, 272.8014831542969
-1.5202457904815674, 4.482352256774902, 5.280761241912842, -307.3427734375, -0.6372998356819153, 272.8772888183594
-1.5172852277755737, 4.499635219573975, 5.306632995605469, -308.4830017089844, -0.6301113367080688, 272.9523010253906
-1.5137944221496582, 4.517548084259033, 5.327979564666748, -309.6273193359375, -0.628005862236023, 273.02978515625
-1.5113582611083984, 4.532510757446289, 5.346275329589844, -310.76922607421875, -0.6179224252700806, 273.11285400390625
-1.507570743560791, 4.550126552581787, 5.363094329833984, -311.9125061035156, -0.6084059476852417, 273.1962585449219
-1.5007797479629517, 4.567211151123047, 5.378513336181641, -313.056640625, -0.6101216673851013, 273.27679443359375
-1.5001063346862793, 4.584556579589844, 5.3982930183410645, -314.2100524902344, -0.6102475523948669, 273.3622741699219
-1.5003564357757568, 4.602643966674805, 5.418551445007324, -315.3605651855469, -0.6058884263038635, 273.4437561035156
-1.502069354057312, 4.621553897857666, 5.43159294128418, -316.5033874511719, -0.6032726764678955, 273.52734375
-1.5066354274749756, 4.637573719024658, 5.449414253234863, -317.6441955566406, -0.5982242822647095, 273.6142578125
-1.5078537464141846, 4.651948928833008, 5.460228443145752, -318.78338623046875, -0.5981181859970093, 273.6941833496094
-1.5087918043136597, 4.666252613067627, 5.473516464233398, -319.9281311035156, -0.6015403270721436, 273.77178955078125
-1.5102148056030273, 4.680514812469482, 5.48869514465332, -321.07684326171875, -0.6086617708206177, 273.849365234375
-1.5128785371780396, 4.698976993560791, 5.504122734069824, -322.2303161621094, -0.6159623265266418, 273.92999267578125
-1.5123153924942017, 4.7218756675720215, 5.518168926239014, -323.3799743652344, -0.6211861968040466, 274.00518798828125
-1.509783387184143, 4.742753028869629, 5.53620719909668, -324.53173828125, -0.6230278611183167, 274.0791931152344
-1.5046136379241943, 4.763749599456787, 5.558846473693848, -325.6799011230469, -0.621152937412262, 274.1609802246094
-1.5009922981262207, 4.783252716064453, 5.576327323913574, -326.81903076171875, -0.6215049028396606, 274.2464599609375
-1.4958888292312622, 4.804346084594727, 5.596673488616943, -327.95404052734375, -0.6161347031593323, 274.3349914550781
-1.4923230409622192, 4.820868492126465, 5.620248794555664, -329.0872802734375, -0.6119638681411743, 274.4367370605469
-1.4912679195404053, 4.836730480194092, 5.642154693603516, -330.2203674316406, -0.6057912111282349, 274.5475769042969
-1.4900959730148315, 4.8518967628479, 5.661623954772949, -331.3546142578125, -0.6005391478538513, 274.65960693359375
-1.4851834774017334, 4.86782169342041, 5.675630569458008, -332.4950866699219, -0.5974703431129456, 274.7768859863281
-1.481122374534607, 4.883203506469727, 5.689066410064697, -333.63494873046875, -0.596306562423706, 274.8973388671875
-1.4771833419799805, 4.901872158050537, 5.7037787437438965, -334.7823181152344, -0.5978721380233765, 275.02313232421875
-1.4714373350143433, 4.918881416320801, 5.715699195861816, -335.9288024902344, -0.5988137722015381, 275.1495361328125
-1.4659693241119385, 4.935120105743408, 5.725637912750244, -337.07196044921875, -0.6000891327857971, 275.2822265625
-1.4580646753311157, 4.948333740234375, 5.740925312042236, -338.21356201171875, -0.6049697995185852, 275.417236328125
-1.4524959325790405, 4.96095609664917, 5.757495403289795, -339.3551025390625, -0.6100525856018066, 275.55767822265625
-1.4462639093399048, 4.967875957489014, 5.7720842361450195, -340.5061950683594, -0.6173704266548157, 275.7048034667969
-1.440453052520752, 4.970906734466553, 5.785387992858887, -341.653076171875, -0.6253927946090698, 275.85760498046875
-1.4375861883163452, 4.978282451629639, 5.799290180206299, -342.7947998046875, -0.6267075538635254, 276.0141296386719
-1.43893563747406, 4.988224506378174, 5.81301736831665, -343.9295959472656, -0.6236900091171265, 276.17340087890625
-1.4433021545410156, 4.998281955718994, 5.827655792236328, -345.0686340332031, -0.619375467300415, 276.3356628417969
-1.44712233543396, 5.009013652801514, 5.848159313201904, -346.20770263671875, -0.6210035681724548, 276.49713134765625
-1.4532146453857422, 5.026200294494629, 5.867425918579102, -347.3431396484375, -0.6265048384666443, 276.6492614746094
-1.45927095413208, 5.0416107177734375, 5.886941432952881, -348.4781188964844, -0.6342002749443054, 276.79052734375
-1.468849778175354, 5.055428504943848, 5.906052112579346, -349.6197204589844, -0.63868248462677, 276.9297180175781
-1.4792585372924805, 5.062045574188232, 5.920830726623535, -350.75799560546875, -0.6411568522453308, 277.06146240234375
-1.4873359203338623, 5.067209243774414, 5.9350457191467285, -351.9017639160156, -0.6426944732666016, 277.18157958984375
-1.4957000017166138, 5.076928615570068, 5.948678970336914, -353.040771484375, -0.6440278887748718, 277.2892761230469
-1.5020573139190674, 5.08981990814209, 5.95786714553833, -354.1760559082031, -0.6418866515159607, 277.3831787109375
-1.5101908445358276, 5.103666305541992, 5.97111701965332, -355.30999755859375, -0.6360623240470886, 277.47125244140625
-1.518545389175415, 5.1174702644348145, 5.988016128540039, -356.44873046875, -0.6346139907836914, 277.54852294921875
-1.528230905532837, 5.135014057159424, 6.0049614906311035, -357.5901794433594, -0.6311601996421814, 277.6167907714844
-1.5377106666564941, 5.1478447914123535, 6.020402908325195, -358.7286376953125, -0.6282899379730225, 277.6764831542969
-1.5473511219024658, 5.163618087768555, 6.036127090454102, -359.86181640625, -0.6215423941612244, 277.725341796875
-1.5566264390945435, 5.172721862792969, 6.047372817993164, -360.998291015625, -0.6141218543052673, 277.75848388671875
-1.5647021532058716, 5.183656215667725, 6.0535993576049805, -362.12811279296875, -0.6090614795684814, 277.7803039550781
-1.5765893459320068, 5.196547508239746, 6.0626301765441895, -363.258544921875, -0.5999764204025269, 277.788330078125
-1.5938642024993896, 5.207589149475098, 6.073405742645264, -364.38958740234375, -0.5965051651000977, 277.7809143066406
-1.6105319261550903, 5.219048500061035, 6.088255882263184, -365.5299987792969, -0.598705530166626, 277.7532653808594
-1.6240818500518799, 5.231296062469482, 6.098184108734131, -366.66571044921875, -0.6008141040802002, 277.7147216796875
-1.635812759399414, 5.248210430145264, 6.108585357666016, -367.79742431640625, -0.5998156666755676, 277.66455078125
-1.6466962099075317, 5.265794277191162, 6.123647212982178, -368.9377136230469, -0.5993674993515015, 277.5965576171875
-1.6569151878356934, 5.279702186584473, 6.135433673858643, -370.0719909667969, -0.5949246883392334, 277.5111389160156
-1.6625738143920898, 5.294639587402344, 6.1425957679748535, -371.21209716796875, -0.584084689617157, 277.410888671875
-1.6687177419662476, 5.307735919952393, 6.14876127243042, -372.35845947265625, -0.5805869102478027, 277.30364990234375
-1.670348882675171, 5.317588806152344, 6.157479286193848, -373.5015869140625, -0.5799727439880371, 277.1885070800781
-1.67331862449646, 5.32586145401001, 6.1666259765625, -374.6451721191406, -0.5859293341636658, 277.0685729980469
-1.6787760257720947, 5.337917804718018, 6.175831317901611, -375.7938232421875, -0.5958496928215027, 276.9413146972656
-1.6850080490112305, 5.343898773193359, 6.183995246887207, -376.940673828125, -0.6048378944396973, 276.80755615234375
-1.6909252405166626, 5.351701259613037, 6.19072151184082, -378.08154296875, -0.6080076694488525, 276.6689147949219
-1.6920679807662964, 5.362656116485596, 6.196613311767578, -379.22100830078125, -0.6106711030006409, 276.52301025390625
-1.6931105852127075, 5.376163005828857, 6.2013115882873535, -380.3530578613281, -0.6099362969398499, 276.37921142578125
-1.6946126222610474, 5.385836124420166, 6.207650184631348, -381.4845275878906, -0.6094256043434143, 276.2350769042969
-1.7024695873260498, 5.3977766036987305, 6.218865871429443, -382.6191101074219, -0.6108858585357666, 276.0828552246094
-1.7100377082824707, 5.414090633392334, 6.230860233306885, -383.76031494140625, -0.6120580434799194, 275.9254455566406
-1.7147139310836792, 5.4296746253967285, 6.242629051208496, -384.9036560058594, -0.609450101852417, 275.766357421875
-1.7217353582382202, 5.440112113952637, 6.253664493560791, -386.0418395996094, -0.6026470065116882, 275.5966491699219
-1.7305378913879395, 5.4564619064331055, 6.264939785003662, -387.17608642578125, -0.5941544771194458, 275.4232177734375
-1.736485481262207, 5.472416877746582, 6.274778366088867, -388.31463623046875, -0.5853233933448792, 275.239990234375
-1.7434136867523193, 5.485264301300049, 6.2872724533081055, -389.4471130371094, -0.5706596970558167, 275.0534973144531
-1.7489312887191772, 5.500178337097168, 6.302195072174072, -390.5757751464844, -0.5599924921989441, 274.8628234863281
-1.7549757957458496, 5.509947776794434, 6.317697048187256, -391.70831298828125, -0.5464497804641724, 274.6600036621094
-1.7574297189712524, 5.513885974884033, 6.333074569702148, -392.8381652832031, -0.5283976197242737, 274.4583435058594
-1.758196234703064, 5.510727882385254, 6.345181941986084, -393.9637145996094, -0.512571394443512, 274.25128173828125
-1.7595466375350952, 5.509940147399902, 6.35850191116333, -395.08984375, -0.493831604719162, 274.0426025390625
-1.7638667821884155, 5.512203693389893, 6.36861515045166, -396.2196044921875, -0.4754301905632019, 273.8297119140625
-1.7683525085449219, 5.514857769012451, 6.378598213195801, -397.3519592285156, -0.45574620366096497, 273.6056213378906
-1.7745685577392578, 5.516299247741699, 6.386247634887695, -398.4883728027344, -0.4319966435432434, 273.3695068359375
-1.7797969579696655, 5.519171714782715, 6.398682594299316, -399.62713623046875, -0.41239169239997864, 273.1298522949219
-1.784359097480774, 5.524440765380859, 6.415494441986084, -400.7626647949219, -0.39153748750686646, 272.883056640625
-1.7869395017623901, 5.535221576690674, 6.434383869171143, -401.8961486816406, -0.37287378311157227, 272.6294860839844
-1.790361762046814, 5.548258304595947, 6.453131675720215, -403.02728271484375, -0.35391589999198914, 272.3733825683594
-1.7945284843444824, 5.562679767608643, 6.471035957336426, -404.1604309082031, -0.33989426493644714, 272.11224365234375
-1.7982659339904785, 5.579704284667969, 6.487585067749023, -405.28887939453125, -0.32536962628364563, 271.8500061035156
-1.79996657371521, 5.596968173980713, 6.503501892089844, -406.4128112792969, -0.3102089762687683, 271.58746337890625
-1.8007184267044067, 5.6119794845581055, 6.516054153442383, -407.536376953125, -0.2931947708129883, 271.3196105957031
-1.805283784866333, 5.6274847984313965, 6.526956558227539, -408.6576232910156, -0.27169662714004517, 271.0516662597656
-1.8080743551254272, 5.64284086227417, 6.535752296447754, -409.7738342285156, -0.25697633624076843, 270.7713623046875
-1.8147693872451782, 5.658407688140869, 6.541965484619141, -410.8874816894531, -0.24630139768123627, 270.4884948730469
-1.822838306427002, 5.6721296310424805, 6.546219825744629, -411.9975891113281, -0.23694853484630585, 270.2038269042969
-1.8292323350906372, 5.684690952301025, 6.546292304992676, -413.10089111328125, -0.2303069829940796, 269.9125061035156
-1.8359428644180298, 5.701346397399902, 6.548948287963867, -414.20263671875, -0.2339649498462677, 269.6145324707031
-1.842231035232544, 5.72391939163208, 6.552744388580322, -415.2984924316406, -0.23627671599388123, 269.3101501464844
-1.8460360765457153, 5.743910312652588, 6.553576946258545, -416.3919982910156, -0.24454401433467865, 268.99237060546875
-1.8496431112289429, 5.760841369628906, 6.556849956512451, -417.4873046875, -0.25030067563056946, 268.6636962890625
-1.8563590049743652, 5.7719926834106445, 6.558895111083984, -418.5719909667969, -0.2509165108203888, 268.33575439453125
-1.8631600141525269, 5.778907775878906, 6.562747478485107, -419.6528015136719, -0.2513847351074219, 268.00103759765625
-1.8674901723861694, 5.788200378417969, 6.5711846351623535, -420.7341613769531, -0.25239717960357666, 267.6617126464844
-1.86812162399292, 5.79634952545166, 6.580191135406494, -421.823486328125, -0.25535866618156433, 267.31988525390625
-1.87021803855896, 5.804233074188232, 6.584140300750732, -422.9142150878906, -0.25486645102500916, 266.9809875488281
-1.8682948350906372, 5.807538986206055, 6.584380149841309, -424.0115051269531, -0.25375017523765564, 266.6358337402344
-1.8674033880233765, 5.809118270874023, 6.589040756225586, -425.1112060546875, -0.2524705231189728, 266.29461669921875
-1.8689121007919312, 5.81577205657959, 6.595032691955566, -426.2171936035156, -0.2470312863588333, 265.9508361816406
-1.8728795051574707, 5.825117111206055, 6.60396671295166, -427.3150939941406, -0.2454487830400467, 265.60888671875
-1.8791323900222778, 5.832400798797607, 6.616479396820068, -428.4170227050781, -0.24381880462169647, 265.26556396484375
-1.8849315643310547, 5.838848114013672, 6.625993251800537, -429.520751953125, -0.2473945915699005, 264.9158630371094
-1.8905913829803467, 5.849546432495117, 6.632685661315918, -430.62371826171875, -0.24816648662090302, 264.5582275390625
-1.8984748125076294, 5.8573760986328125, 6.638820648193359, -431.72918701171875, -0.24974220991134644, 264.19036865234375
-1.9030227661132812, 5.867251396179199, 6.648526668548584, -432.83648681640625, -0.24822179973125458, 263.8101501464844
-1.906386137008667, 5.873239517211914, 6.656642913818359, -433.93682861328125, -0.24526633322238922, 263.42974853515625
-1.9079996347427368, 5.879382610321045, 6.6675567626953125, -435.0372314453125, -0.23580414056777954, 263.0480651855469
-1.912782073020935, 5.886595726013184, 6.677371025085449, -436.1327819824219, -0.23131489753723145, 262.6701965332031
-1.914768934249878, 5.89244270324707, 6.686423301696777, -437.2279357910156, -0.2261461615562439, 262.2893371582031
-1.9175876379013062, 5.896261215209961, 6.694351673126221, -438.324462890625, -0.21764785051345825, 261.90771484375
-1.9224928617477417, 5.901405334472656, 6.703393459320068, -439.4224853515625, -0.20420710742473602, 261.5157165527344
-1.9282176494598389, 5.906989097595215, 6.710972309112549, -440.5155944824219, -0.18990705907344818, 261.1165771484375
-1.9350988864898682, 5.914146900177002, 6.721717357635498, -441.6037292480469, -0.1745949387550354, 260.7199401855469
-1.9403926134109497, 5.926154613494873, 6.733019828796387, -442.6829528808594, -0.16369637846946716, 260.312744140625
-1.9440867900848389, 5.9402875900268555, 6.7430901527404785, -443.7571716308594, -0.15691149234771729, 259.8938903808594
-1.9499876499176025, 5.954678535461426, 6.74803352355957, -444.8257141113281, -0.14704415202140808, 259.4643249511719
-1.9558860063552856, 5.966520309448242, 6.754584789276123, -445.8858337402344, -0.14039823412895203, 259.0315246582031
-1.968194842338562, 5.974755764007568, 6.764933109283447, -446.9499206542969, -0.1353176087141037, 258.5897521972656
-1.9798225164413452, 5.983677387237549, 6.777358531951904, -448.0076599121094, -0.13136273622512817, 258.1347351074219
-1.990725040435791, 5.995764255523682, 6.79136848449707, -449.0582580566406, -0.12699361145496368, 257.66943359375
-2.00065541267395, 6.007002353668213, 6.802638530731201, -450.0930480957031, -0.11836665123701096, 257.1961364746094
-2.010768413543701, 6.02158260345459, 6.815518856048584, -451.1269836425781, -0.10707204788923264, 256.7135009765625
-2.0234994888305664, 6.040004253387451, 6.830095291137695, -452.1617736816406, -0.09477615356445312, 256.2151184082031
-2.0358214378356934, 6.0553388595581055, 6.841655731201172, -453.19110107421875, -0.07956284284591675, 255.70333862304688
-2.051339626312256, 6.0701470375061035, 6.851701259613037, -454.2139587402344, -0.05994395911693573, 255.17886352539062
-2.0626823902130127, 6.08256196975708, 6.864355564117432, -455.2304382324219, -0.04299416020512581, 254.6421661376953
-2.0707907676696777, 6.094768047332764, 6.877732276916504, -456.2368469238281, -0.026060542091727257, 254.10206604003906
-2.0752971172332764, 6.108363628387451, 6.88850736618042, -457.2389221191406, -0.01518536452203989, 253.55323791503906
-2.0795159339904785, 6.124399185180664, 6.899601459503174, -458.2345275878906, -0.013563437387347221, 252.99412536621094
-2.0783019065856934, 6.137899875640869, 6.911743640899658, -459.2248840332031, -0.01002673152834177, 252.44126892089844
-2.079573154449463, 6.150476455688477, 6.9240803718566895, -460.22198486328125, -0.00794279482215643, 251.89125061035156
-2.0781707763671875, 6.167465686798096, 6.939366340637207, -461.2242126464844, -0.011206681840121746, 251.345947265625
-2.07462739944458, 6.186533451080322, 6.950120449066162, -462.2301025390625, -0.01573481410741806, 250.80096435546875
-2.066789150238037, 6.206915378570557, 6.9593424797058105, -463.2313537597656, -0.013946736231446266, 250.2628173828125
-2.0590710639953613, 6.2221903800964355, 6.968341827392578, -464.23114013671875, -0.013069617561995983, 249.72500610351562
-2.051177740097046, 6.240596294403076, 6.978538513183594, -465.24468994140625, -0.011060180142521858, 249.19395446777344
-2.0466666221618652, 6.255879878997803, 6.990636825561523, -466.2635192871094, -0.009369875304400921, 248.67428588867188
-2.0433874130249023, 6.266849517822266, 7.00288200378418, -467.2891845703125, -0.010607938282191753, 248.16549682617188
-2.0392301082611084, 6.282860279083252, 7.017373561859131, -468.3221740722656, -0.018935412168502808, 247.657958984375
-2.0399837493896484, 6.293738842010498, 7.030905246734619, -469.354248046875, -0.029214244335889816, 247.14889526367188
-2.0404179096221924, 6.307481288909912, 7.041820526123047, -470.38165283203125, -0.04275369271636009, 246.63180541992188
-2.0473783016204834, 6.314027309417725, 7.054213047027588, -471.4130554199219, -0.05202855169773102, 246.11111450195312
-2.060286283493042, 6.316990852355957, 7.068490028381348, -472.4427185058594, -0.061285171657800674, 245.58677673339844
-2.0725338459014893, 6.327178001403809, 7.085656642913818, -473.4646301269531, -0.06671635806560516, 245.0405731201172
-2.080349922180176, 6.338483810424805, 7.102949142456055, -474.4837951660156, -0.07016013562679291, 244.48374938964844
-2.085124969482422, 6.354968547821045, 7.122439861297607, -475.4997253417969, -0.07336565852165222, 243.92657470703125
-2.0863146781921387, 6.37053918838501, 7.140148162841797, -476.51513671875, -0.07504991441965103, 243.36563110351562
-2.0852770805358887, 6.385651588439941, 7.155913352966309, -477.52117919921875, -0.07562781870365143, 242.79737854003906
-2.0883851051330566, 6.398386478424072, 7.17144250869751, -478.5198059082031, -0.07032633572816849, 242.2338104248047
-2.0858991146087646, 6.410822868347168, 7.184107303619385, -479.5181884765625, -0.06675371527671814, 241.66372680664062
-2.0833373069763184, 6.420102119445801, 7.199696063995361, -480.5233459472656, -0.05881741642951965, 241.0875244140625
-2.0812339782714844, 6.4296698570251465, 7.211981773376465, -481.5330505371094, -0.05294188857078552, 240.51708984375
-2.0812177658081055, 6.4376420974731445, 7.222971439361572, -482.54119873046875, -0.04607582464814186, 239.95326232910156
-2.0877249240875244, 6.44112491607666, 7.2319207191467285, -483.54437255859375, -0.036101605743169785, 239.38302612304688
-2.0955111980438232, 6.4406256675720215, 7.24418830871582, -484.54449462890625, -0.03160536661744118, 238.80943298339844
-2.1032278537750244, 6.443060874938965, 7.25779914855957, -485.53851318359375, -0.028077002614736557, 238.2294921875
-2.1081676483154297, 6.445800304412842, 7.269713401794434, -486.5197448730469, -0.01884438283741474, 237.64512634277344
-2.11352801322937, 6.454588890075684, 7.287195205688477, -487.5032043457031, -0.015345953404903412, 237.0535125732422
-2.116739273071289, 6.464299201965332, 7.301894664764404, -488.48077392578125, -0.012641179375350475, 236.45167541503906
-2.1159963607788086, 6.4783616065979, 7.319373607635498, -489.45849609375, -0.010223702527582645, 235.84852600097656
-2.113723039627075, 6.489601135253906, 7.334417819976807, -490.4336853027344, -0.005056450143456459, 235.2504425048828
-2.1106717586517334, 6.498114585876465, 7.351314544677734, -491.4129333496094, 0.0016671521589159966, 234.65321350097656
-2.111442804336548, 6.505645751953125, 7.368354320526123, -492.3895568847656, 0.01195731945335865, 234.06594848632812
-2.113138437271118, 6.511030673980713, 7.383506774902344, -493.3609313964844, 0.022098712623119354, 233.48138427734375
-2.117478609085083, 6.513713836669922, 7.398377418518066, -494.3214111328125, 0.02879299968481064, 232.90298461914062
-2.1222171783447266, 6.517353057861328, 7.410518169403076, -495.28106689453125, 0.038081564009189606, 232.3266143798828
-2.127598762512207, 6.521799564361572, 7.424008369445801, -496.24163818359375, 0.041330426931381226, 231.74668884277344
-2.137380599975586, 6.527802467346191, 7.43892765045166, -497.20574951171875, 0.05324354022741318, 231.16371154785156
-2.147723436355591, 6.532607555389404, 7.459446430206299, -498.1733703613281, 0.05893037095665932, 230.56211853027344
-2.1598339080810547, 6.53850793838501, 7.482851982116699, -499.134033203125, 0.0667363777756691, 229.95077514648438
-2.1680943965911865, 6.542533874511719, 7.505191326141357, -500.0948486328125, 0.06681812554597855, 229.32266235351562
-2.1780920028686523, 6.540834426879883, 7.51930046081543, -501.0384826660156, 0.07048346102237701, 228.68817138671875
-2.1869616508483887, 6.539338111877441, 7.533147811889648, -501.9752502441406, 0.0717257559299469, 228.0457305908203
-2.1978912353515625, 6.535913467407227, 7.546107292175293, -502.90899658203125, 0.0750659704208374, 227.40029907226562
-2.203692674636841, 6.533315658569336, 7.561522006988525, -503.83135986328125, 0.0812840461730957, 226.75064086914062
-2.208977222442627, 6.533676624298096, 7.580910682678223, -504.7545471191406, 0.08289022743701935, 226.0952911376953
-2.2156341075897217, 6.531497955322266, 7.6018781661987305, -505.6742248535156, 0.08000461757183075, 225.4406280517578
-2.222831964492798, 6.5224223136901855, 7.622511863708496, -506.59185791015625, 0.08072540163993835, 224.77879333496094
-2.228065013885498, 6.517178058624268, 7.644500255584717, -507.5104064941406, 0.08049044013023376, 224.10890197753906
-2.2329742908477783, 6.516671657562256, 7.664961814880371, -508.4275817871094, 0.08187408745288849, 223.43312072753906
-2.234524726867676, 6.5247483253479, 7.684481143951416, -509.3359680175781, 0.08674176782369614, 222.7479705810547
-2.240356922149658, 6.536757946014404, 7.703389644622803, -510.2418518066406, 0.08954154700040817, 222.0600128173828
-2.2448971271514893, 6.54619026184082, 7.719608783721924, -511.1360168457031, 0.08723794668912888, 221.36561584472656
-2.24731183052063, 6.559052467346191, 7.728912830352783, -512.0205688476562, 0.09041542559862137, 220.6680908203125
-2.2457642555236816, 6.5730671882629395, 7.740542888641357, -512.9021606445312, 0.088859423995018, 219.96800231933594
-2.252044200897217, 6.583483695983887, 7.751733779907227, -513.7769165039062, 0.08435875922441483, 219.26724243164062
-2.2597413063049316, 6.591007232666016, 7.758376598358154, -514.6511840820312, 0.08199089020490646, 218.5663604736328
-2.2607812881469727, 6.6020402908325195, 7.762348651885986, -515.5283813476562, 0.07589180022478104, 217.85675048828125
-2.2616238594055176, 6.6086201667785645, 7.772326946258545, -516.4111328125, 0.07558784633874893, 217.1479949951172
-2.260864019393921, 6.615911960601807, 7.783673286437988, -517.2918090820312, 0.07936745136976242, 216.4385986328125
-2.2643775939941406, 6.621892929077148, 7.799962997436523, -518.181396484375, 0.08205055445432663, 215.72430419921875
-2.26857852935791, 6.62498140335083, 7.818732738494873, -519.0667724609375, 0.0830727145075798, 215.0088348388672
-2.2715930938720703, 6.628133296966553, 7.83967924118042, -519.9465942382812, 0.08665511757135391, 214.29298400878906
-2.2767696380615234, 6.636105060577393, 7.862832546234131, -520.8193969726562, 0.09314041584730148, 213.57041931152344
-2.2822976112365723, 6.636815547943115, 7.8821492195129395, -521.6807250976562, 0.09967917948961258, 212.84542846679688
-2.2859442234039307, 6.643171310424805, 7.900722980499268, -522.5377807617188, 0.10331346839666367, 212.11245727539062
-2.2847394943237305, 6.646605014801025, 7.916666030883789, -523.3968505859375, 0.10680428147315979, 211.38023376464844
-2.2795960903167725, 6.652026653289795, 7.9288506507873535, -524.2547607421875, 0.10921834409236908, 210.64610290527344
-2.275407552719116, 6.6576924324035645, 7.943441390991211, -525.1196899414062, 0.11166244745254517, 209.9197998046875
-2.2716081142425537, 6.666433334350586, 7.956621170043945, -525.9881591796875, 0.1169181764125824, 209.1940460205078
-2.268929958343506, 6.677132606506348, 7.968024253845215, -526.8626098632812, 0.12306983023881912, 208.46502685546875
-2.2694931030273438, 6.6933465003967285, 7.980400562286377, -527.7559204101562, 0.1319984644651413, 207.73194885253906
-2.270634889602661, 6.714484214782715, 7.989871025085449, -528.6438598632812, 0.13787859678268433, 206.98867797851562
-2.275596857070923, 6.731609344482422, 7.998940944671631, -529.5238647460938, 0.151182621717453, 206.2460174560547
-2.279294967651367, 6.7479681968688965, 8.008885383605957, -530.3948974609375, 0.16240853071212769, 205.49661254882812
-2.282543659210205, 6.765682220458984, 8.014832496643066, -531.2565307617188, 0.16713657975196838, 204.74864196777344
-2.286069393157959, 6.778278827667236, 8.023712158203125, -532.113525390625, 0.17145147919654846, 204.00289916992188
-2.2862536907196045, 6.78367280960083, 8.033339500427246, -532.9733276367188, 0.18149790167808533, 203.25094604492188
-2.2937121391296387, 6.788403511047363, 8.045768737792969, -533.8399047851562, 0.19435666501522064, 202.49644470214844
-2.3017611503601074, 6.796933650970459, 8.057769775390625, -534.7017211914062, 0.20913764834403992, 201.7425537109375
-2.310420036315918, 6.807840347290039, 8.072318077087402, -535.5604248046875, 0.224801167845726, 200.9822998046875
-2.3189523220062256, 6.82055139541626, 8.08761978149414, -536.4102172851562, 0.2376951426267624, 200.21617126464844
-2.325725793838501, 6.832015037536621, 8.107688903808594, -537.254150390625, 0.24883270263671875, 199.4449005126953
-2.3309760093688965, 6.842854976654053, 8.123682022094727, -538.087890625, 0.2553347647190094, 198.66322326660156
-2.3375139236450195, 6.849008560180664, 8.141797065734863, -538.918212890625, 0.26291272044181824, 197.87278747558594
-2.347318410873413, 6.846150875091553, 8.158787727355957, -539.7432861328125, 0.2721579670906067, 197.07720947265625
-2.3543171882629395, 6.8461809158325195, 8.175318717956543, -540.5596313476562, 0.282176673412323, 196.27645874023438
-2.3601510524749756, 6.845860958099365, 8.191638946533203, -541.3682250976562, 0.29069796204566956, 195.4719696044922
-2.368683338165283, 6.843592643737793, 8.205602645874023, -542.16455078125, 0.3026919960975647, 194.66334533691406
-2.3808937072753906, 6.840743064880371, 8.21618366241455, -542.9528198242188, 0.31271281838417053, 193.84976196289062
-2.386948823928833, 6.838907241821289, 8.227060317993164, -543.7335205078125, 0.32213255763053894, 193.0286865234375
-2.3939919471740723, 6.840592861175537, 8.240999221801758, -544.5140991210938, 0.3334203064441681, 192.20565795898438
-2.398244619369507, 6.8428754806518555, 8.2579345703125, -545.289306640625, 0.34766885638237, 191.37965393066406
-2.401660203933716, 6.850184440612793, 8.273965835571289, -546.0682373046875, 0.36536622047424316, 190.54913330078125
-2.405428886413574, 6.8585638999938965, 8.292134284973145, -546.8474731445312, 0.38052770495414734, 189.7148895263672
-2.4123051166534424, 6.869349956512451, 8.307173728942871, -547.6224975585938, 0.3975999057292938, 188.88400268554688
-2.420793294906616, 6.879937648773193, 8.314227104187012, -548.38232421875, 0.40964239835739136, 188.0528564453125
-2.427400588989258, 6.891970634460449, 8.321721076965332, -549.1319580078125, 0.42475906014442444, 187.2140350341797
-2.4355785846710205, 6.902063369750977, 8.331733703613281, -549.8792724609375, 0.4351043403148651, 186.35716247558594
-2.445289373397827, 6.910744667053223, 8.34507942199707, -550.6167602539062, 0.44418829679489136, 185.48867797851562
-2.456385612487793, 6.913228988647461, 8.3587007522583, -551.3407592773438, 0.4470581114292145, 184.61080932617188
-2.467172622680664, 6.921715259552002, 8.368371963500977, -552.056640625, 0.4485001266002655, 183.72821044921875
-2.4732930660247803, 6.931349277496338, 8.382027626037598, -552.7648315429688, 0.4520593583583832, 182.8324737548828
-2.4800546169281006, 6.9422173500061035, 8.400898933410645, -553.470947265625, 0.45964139699935913, 181.93646240234375
-2.482224225997925, 6.951859474182129, 8.415753364562988, -554.166748046875, 0.4668780565261841, 181.03021240234375
-2.4830832481384277, 6.960788249969482, 8.432657241821289, -554.864013671875, 0.4775233864784241, 180.11729431152344
-2.4900481700897217, 6.966724395751953, 8.450543403625488, -555.5614624023438, 0.4901984632015228, 179.19728088378906
-2.496690511703491, 6.974179267883301, 8.468578338623047, -556.2529296875, 0.49860504269599915, 178.28160095214844
-2.500389814376831, 6.984643936157227, 8.485306739807129, -556.94287109375, 0.49963074922561646, 177.35696411132812
-2.497194528579712, 6.991992473602295, 8.504661560058594, -557.6329956054688, 0.5047651529312134, 176.41842651367188
-2.4955286979675293, 6.9997477531433105, 8.526324272155762, -558.3208618164062, 0.517277717590332, 175.48594665527344
-2.494325637817383, 7.0078511238098145, 8.542478561401367, -559.008544921875, 0.5291749835014343, 174.5516357421875
-2.4975409507751465, 7.016528129577637, 8.55883502960205, -559.694580078125, 0.5363283753395081, 173.62107849121094
-2.5037741661071777, 7.026254177093506, 8.57717514038086, -560.3873291015625, 0.542098343372345, 172.68429565429688
-2.508448839187622, 7.032087802886963, 8.599396705627441, -561.0697631835938, 0.5543023347854614, 171.74765014648438
-2.516040563583374, 7.0384979248046875, 8.622547149658203, -561.7520141601562, 0.5684118866920471, 170.81280517578125
-2.5267317295074463, 7.04482889175415, 8.647154808044434, -562.4239501953125, 0.5764248371124268, 169.8781280517578
-2.5324349403381348, 7.055825710296631, 8.669254302978516, -563.091064453125, 0.5903459787368774, 168.93238830566406
-2.532789707183838, 7.06525993347168, 8.687437057495117, -563.75, 0.5985608696937561, 167.9815216064453
-2.5356497764587402, 7.076419830322266, 8.704554557800293, -564.4119873046875, 0.6068809032440186, 167.0246124267578
-2.5456385612487793, 7.084995269775391, 8.718056678771973, -565.0658569335938, 0.6155264377593994, 166.06820678710938
-2.5539841651916504, 7.092945575714111, 8.733580589294434, -565.7009887695312, 0.6253483891487122, 165.11001586914062
-2.5628859996795654, 7.098371982574463, 8.748027801513672, -566.3291625976562, 0.6311469674110413, 164.15524291992188
-2.5690133571624756, 7.101407527923584, 8.762454986572266, -566.9442138671875, 0.6294142007827759, 163.1967010498047
-2.574997663497925, 7.101240634918213, 8.780156135559082, -567.5562744140625, 0.6291787624359131, 162.23715209960938
-2.580157995223999, 7.107444763183594, 8.796573638916016, -568.1640014648438, 0.6296017169952393, 161.27012634277344
-2.5851058959960938, 7.114162921905518, 8.815110206604004, -568.7620849609375, 0.6216965913772583, 160.29258728027344
-2.5917067527770996, 7.121585845947266, 8.829858779907227, -569.3487548828125, 0.613842785358429, 159.3220672607422
-2.596233606338501, 7.129035949707031, 8.841571807861328, -569.9335327148438, 0.6091961860656738, 158.3463134765625
-2.6004858016967773, 7.134116172790527, 8.856807708740234, -570.5184326171875, 0.6085324883460999, 157.37051391601562
-2.6034393310546875, 7.140668869018555, 8.87368106842041, -571.0941772460938, 0.6065975427627563, 156.39476013183594
-2.6065943241119385, 7.151338577270508, 8.887316703796387, -571.6638793945312, 0.601495623588562, 155.4152374267578
-2.6132748126983643, 7.160928726196289, 8.906319618225098, -572.2363891601562, 0.5984509587287903, 154.43533325195312
-2.6147613525390625, 7.173354148864746, 8.920851707458496, -572.8048706054688, 0.5933007597923279, 153.4489288330078
-2.616276979446411, 7.189908981323242, 8.935638427734375, -573.370361328125, 0.5932105183601379, 152.4611358642578
-2.6228554248809814, 7.206265926361084, 8.953938484191895, -573.9335327148438, 0.5975636839866638, 151.46815490722656
-2.628450393676758, 7.216730117797852, 8.971851348876953, -574.4901733398438, 0.5942815542221069, 150.47293090820312
-2.6357271671295166, 7.222034931182861, 8.985981941223145, -575.0467529296875, 0.5933976173400879, 149.47433471679688
-2.639585494995117, 7.226208209991455, 8.999019622802734, -575.5987548828125, 0.5900107026100159, 148.47378540039062
-2.6414427757263184, 7.228765487670898, 9.009851455688477, -576.1517944335938, 0.5840320587158203, 147.46441650390625
-2.6460678577423096, 7.231814384460449, 9.026935577392578, -576.7056884765625, 0.5807074904441833, 146.45314025878906
-2.644723415374756, 7.2365922927856445, 9.04326057434082, -577.2571411132812, 0.5806851983070374, 145.43841552734375
-2.6410186290740967, 7.23696231842041, 9.054990768432617, -577.8050537109375, 0.5851112008094788, 144.41993713378906
-2.6345601081848145, 7.243661880493164, 9.076394081115723, -578.3587646484375, 0.5915198922157288, 143.3985137939453
-2.631031036376953, 7.249804496765137, 9.096667289733887, -578.916748046875, 0.601507842540741, 142.38442993164062
-2.6303458213806152, 7.253556728363037, 9.117731094360352, -579.4866333007812, 0.6139132976531982, 141.37965393066406
-2.634889841079712, 7.261990070343018, 9.139116287231445, -580.0494384765625, 0.6170488595962524, 140.3754425048828
-2.6412956714630127, 7.273283004760742, 9.161372184753418, -580.606201171875, 0.6211353540420532, 139.37237548828125
-2.648041248321533, 7.285568714141846, 9.186643600463867, -581.161376953125, 0.6187108159065247, 138.36007690429688
-2.6541550159454346, 7.302786350250244, 9.206912994384766, -581.7053833007812, 0.62071692943573, 137.3359375
-2.657500743865967, 7.314009189605713, 9.226442337036133, -582.248291015625, 0.6212061643600464, 136.3010711669922
-2.6626369953155518, 7.33388090133667, 9.243358612060547, -582.7867431640625, 0.6239190101623535, 135.27069091796875
-2.6661550998687744, 7.3529791831970215, 9.258585929870605, -583.317626953125, 0.6233134865760803, 134.23545837402344
-2.6698966026306152, 7.3717827796936035, 9.268426895141602, -583.842529296875, 0.6228824853897095, 133.20938110351562
-2.6739704608917236, 7.383166790008545, 9.279730796813965, -584.3633422851562, 0.6249499917030334, 132.18690490722656
-2.679443120956421, 7.387934684753418, 9.291815757751465, -584.8824462890625, 0.6284643411636353, 131.16282653808594
-2.6888608932495117, 7.394676208496094, 9.306822776794434, -585.3977661132812, 0.6359806656837463, 130.13681030273438
-2.6978585720062256, 7.402254581451416, 9.328039169311523, -585.9028930664062, 0.6460366249084473, 129.10601806640625
-2.7080373764038086, 7.406386852264404, 9.345670700073242, -586.39306640625, 0.6563361287117004, 128.072021484375
-2.719020128250122, 7.41116189956665, 9.362481117248535, -586.8635864257812, 0.6708888411521912, 127.03764343261719
-2.727940320968628, 7.413403034210205, 9.38134479522705, -587.325439453125, 0.6880642771720886, 126.0040512084961
-2.7381558418273926, 7.416280746459961, 9.398487091064453, -587.7703247070312, 0.700710654258728, 124.9664535522461
-2.749143362045288, 7.422891616821289, 9.411736488342285, -588.2019653320312, 0.7145633697509766, 123.92707824707031
-2.758808135986328, 7.429797649383545, 9.422152519226074, -588.62353515625, 0.7287726402282715, 122.88196563720703
-2.771709680557251, 7.4380202293396, 9.431711196899414, -589.0320434570312, 0.7444316148757935, 121.8266830444336
-2.7848703861236572, 7.444514274597168, 9.445636749267578, -589.4273681640625, 0.7631390690803528, 120.76570129394531
-2.7946999073028564, 7.448573589324951, 9.45923900604248, -589.8072509765625, 0.7857727408409119, 119.69922637939453
-2.803173065185547, 7.451448440551758, 9.471818923950195, -590.1747436523438, 0.8033415079116821, 118.62593078613281
-2.811323642730713, 7.455395221710205, 9.479769706726074, -590.5341186523438, 0.8224000930786133, 117.55657196044922
-2.821049451828003, 7.461848258972168, 9.489378929138184, -590.880615234375, 0.8373096585273743, 116.48619079589844
-2.827934980392456, 7.469327449798584, 9.501659393310547, -591.2191162109375, 0.8427466750144958, 115.4181900024414
-2.832041025161743, 7.478039741516113, 9.517227172851562, -591.5535278320312, 0.8472380638122559, 114.34791564941406
-2.8327696323394775, 7.486854553222656, 9.533370971679688, -591.886474609375, 0.8453366160392761, 113.27472686767578
-2.832040309906006, 7.4927897453308105, 9.541702270507812, -592.2161254882812, 0.8377670049667358, 112.20793151855469
-2.835186004638672, 7.498294353485107, 9.550471305847168, -592.5490112304688, 0.8283260464668274, 111.12772369384766
-2.838533401489258, 7.503285884857178, 9.556260108947754, -592.8810424804688, 0.8179501295089722, 110.04051208496094
-2.8427016735076904, 7.510254859924316, 9.56229019165039, -593.2084350585938, 0.8046457171440125, 108.95323181152344
-2.8457956314086914, 7.516476631164551, 9.569329261779785, -593.5369262695312, 0.7971017360687256, 107.85708618164062
-2.844935894012451, 7.519030570983887, 9.573819160461426, -593.8609008789062, 0.7972478866577148, 106.76021575927734
-2.8411476612091064, 7.52116060256958, 9.585458755493164, -594.1890258789062, 0.7994735240936279, 105.65815734863281
-2.836951732635498, 7.52518367767334, 9.599797248840332, -594.5238037109375, 0.8030504584312439, 104.54733276367188
-2.829785108566284, 7.532098770141602, 9.616658210754395, -594.8674926757812, 0.8094260096549988, 103.44046020507812
-2.823712110519409, 7.537471771240234, 9.633393287658691, -595.220458984375, 0.811380922794342, 102.34001159667969
-2.8183693885803223, 7.541988849639893, 9.647650718688965, -595.5787353515625, 0.8130435347557068, 101.24718475341797
-2.8145596981048584, 7.547399520874023, 9.663590431213379, -595.9432373046875, 0.8191742897033691, 100.16069793701172
-2.814920425415039, 7.554689407348633, 9.676408767700195, -596.3084716796875, 0.8268822431564331, 99.07379150390625
-2.816101312637329, 7.5613908767700195, 9.689719200134277, -596.6753540039062, 0.8346870541572571, 97.98338317871094
-2.8216326236724854, 7.567878723144531, 9.703672409057617, -597.0403442382812, 0.8423441648483276, 96.88255310058594
-2.8282687664031982, 7.573383331298828, 9.721650123596191, -597.39697265625, 0.8498427867889404, 95.77872467041016
-2.839446544647217, 7.58067512512207, 9.743237495422363, -597.750732421875, 0.857757568359375, 94.67265319824219
-2.851534366607666, 7.5885443687438965, 9.76495361328125, -598.0994262695312, 0.8605044484138489, 93.56360626220703
-2.8594985008239746, 7.597178936004639, 9.788057327270508, -598.4358520507812, 0.8638010621070862, 92.45143127441406
-2.868652105331421, 7.605155944824219, 9.809649467468262, -598.7618408203125, 0.8634603023529053, 91.3371353149414
-2.8780336380004883, 7.611093521118164, 9.827252388000488, -599.0836181640625, 0.8690088987350464, 90.22596740722656
-2.8868792057037354, 7.621818542480469, 9.843520164489746, -599.3939819335938, 0.8791760802268982, 89.1162109375
-2.8916497230529785, 7.637170791625977, 9.862327575683594, -599.6954345703125, 0.8866807818412781, 87.99838256835938
-2.8951034545898438, 7.65159273147583, 9.881729125976562, -599.9934692382812, 0.8917901515960693, 86.88165283203125
-2.896383285522461, 7.666775226593018, 9.903985977172852, -600.2883911132812, 0.8965057134628296, 85.770263671875
-2.8947854042053223, 7.680381774902344, 9.925195693969727, -600.5750122070312, 0.9023717641830444, 84.65620422363281
-2.8923377990722656, 7.692137718200684, 9.942867279052734, -600.861083984375, 0.9067550301551819, 83.54640197753906
-2.8907032012939453, 7.706036567687988, 9.962371826171875, -601.1512451171875, 0.9116993546485901, 82.43008422851562
-2.8864073753356934, 7.715313911437988, 9.982162475585938, -601.447998046875, 0.9169198274612427, 81.318603515625
-2.8841843605041504, 7.722686767578125, 10.002391815185547, -601.7559814453125, 0.9272123575210571, 80.20928192138672
-2.881831645965576, 7.7327961921691895, 10.024697303771973, -602.0698852539062, 0.9416043162345886, 79.10271453857422
-2.884162664413452, 7.740011692047119, 10.046504020690918, -602.3819580078125, 0.9511086940765381, 77.99229431152344
-2.8845338821411133, 7.743295192718506, 10.066682815551758, -602.6915893554688, 0.9663032293319702, 76.88033294677734
-2.887467861175537, 7.742354869842529, 10.086102485656738, -603.0015258789062, 0.9831745624542236, 75.77460479736328
-2.8886191844940186, 7.745271682739258, 10.104507446289062, -603.301513671875, 0.9943405985832214, 74.66429138183594
-2.8936619758605957, 7.750319004058838, 10.12392520904541, -603.5995483398438, 0.9998921751976013, 73.55242919921875
-2.899966239929199, 7.754736423492432, 10.13965129852295, -603.8908081054688, 1.0013316869735718, 72.43326568603516
-2.905712127685547, 7.762603282928467, 10.156621932983398, -604.181884765625, 1.0032484531402588, 71.31497955322266
-2.9079813957214355, 7.774318695068359, 10.170263290405273, -604.4677124023438, 1.0124677419662476, 70.20574188232422
-2.915255546569824, 7.785955905914307, 10.183674812316895, -604.7467041015625, 1.017817735671997, 69.09405517578125
-2.9200282096862793, 7.801629066467285, 10.20044231414795, -605.0172119140625, 1.02146315574646, 67.98094940185547
-2.9264559745788574, 7.811433792114258, 10.217630386352539, -605.2794799804688, 1.0259957313537598, 66.87108612060547
-2.9347352981567383, 7.815746307373047, 10.23519515991211, -605.5302734375, 1.0269699096679688, 65.76036071777344
-2.9472436904907227, 7.818235874176025, 10.253756523132324, -605.775634765625, 1.0266448259353638, 64.64371490478516
-2.9644007682800293, 7.820644855499268, 10.2684907913208, -606.01220703125, 1.0299999713897705, 63.527015686035156
-2.9759557247161865, 7.82843542098999, 10.28318977355957, -606.2276000976562, 1.0356991291046143, 62.40118408203125
-2.988499641418457, 7.840085029602051, 10.297722816467285, -606.4277954101562, 1.0400941371917725, 61.27281188964844
-3.0012171268463135, 7.852217197418213, 10.311863899230957, -606.6181030273438, 1.0447272062301636, 60.13922882080078
-3.013124704360962, 7.86428165435791, 10.331238746643066, -606.8001708984375, 1.0474867820739746, 59.00364685058594
-3.0209760665893555, 7.877721309661865, 10.350444793701172, -606.9682006835938, 1.0527080297470093, 57.872703552246094
-3.025888681411743, 7.897178649902344, 10.368223190307617, -607.123291015625, 1.0589879751205444, 56.75242614746094
-3.0293831825256348, 7.91508150100708, 10.385934829711914, -607.269287109375, 1.0653553009033203, 55.628910064697266
-3.0308291912078857, 7.937206745147705, 10.405852317810059, -607.4097900390625, 1.0728892087936401, 54.50067901611328
-3.0295817852020264, 7.958136081695557, 10.425925254821777, -607.5482177734375, 1.0707675218582153, 53.368316650390625
-3.0285964012145996, 7.976142406463623, 10.440403938293457, -607.6902465820312, 1.0690193176269531, 52.23103713989258
-3.0272228717803955, 7.995005130767822, 10.457609176635742, -607.8346557617188, 1.07066011428833, 51.08821487426758
-3.0237481594085693, 8.011689186096191, 10.472426414489746, -607.9827880859375, 1.0765990018844604, 49.947174072265625
-3.022202491760254, 8.026252746582031, 10.486860275268555, -608.13037109375, 1.0771868228912354, 48.80405807495117
-3.024292230606079, 8.038883209228516, 10.50485897064209, -608.2772827148438, 1.077034592628479, 47.650089263916016
-3.0278403759002686, 8.047119140625, 10.523687362670898, -608.41845703125, 1.0777889490127563, 46.49766540527344
-3.0296378135681152, 8.059905052185059, 10.539510726928711, -608.5648803710938, 1.0752359628677368, 45.34101486206055
-3.024261713027954, 8.076028823852539, 10.55136489868164, -608.7039184570312, 1.0693509578704834, 44.18185043334961
-3.022918462753296, 8.093209266662598, 10.566929817199707, -608.8515014648438, 1.0631836652755737, 43.026031494140625
-3.0269088745117188, 8.11666202545166, 10.580436706542969, -609.0005493164062, 1.0580343008041382, 41.869197845458984
-3.031812906265259, 8.135558128356934, 10.591667175292969, -609.1412963867188, 1.0514072179794312, 40.715782165527344
-3.035795211791992, 8.152533531188965, 10.607331275939941, -609.2720336914062, 1.0495024919509888, 39.56464767456055
-3.044355869293213, 8.167580604553223, 10.623818397521973, -609.3949584960938, 1.0511678457260132, 38.41680908203125
-3.051851987838745, 8.17695426940918, 10.639979362487793, -609.506103515625, 1.0506116151809692, 37.2692985534668
-3.058952808380127, 8.18381118774414, 10.653329849243164, -609.6054077148438, 1.0577237606048584, 36.11699295043945
-3.0641770362854004, 8.18841552734375, 10.66554069519043, -609.6982421875, 1.065678358078003, 34.959590911865234
-3.067988634109497, 8.194295883178711, 10.678340911865234, -609.7889404296875, 1.074691653251648, 33.805763244628906
-3.0727741718292236, 8.199360847473145, 10.690564155578613, -609.88037109375, 1.0780950784683228, 32.657691955566406
-3.0772998332977295, 8.202630043029785, 10.705767631530762, -609.96923828125, 1.0828624963760376, 31.50365447998047
-3.0800578594207764, 8.209001541137695, 10.721619606018066, -610.0548706054688, 1.0953633785247803, 30.348190307617188
-3.0768351554870605, 8.216752052307129, 10.735533714294434, -610.1365966796875, 1.106090784072876, 29.185495376586914
-3.0732390880584717, 8.224746704101562, 10.753704071044922, -610.2183837890625, 1.121292233467102, 28.024524688720703
-3.0728509426116943, 8.235424995422363, 10.76835823059082, -610.3023071289062, 1.1374046802520752, 26.866912841796875
-3.0748281478881836, 8.243873596191406, 10.782598495483398, -610.3875732421875, 1.1480491161346436, 25.706878662109375
-3.0792832374572754, 8.249773025512695, 10.801007270812988, -610.4688110351562, 1.1554621458053589, 24.544384002685547
-3.0833330154418945, 8.26039981842041, 10.819352149963379, -610.5421752929688, 1.1600009202957153, 23.383758544921875
-3.090256929397583, 8.270877838134766, 10.839018821716309, -610.6097412109375, 1.161474347114563, 22.217884063720703
-3.0978097915649414, 8.284598350524902, 10.857297897338867, -610.6683349609375, 1.1608874797821045, 21.053939819335938
-3.1073009967803955, 8.293763160705566, 10.875923156738281, -610.716796875, 1.1624603271484375, 19.887840270996094
-3.1101348400115967, 8.301182746887207, 10.89657974243164, -610.757568359375, 1.1666961908340454, 18.721500396728516
-3.115947723388672, 8.3074951171875, 10.914435386657715, -610.8008422851562, 1.175559639930725, 17.554908752441406
-3.124459743499756, 8.315665245056152, 10.929301261901855, -610.83447265625, 1.180938720703125, 16.392131805419922
-3.1284773349761963, 8.325540542602539, 10.940069198608398, -610.8593139648438, 1.191068172454834, 15.237730979919434
-3.1317763328552246, 8.333105087280273, 10.952799797058105, -610.8761596679688, 1.2015702724456787, 14.085329055786133
-3.132586717605591, 8.341358184814453, 10.964917182922363, -610.8909301757812, 1.2011919021606445, 12.930261611938477
-3.1302499771118164, 8.347509384155273, 10.974682807922363, -610.9074096679688, 1.20063054561615, 11.770892143249512
-3.124751567840576, 8.351462364196777, 10.984708786010742, -610.9244384765625, 1.1964455842971802, 10.609375
-3.125166654586792, 8.351635932922363, 10.997032165527344, -610.9449462890625, 1.1906505823135376, 9.447171211242676
-3.121744155883789, 8.353190422058105, 11.010128021240234, -610.9625244140625, 1.1763232946395874, 8.278959274291992
-3.116044044494629, 8.349668502807617, 11.0216703414917, -610.9841918945312, 1.1633713245391846, 7.112465858459473
-3.1085076332092285, 8.348270416259766, 11.033089637756348, -611.00927734375, 1.1491374969482422, 5.949329376220703
-3.1027166843414307, 8.348555564880371, 11.043143272399902, -611.0407104492188, 1.1419463157653809, 4.784322261810303
-3.099386692047119, 8.349822998046875, 11.054170608520508, -611.07763671875, 1.1379218101501465, 3.616635322570801
-3.101130485534668, 8.347644805908203, 11.064541816711426, -611.108154296875, 1.1329329013824463, 2.451533317565918
-3.1073031425476074, 8.344928741455078, 11.076874732971191, -611.1341552734375, 1.1278457641601562, 1.2854408025741577
-3.115598201751709, 8.344278335571289, 11.087763786315918, -611.1525268554688, 1.1163909435272217, 0.11718034744262695
-3.1274166107177734, 8.343900680541992, 11.098401069641113, -611.1694946289062, 1.1093531847000122, -1.0504519939422607
-3.1345784664154053, 8.345383644104004, 11.108951568603516, -611.18310546875, 1.102071762084961, -2.217155933380127
-3.1364290714263916, 8.348533630371094, 11.118227005004883, -611.1878051757812, 1.0977600812911987, -3.3850691318511963
-3.140881299972534, 8.35356330871582, 11.132577896118164, -611.1896362304688, 1.0975427627563477, -4.547445297241211
3.141287088394165, 8.358649253845215, 11.15381145477295, -611.1893920898438, 1.0953648090362549, -5.708327770233154
3.140636682510376, 8.365079879760742, 11.174238204956055, -611.185302734375, 1.0921411514282227, -6.87531042098999
3.141056776046753, 8.37018871307373, 11.189075469970703, -611.1829223632812, 1.0876120328903198, -8.043909072875977
-3.1408889293670654, 8.376038551330566, 11.200773239135742, -611.1806030273438, 1.07871413230896, -9.209746360778809
-3.135406255722046, 8.377755165100098, 11.213220596313477, -611.1791381835938, 1.0723525285720825, -10.373642921447754
-3.132781744003296, 8.383936882019043, 11.229835510253906, -611.1900634765625, 1.07142972946167, -11.5333251953125
-3.1309096813201904, 8.392081260681152, 11.248063087463379, -611.2048950195312, 1.063759684562683, -12.685079574584961
-3.1266732215881348, 8.404208183288574, 11.268428802490234, -611.2230834960938, 1.0551625490188599, -13.83558177947998
-3.119574546813965, 8.41574764251709, 11.288080215454102, -611.2496948242188, 1.0468394756317139, -14.98259449005127
-3.104724407196045, 8.429898262023926, 11.302552223205566, -611.2828369140625, 1.0485553741455078, -16.121315002441406
-3.0919976234436035, 8.442237854003906, 11.311415672302246, -611.3302612304688, 1.0549696683883667, -17.265321731567383
-3.085338592529297, 8.455395698547363, 11.321284294128418, -611.395751953125, 1.0652450323104858, -18.407060623168945
-3.0748450756073, 8.467790603637695, 11.337935447692871, -611.4710693359375, 1.0679489374160767, -19.548145294189453
-3.0638535022735596, 8.479878425598145, 11.352394104003906, -611.5558471679688, 1.0630278587341309, -20.687458038330078
-3.057241916656494, 8.49217700958252, 11.367846488952637, -611.6561279296875, 1.0557271242141724, -21.82745933532715
-3.0508499145507812, 8.504613876342773, 11.38459300994873, -611.7698364257812, 1.0468419790267944, -22.96489143371582
-3.041217088699341, 8.518189430236816, 11.398557662963867, -611.8875732421875, 1.038191556930542, -24.09838104248047
-3.0360054969787598, 8.527029991149902, 11.410907745361328, -612.0096435546875, 1.0270544290542603, -25.23539161682129
-3.02866792678833, 8.536200523376465, 11.42297649383545, -612.1369018554688, 1.0168797969818115, -26.374130249023438
-3.0214247703552246, 8.545384407043457, 11.434773445129395, -612.2678833007812, 1.0082218647003174, -27.508962631225586
-3.0147111415863037, 8.550243377685547, 11.445995330810547, -612.4093627929688, 1.0042904615402222, -28.637413024902344
-3.009037494659424, 8.553163528442383, 11.452027320861816, -612.55615234375, 1.001346468925476, -29.76103973388672
-3.00248122215271, 8.56116008758545, 11.458517074584961, -612.71142578125, 1.0008776187896729, -30.881858825683594
-2.9991583824157715, 8.568807601928711, 11.46739387512207, -612.8714599609375, 1.0002363920211792, -32.012359619140625
-2.9976999759674072, 8.583130836486816, 11.47850513458252, -613.0281982421875, 0.9972256422042847, -33.14522171020508
-2.999171733856201, 8.596601486206055, 11.488508224487305, -613.1939086914062, 0.9906070828437805, -34.27944564819336
-2.99935245513916, 8.607645988464355, 11.498537063598633, -613.359130859375, 0.987347424030304, -35.40864944458008
-3.0006744861602783, 8.615091323852539, 11.507721900939941, -613.5288696289062, 0.9872005581855774, -36.543922424316406
-3.0034403800964355, 8.620691299438477, 11.517281532287598, -613.6947631835938, 0.9885513782501221, -37.67396926879883
-3.0078091621398926, 8.623907089233398, 11.525716781616211, -613.8504028320312, 0.9918596744537354, -38.80145263671875
-3.0138938426971436, 8.629021644592285, 11.533858299255371, -613.9923706054688, 0.9957045912742615, -39.92789840698242
-3.0151548385620117, 8.635733604431152, 11.542716979980469, -614.1293334960938, 0.9981082081794739, -41.056358337402344
-3.017137050628662, 8.6458740234375, 11.552586555480957, -614.265380859375, 0.9976990818977356, -42.1938362121582
-3.0224862098693848, 8.661018371582031, 11.560710906982422, -614.396728515625, 0.9944502115249634, -43.33809280395508
-3.032278060913086, 8.675479888916016, 11.565792083740234, -614.517578125, 0.9948921203613281, -44.475887298583984
-3.0460140705108643, 8.68671989440918, 11.571474075317383, -614.6246337890625, 0.9904472827911377, -45.60667419433594
-3.0593440532684326, 8.694515228271484, 11.579315185546875, -614.7113647460938, 0.9813279509544373, -46.739200592041016
-3.070875883102417, 8.702191352844238, 11.584546089172363, -614.78076171875, 0.9764964580535889, -47.869258880615234
-3.080655097961426, 8.712174415588379, 11.586002349853516, -614.841796875, 0.9707928895950317, -48.99945831298828
-3.0912890434265137, 8.725590705871582, 11.591253280639648, -614.8951416015625, 0.9640262722969055, -50.13338851928711
-3.100888252258301, 8.741559028625488, 11.595402717590332, -614.9381103515625, 0.9603652358055115, -51.26820373535156
-3.1082420349121094, 8.7590970993042, 11.599739074707031, -614.9722900390625, 0.9591948390007019, -52.40224838256836
-3.115792751312256, 8.77715015411377, 11.610413551330566, -614.9989013671875, 0.9601004123687744, -53.53585433959961
-3.120992660522461, 8.789629936218262, 11.623647689819336, -615.0197143554688, 0.9605790972709656, -54.66919708251953
-3.12325119972229, 8.798380851745605, 11.63615608215332, -615.041015625, 0.9625497460365295, -55.80072784423828
-3.126810073852539, 8.81222152709961, 11.647502899169922, -615.0592651367188, 0.9666874408721924, -56.933837890625
-3.134176254272461, 8.824326515197754, 11.662434577941895, -615.0753173828125, 0.9659276604652405, -58.069915771484375
-3.140561819076538, 8.833810806274414, 11.67738151550293, -615.084228515625, 0.9606744647026062, -59.21321105957031
3.139478921890259, 8.84467601776123, 11.69239330291748, -615.0873413085938, 0.9586142897605896, -60.356346130371094
3.136145830154419, 8.85578727722168, 11.707483291625977, -615.08056640625, 0.9578883647918701, -61.501556396484375
3.1342031955718994, 8.863554954528809, 11.718855857849121, -615.0701904296875, 0.9602572321891785, -62.638980865478516
3.1297318935394287, 8.877189636230469, 11.729787826538086, -615.0547485351562, 0.9632107019424438, -63.78030776977539
3.1266462802886963, 8.889266967773438, 11.74268627166748, -615.0401611328125, 0.9634941816329956, -64.92720031738281
3.1247951984405518, 8.904853820800781, 11.760760307312012, -615.0219116210938, 0.9601175785064697, -66.07389831542969
3.121023416519165, 8.921031951904297, 11.778182029724121, -615.00537109375, 0.9541117548942566, -67.22396850585938
3.113018751144409, 8.937847137451172, 11.794761657714844, -614.9822387695312, 0.9502763748168945, -68.37042999267578
3.1079823970794678, 8.95239543914795, 11.806198120117188, -614.9517211914062, 0.9553412795066833, -69.51366424560547
3.1065962314605713, 8.96786117553711, 11.816182136535645, -614.9146118164062, 0.9644604921340942, -70.65326690673828
3.104722261428833, 8.982949256896973, 11.829188346862793, -614.8754272460938, 0.9743692278862, -71.79747009277344
3.1048357486724854, 9.003243446350098, 11.841594696044922, -614.8333740234375, 0.9847118854522705, -72.93885040283203
3.1038143634796143, 9.020487785339355, 11.853289604187012, -614.7920532226562, 0.9933751225471497, -74.08007049560547
3.101336717605591, 9.032807350158691, 11.86939525604248, -614.7515869140625, 0.9948400855064392, -75.22114562988281
3.0955846309661865, 9.044384002685547, 11.887101173400879, -614.7075805664062, 0.9931192398071289, -76.35725402832031
3.090428590774536, 9.05257511138916, 11.90364933013916, -614.65576171875, 0.9892921447753906, -77.49601745605469
3.091310739517212, 9.063215255737305, 11.920125007629395, -614.5953979492188, 0.9829506874084473, -78.64305114746094
3.0960028171539307, 9.07730770111084, 11.93149471282959, -614.5360717773438, 0.9765081405639648, -79.7884750366211
3.104142427444458, 9.090575218200684, 11.944841384887695, -614.47509765625, 0.971026599407196, -80.93190002441406
3.113480806350708, 9.106064796447754, 11.958420753479004, -614.4200439453125, 0.963267982006073, -82.07941436767578
3.1213276386260986, 9.121813774108887, 11.975935935974121, -614.3819580078125, 0.9544605612754822, -83.22764587402344
3.128621816635132, 9.136345863342285, 11.994397163391113, -614.3572998046875, 0.9437904357910156, -84.37840270996094
3.13649582862854, 9.147429466247559, 12.01159381866455, -614.3388671875, 0.9340918064117432, -85.53275299072266
-3.141383409500122, 9.15873908996582, 12.028411865234375, -614.3314819335938, 0.919373095035553, -86.68968200683594
-3.1350557804107666, 9.167537689208984, 12.049788475036621, -614.3328857421875, 0.9005378484725952, -87.85063171386719
-3.1306567192077637, 9.17546558380127, 12.069324493408203, -614.3389892578125, 0.8821151256561279, -89.00748443603516
-3.1330862045288086, 9.179533004760742, 12.089381217956543, -614.3516845703125, 0.8690709471702576, -90.16246032714844
-3.137695074081421, 9.180885314941406, 12.111879348754883, -614.3584594726562, 0.8584358096122742, -91.3172607421875
3.1358869075775146, 9.178767204284668, 12.135591506958008, -614.3634033203125, 0.8529933094978333, -92.46614837646484
3.1275055408477783, 9.17729377746582, 12.160661697387695, -614.3574829101562, 0.8530949354171753, -93.6100845336914
3.122403860092163, 9.176458358764648, 12.184152603149414, -614.3443603515625, 0.8527268171310425, -94.75724792480469
3.1186907291412354, 9.175461769104004, 12.2039155960083, -614.3252563476562, 0.8540073037147522, -95.90193176269531
3.1130893230438232, 9.170507431030273, 12.21953296661377, -614.298583984375, 0.861075222492218, -97.04693603515625
3.1109488010406494, 9.167702674865723, 12.232917785644531, -614.2674560546875, 0.8644088506698608, -98.192626953125
3.1069414615631104, 9.162571907043457, 12.244660377502441, -614.231201171875, 0.8634970784187317, -99.33308410644531
3.1036217212677, 9.159944534301758, 12.254871368408203, -614.1903076171875, 0.8631405234336853, -100.47016143798828
3.1002800464630127, 9.16221809387207, 12.266685485839844, -614.1407470703125, 0.866722822189331, -101.60956573486328
3.0984604358673096, 9.16646671295166, 12.279809951782227, -614.0868530273438, 0.8757813572883606, -102.75453186035156
3.0975749492645264, 9.17130184173584, 12.295743942260742, -614.0330200195312, 0.8849853873252869, -103.89201354980469
3.092888116836548, 9.172637939453125, 12.316119194030762, -613.9844360351562, 0.8941032886505127, -105.03609466552734
3.0920908451080322, 9.172026634216309, 12.333478927612305, -613.9332885742188, 0.9034642577171326, -106.18550109863281
3.0904648303985596, 9.17654037475586, 12.347454071044922, -613.8779296875, 0.9098371267318726, -107.33740997314453
3.0870206356048584, 9.175585746765137, 12.36216926574707, -613.8154296875, 0.9099003672599792, -108.48560333251953
3.0802690982818604, 9.174952507019043, 12.376138687133789, -613.7469482421875, 0.9064295887947083, -109.63104248046875
3.0719692707061768, 9.172569274902344, 12.390213966369629, -613.6694946289062, 0.9010617733001709, -110.78195190429688
3.0685808658599854, 9.173008918762207, 12.401881217956543, -613.5798950195312, 0.8988964557647705, -111.93395233154297
3.0622122287750244, 9.17683219909668, 12.417280197143555, -613.4915771484375, 0.8968250751495361, -113.08381652832031
3.059525728225708, 9.183131217956543, 12.434165954589844, -613.4013671875, 0.8896321058273315, -114.23059844970703
3.062840700149536, 9.19452953338623, 12.451799392700195, -613.3121948242188, 0.8827206492424011, -115.37557220458984
3.065063238143921, 9.202864646911621, 12.472509384155273, -613.23193359375, 0.8724750876426697, -116.52674102783203
3.0715224742889404, 9.21469783782959, 12.49399185180664, -613.1450805664062, 0.8580077886581421, -117.67530822753906
3.078270673751831, 9.229117393493652, 12.512639045715332, -613.0602416992188, 0.8473247289657593, -118.82528686523438
3.086238145828247, 9.238927841186523, 12.525042533874512, -612.9871215820312, 0.8428658246994019, -119.97718048095703
3.091697931289673, 9.248767852783203, 12.53929615020752, -612.92578125, 0.8441957235336304, -121.13163757324219
3.094989061355591, 9.256982803344727, 12.555212020874023, -612.8779907226562, 0.8482367396354675, -122.28430938720703
3.0943539142608643, 9.267293930053711, 12.571239471435547, -612.8348999023438, 0.8454746007919312, -123.43708038330078
3.0928285121917725, 9.277806282043457, 12.584811210632324, -612.793212890625, 0.8397780656814575, -124.5880355834961
3.0923964977264404, 9.290305137634277, 12.597636222839355, -612.7523803710938, 0.832527756690979, -125.73509216308594
3.0929787158966064, 9.304622650146484, 12.605524063110352, -612.7117919921875, 0.8332331776618958, -126.87267303466797
3.094291925430298, 9.321931838989258, 12.614023208618164, -612.67626953125, 0.8274492621421814, -128.00868225097656
3.096667528152466, 9.34104061126709, 12.624884605407715, -612.6465454101562, 0.8279886841773987, -129.1439666748047
3.1019318103790283, 9.3666353225708, 12.638400077819824, -612.6201782226562, 0.8321222066879272, -130.2818603515625
3.10194993019104, 9.389891624450684, 12.656436920166016, -612.6008911132812, 0.8254104256629944, -131.4179229736328
3.099243402481079, 9.41459846496582, 12.672179222106934, -612.5816650390625, 0.8207074999809265, -132.542236328125
3.0958497524261475, 9.435934066772461, 12.684048652648926, -612.5513305664062, 0.8192342519760132, -133.66079711914062
3.0921385288238525, 9.4537992477417, 12.696234703063965, -612.5181884765625, 0.8128878474235535, -134.76882934570312
3.092442750930786, 9.47127914428711, 12.706216812133789, -612.4758911132812, 0.8080734014511108, -135.8734588623047
3.091191530227661, 9.490187644958496, 12.71102523803711, -612.4275512695312, 0.8004643321037292, -136.9788360595703
3.087010145187378, 9.506307601928711, 12.72138786315918, -612.3745727539062, 0.7929136157035828, -138.08970642089844
3.08207631111145, 9.517333030700684, 12.730997085571289, -612.31884765625, 0.7781785130500793, -139.20233154296875
3.0761377811431885, 9.52699089050293, 12.744526863098145, -612.2657470703125, 0.76031893491745, -140.3187255859375
3.065763235092163, 9.534672737121582, 12.755300521850586, -612.2086791992188, 0.7426294684410095, -141.43475341796875
3.057631254196167, 9.542407989501953, 12.765913009643555, -612.139404296875, 0.7311375737190247, -142.55392456054688
3.04936146736145, 9.553524017333984, 12.778368949890137, -612.0574340820312, 0.7191907167434692, -143.67872619628906
3.041184663772583, 9.564234733581543, 12.789582252502441, -611.9585571289062, 0.7026857733726501, -144.80653381347656
3.0361902713775635, 9.574370384216309, 12.799943923950195, -611.8475952148438, 0.6951494812965393, -145.93902587890625
3.0404694080352783, 9.583065032958984, 12.813138961791992, -611.7381591796875, 0.6873388290405273, -147.0723876953125
3.0431177616119385, 9.591473579406738, 12.822758674621582, -611.635986328125, 0.6800402998924255, -148.2094268798828
3.047100782394409, 9.60452651977539, 12.830899238586426, -611.5375366210938, 0.6720708608627319, -149.35955810546875
3.05033278465271, 9.617137908935547, 12.841638565063477, -611.445556640625, 0.6650916337966919, -150.50390625
3.0553500652313232, 9.625504493713379, 12.853490829467773, -611.3590087890625, 0.6515989303588867, -151.65347290039062
3.0641815662384033, 9.633697509765625, 12.863408088684082, -611.2760620117188, 0.636345386505127, -152.80438232421875
3.0742218494415283, 9.641878128051758, 12.873835563659668, -611.1990966796875, 0.6212310194969177, -153.9473876953125
3.082258462905884, 9.653009414672852, 12.883580207824707, -611.1341552734375, 0.6081852912902832, -155.08969116210938
3.0909740924835205, 9.660948753356934, 12.894682884216309, -611.08056640625, 0.5942700505256653, -156.2264404296875
3.1009366512298584, 9.672966957092285, 12.90566349029541, -611.0377807617188, 0.5816763043403625, -157.36241149902344
3.110778570175171, 9.680614471435547, 12.918431282043457, -611.0078735351562, 0.575908899307251, -158.50184631347656
3.1178171634674072, 9.690671920776367, 12.927183151245117, -610.9871215820312, 0.5730956196784973, -159.63809204101562
3.1210358142852783, 9.705514907836914, 12.93396282196045, -610.97119140625, 0.5732806324958801, -160.77444458007812
3.1202657222747803, 9.722021102905273, 12.937231063842773, -610.9476928710938, 0.5730662941932678, -161.9057159423828
3.1202237606048584, 9.738999366760254, 12.938859939575195, -610.9229736328125, 0.5734583139419556, -163.03768920898438
3.119974374771118, 9.757759094238281, 12.943521499633789, -610.9022216796875, 0.5736855864524841, -164.17398071289062
3.1161482334136963, 9.776887893676758, 12.952035903930664, -610.8848876953125, 0.5734835267066956, -165.3138885498047
3.1127665042877197, 9.792628288269043, 12.96389389038086, -610.8677368164062, 0.5733455419540405, -166.4509735107422
3.112865686416626, 9.80612564086914, 12.974564552307129, -610.8411254882812, 0.5696088671684265, -167.58790588378906
3.1089489459991455, 9.818770408630371, 12.983963966369629, -610.8120727539062, 0.5658054351806641, -168.73184204101562
3.1046130657196045, 9.828903198242188, 12.993485450744629, -610.7778930664062, 0.5619971752166748, -169.87168884277344
3.0994560718536377, 9.837052345275879, 13.001914978027344, -610.7411499023438, 0.561730682849884, -171.01531982421875
3.097776174545288, 9.8433198928833, 13.01093864440918, -610.70068359375, 0.5650658011436462, -172.15243530273438
3.099583387374878, 9.851284980773926, 13.020885467529297, -610.6535034179688, 0.564467191696167, -173.28549194335938
3.101114511489868, 9.859054565429688, 13.034183502197266, -610.610107421875, 0.5625914335250854, -174.4207763671875
3.0997555255889893, 9.867738723754883, 13.046821594238281, -610.575439453125, 0.5600153803825378, -175.55471801757812
3.094667673110962, 9.87741756439209, 13.059647560119629, -610.5357666015625, 0.5568414330482483, -176.6864471435547
3.0928099155426025, 9.890399932861328, 13.070650100708008, -610.4940795898438, 0.553347110748291, -177.81304931640625
3.092604398727417, 9.901026725769043, 13.081364631652832, -610.4531860351562, 0.5487847328186035, -178.9351806640625
3.0862505435943604, 9.911493301391602, 13.093281745910645, -610.4161376953125, 0.5425577759742737, -180.05702209472656
3.0800206661224365, 9.921975135803223, 13.100360870361328, -610.3732299804688, 0.5359677076339722, -181.17770385742188
3.072946786880493, 9.927483558654785, 13.108463287353516, -610.3171997070312, 0.5294316411018372, -182.30198669433594
3.0676143169403076, 9.930624961853027, 13.120260238647461, -610.2557983398438, 0.5267263650894165, -183.42172241210938
3.0648257732391357, 9.934135437011719, 13.130990982055664, -610.1824340820312, 0.5248841047286987, -184.54248046875
3.060528039932251, 9.938772201538086, 13.138052940368652, -610.1074829101562, 0.5233777761459351, -185.6573028564453
3.0543572902679443, 9.94336223602295, 13.141596794128418, -610.0289306640625, 0.5276733040809631, -186.76304626464844
3.0477473735809326, 9.948124885559082, 13.145731925964355, -609.9414672851562, 0.529817521572113, -187.87327575683594
3.039357900619507, 9.953691482543945, 13.147353172302246, -609.8389892578125, 0.5276767611503601, -188.9848175048828
3.029456853866577, 9.960441589355469, 13.154471397399902, -609.7266845703125, 0.5273773074150085, -190.09817504882812
3.018728494644165, 9.969478607177734, 13.164724349975586, -609.6030883789062, 0.526563286781311, -191.21470642089844
3.013444662094116, 9.974282264709473, 13.175822257995605, -609.462890625, 0.5222979187965393, -192.32972717285156
3.0084879398345947, 9.983322143554688, 13.19017219543457, -609.3192138671875, 0.5198715925216675, -193.44964599609375
3.0012428760528564, 9.996356010437012, 13.204697608947754, -609.1699829101562, 0.5163564682006836, -194.57530212402344
2.9896109104156494, 10.003089904785156, 13.217622756958008, -609.0164794921875, 0.5145257711410522, -195.69619750976562
2.979010820388794, 10.01087760925293, 13.228433609008789, -608.8453979492188, 0.5104192495346069, -196.8197479248047
2.9722301959991455, 10.016337394714355, 13.239809036254883, -608.6637573242188, 0.5094926357269287, -197.93869018554688
2.965010404586792, 10.022117614746094, 13.251642227172852, -608.479736328125, 0.5116027593612671, -199.05572509765625
2.9577476978302, 10.032227516174316, 13.26350212097168, -608.2859497070312, 0.5180696845054626, -200.17953491210938
2.9527180194854736, 10.047455787658691, 13.276455879211426, -608.0812377929688, 0.5252410173416138, -201.30250549316406
2.948539972305298, 10.058259963989258, 13.284921646118164, -607.8729248046875, 0.5247893929481506, -202.4300537109375
2.9438211917877197, 10.071290969848633, 13.295742988586426, -607.6615600585938, 0.5180803537368774, -203.5599365234375
2.9414150714874268, 10.086660385131836, 13.309623718261719, -607.4472045898438, 0.5128714442253113, -204.6959686279297
2.939035654067993, 10.103178977966309, 13.322853088378906, -607.228271484375, 0.505643904209137, -205.83389282226562
2.935462713241577, 10.115133285522461, 13.336854934692383, -607.0026245117188, 0.503411054611206, -206.97274780273438
2.933462381362915, 10.122958183288574, 13.351959228515625, -606.77294921875, 0.4997100234031677, -208.10130310058594
2.9345505237579346, 10.133398056030273, 13.363886833190918, -606.5428466796875, 0.49786853790283203, -209.2307586669922
2.9395554065704346, 10.145468711853027, 13.375053405761719, -606.3156127929688, 0.49372032284736633, -210.3570556640625
2.944201707839966, 10.159175872802734, 13.386054992675781, -606.09228515625, 0.4854154586791992, -211.4757537841797
2.944899797439575, 10.172086715698242, 13.397278785705566, -605.8745727539062, 0.47818514704704285, -212.5890350341797
2.9434449672698975, 10.186267852783203, 13.407855033874512, -605.6583862304688, 0.4676385819911957, -213.697998046875
2.9421656131744385, 10.198657989501953, 13.420753479003906, -605.4368896484375, 0.4591919481754303, -214.8126983642578
2.940965414047241, 10.204221725463867, 13.433268547058105, -605.2128295898438, 0.4494735598564148, -215.93597412109375
2.9363601207733154, 10.20919418334961, 13.443906784057617, -604.9840698242188, 0.44588780403137207, -217.0555877685547
2.9317448139190674, 10.214120864868164, 13.455032348632812, -604.7499389648438, 0.4383555054664612, -218.17352294921875
2.9236390590667725, 10.213590621948242, 13.465922355651855, -604.5096435546875, 0.43326815962791443, -219.28953552246094
2.9166042804718018, 10.2144775390625, 13.477044105529785, -604.267578125, 0.4216729998588562, -220.40457153320312
2.9141972064971924, 10.216449737548828, 13.488493919372559, -604.0192260742188, 0.4130381941795349, -221.5138702392578
2.9092791080474854, 10.223949432373047, 13.502110481262207, -603.7645263671875, 0.4055476486682892, -222.62042236328125
2.8992888927459717, 10.231014251708984, 13.515032768249512, -603.5022583007812, 0.40299126505851746, -223.71890258789062
2.8847577571868896, 10.239917755126953, 13.526755332946777, -603.234375, 0.40485161542892456, -224.8092041015625
2.870227575302124, 10.248011589050293, 13.540753364562988, -602.9564819335938, 0.40255409479141235, -225.89137268066406
2.8585879802703857, 10.255633354187012, 13.553534507751465, -602.6627197265625, 0.400861531496048, -226.9687957763672
2.8476321697235107, 10.262917518615723, 13.567300796508789, -602.3622436523438, 0.4004105031490326, -228.0482177734375
2.840104341506958, 10.271686553955078, 13.577947616577148, -602.0518798828125, 0.3970569968223572, -229.1221466064453
2.8341705799102783, 10.27875804901123, 13.585612297058105, -601.7378540039062, 0.39381325244903564, -230.1900177001953
2.824877977371216, 10.291356086730957, 13.592452049255371, -601.4151000976562, 0.39475539326667786, -231.25440979003906
2.816394090652466, 10.303442001342773, 13.597371101379395, -601.0838623046875, 0.3930445909500122, -232.31298828125
2.8099749088287354, 10.311623573303223, 13.600961685180664, -600.747314453125, 0.3944999575614929, -233.37510681152344
2.8066132068634033, 10.319047927856445, 13.607658386230469, -600.3981323242188, 0.39330533146858215, -234.4322967529297
2.8002164363861084, 10.329517364501953, 13.619009017944336, -600.0411987304688, 0.39004427194595337, -235.4875946044922
2.7944376468658447, 10.33855152130127, 13.633692741394043, -599.6702270507812, 0.38347017765045166, -236.5458221435547
2.7823874950408936, 10.346299171447754, 13.647870063781738, -599.2897338867188, 0.37887609004974365, -237.60520935058594
2.772435426712036, 10.350507736206055, 13.660304069519043, -598.9022827148438, 0.3727095127105713, -238.65957641601562
2.7707111835479736, 10.364275932312012, 13.674083709716797, -598.5115356445312, 0.3660033941268921, -239.7101593017578
2.7720282077789307, 10.378451347351074, 13.687081336975098, -598.1218872070312, 0.35855787992477417, -240.76780700683594
2.7746851444244385, 10.397900581359863, 13.700459480285645, -597.7241821289062, 0.3524360656738281, -241.83392333984375
2.7745511531829834, 10.411738395690918, 13.714093208312988, -597.3248901367188, 0.34731626510620117, -242.89639282226562
2.774522542953491, 10.421274185180664, 13.72687816619873, -596.9263305664062, 0.34170547127723694, -243.95462036132812
2.772878408432007, 10.43112564086914, 13.739377975463867, -596.52734375, 0.33010873198509216, -245.0076904296875
2.7728536128997803, 10.437432289123535, 13.749796867370605, -596.1277465820312, 0.32372891902923584, -246.0696258544922
2.7715961933135986, 10.445110321044922, 13.763509750366211, -595.7257690429688, 0.31221702694892883, -247.1265106201172
2.7674872875213623, 10.451266288757324, 13.779128074645996, -595.3169555664062, 0.2985364496707916, -248.17678833007812
2.756016492843628, 10.457737922668457, 13.794376373291016, -594.8976440429688, 0.2811517119407654, -249.22915649414062
2.7495062351226807, 10.464250564575195, 13.807230949401855, -594.4657592773438, 0.2631772756576538, -250.27793884277344
2.746352434158325, 10.467729568481445, 13.821661949157715, -594.0267944335938, 0.254492849111557, -251.32969665527344
2.741314649581909, 10.463377952575684, 13.83569622039795, -593.5850830078125, 0.24583011865615845, -252.38096618652344
2.7363603115081787, 10.4620943069458, 13.848541259765625, -593.13720703125, 0.23362813889980316, -253.4293212890625
2.728184938430786, 10.46753215789795, 13.860774040222168, -592.6821899414062, 0.21891887485980988, -254.48048400878906
2.718057870864868, 10.478870391845703, 13.871545791625977, -592.2222900390625, 0.20610998570919037, -255.5316925048828
2.708872079849243, 10.491548538208008, 13.884218215942383, -591.7539672851562, 0.19215264916419983, -256.58056640625
2.705493688583374, 10.50762939453125, 13.893553733825684, -591.2850341796875, 0.17878727614879608, -257.6227722167969
2.70478892326355, 10.521380424499512, 13.90695571899414, -590.8133544921875, 0.16800665855407715, -258.6639709472656
2.7062056064605713, 10.538553237915039, 13.917421340942383, -590.335205078125, 0.15761473774909973, -259.7105407714844
2.709991693496704, 10.557676315307617, 13.931245803833008, -589.85693359375, 0.15139776468276978, -260.7580261230469
2.708341360092163, 10.576738357543945, 13.94393539428711, -589.3810424804688, 0.1457129418849945, -261.807373046875
2.7082550525665283, 10.592948913574219, 13.96479606628418, -588.907958984375, 0.14259757101535797, -262.85382080078125
2.7093918323516846, 10.60875415802002, 13.985260009765625, -588.4332885742188, 0.14220519363880157, -263.896484375
2.709033250808716, 10.619359970092773, 14.000114440917969, -587.9666137695312, 0.14878329634666443, -264.9317932128906
2.7072174549102783, 10.63568115234375, 14.014697074890137, -587.4981079101562, 0.15460531413555145, -265.96856689453125
2.704723596572876, 10.649850845336914, 14.029479026794434, -587.0277099609375, 0.15456895530223846, -266.99993896484375
2.7028000354766846, 10.662261962890625, 14.038392066955566, -586.5553588867188, 0.14860188961029053, -268.03057861328125
2.7047197818756104, 10.675780296325684, 14.050564765930176, -586.0775146484375, 0.13996581733226776, -269.0644226074219
2.7080671787261963, 10.691657066345215, 14.062577247619629, -585.5953369140625, 0.1317492574453354, -270.0965270996094
2.7083628177642822, 10.705605506896973, 14.070399284362793, -585.1170043945312, 0.12574806809425354, -271.1278381347656
2.7033731937408447, 10.712289810180664, 14.080921173095703, -584.6376953125, 0.11683870851993561, -272.1605224609375
2.703242063522339, 10.718889236450195, 14.09319019317627, -584.1622924804688, 0.10966531932353973, -273.19580078125
2.701500177383423, 10.72286605834961, 14.107587814331055, -583.6840209960938, 0.099693164229393, -274.230712890625
2.7010738849639893, 10.727961540222168, 14.122904777526855, -583.206787109375, 0.08667215704917908, -275.262939453125
2.6965463161468506, 10.733646392822266, 14.141749382019043, -582.7315063476562, 0.07719732820987701, -276.2932434082031
2.6898624897003174, 10.738604545593262, 14.160696983337402, -582.2554931640625, 0.07603779435157776, -277.3232727050781
2.683269739151001, 10.745474815368652, 14.179025650024414, -581.7772827148438, 0.07492202520370483, -278.3438415527344
2.670569658279419, 10.753874778747559, 14.19340705871582, -581.2861328125, 0.07470288127660751, -279.35186767578125
2.651606798171997, 10.762271881103516, 14.205788612365723, -580.7772216796875, 0.08109438419342041, -280.3603820800781
2.633331537246704, 10.770997047424316, 14.21965503692627, -580.248046875, 0.08984393626451492, -281.3560485839844
2.6186931133270264, 10.779870986938477, 14.23483943939209, -579.6968383789062, 0.0954294204711914, -282.3405456542969
2.610480546951294, 10.78951644897461, 14.249427795410156, -579.129638671875, 0.10349491238594055, -283.32391357421875
2.6054494380950928, 10.798184394836426, 14.264970779418945, -578.5499877929688, 0.10835160315036774, -284.311767578125
2.5997931957244873, 10.80322551727295, 14.2787446975708, -577.9658203125, 0.10918324440717697, -285.2915344238281
2.594545602798462, 10.811594009399414, 14.290629386901855, -577.3740844726562, 0.10815568268299103, -286.2679748535156
2.5912516117095947, 10.819533348083496, 14.303378105163574, -576.7785034179688, 0.10908591747283936, -287.24285888671875
2.5882418155670166, 10.828161239624023, 14.318096160888672, -576.1795043945312, 0.10662093758583069, -288.2109680175781
2.586132287979126, 10.840842247009277, 14.328656196594238, -575.5851440429688, 0.1053161546587944, -289.1720275878906
2.588940382003784, 10.855064392089844, 14.33878231048584, -574.9913330078125, 0.1042482927441597, -290.1336975097656
2.5866005420684814, 10.86508560180664, 14.348278999328613, -574.3961181640625, 0.10199546813964844, -291.0962219238281
2.584791421890259, 10.875800132751465, 14.352986335754395, -573.7971801757812, 0.09479300677776337, -292.0583190917969
2.5842254161834717, 10.884930610656738, 14.357267379760742, -573.1939086914062, 0.08681628108024597, -293.02325439453125
2.5805552005767822, 10.896822929382324, 14.36296272277832, -572.5963745117188, 0.08633595705032349, -293.98858642578125
2.573641061782837, 10.908773422241211, 14.367993354797363, -571.9944458007812, 0.08467352390289307, -294.9549865722656
2.5637123584747314, 10.920778274536133, 14.37271499633789, -571.3817138671875, 0.09044842422008514, -295.9225158691406
2.5534908771514893, 10.92943000793457, 14.378754615783691, -570.7640380859375, 0.09782403707504272, -296.8827209472656
2.544858694076538, 10.939057350158691, 14.387992858886719, -570.1324462890625, 0.09773258119821548, -297.8382568359375
2.5383265018463135, 10.952463150024414, 14.397976875305176, -569.4882202148438, 0.09121109545230865, -298.7903137207031
2.5302999019622803, 10.961227416992188, 14.406960487365723, -568.837158203125, 0.0861724242568016, -299.7349853515625
2.5204880237579346, 10.972453117370605, 14.413564682006836, -568.1869506835938, 0.08855266124010086, -300.67724609375
2.510014772415161, 10.983362197875977, 14.418225288391113, -567.529296875, 0.08656036853790283, -301.6117248535156
2.503462553024292, 10.99984359741211, 14.428455352783203, -566.86767578125, 0.08394432067871094, -302.54541015625
2.499439001083374, 11.02027702331543, 14.438465118408203, -566.1965942382812, 0.08108604699373245, -303.4784240722656
2.497218370437622, 11.046405792236328, 14.448321342468262, -565.5194702148438, 0.07843287289142609, -304.4105224609375
2.49629807472229, 11.068450927734375, 14.456504821777344, -564.843994140625, 0.07500466704368591, -305.338134765625
2.4954378604888916, 11.088295936584473, 14.465929985046387, -564.1669311523438, 0.07428701221942902, -306.2650451660156
2.4943745136260986, 11.106846809387207, 14.4728422164917, -563.491943359375, 0.07645157724618912, -307.18719482421875
2.486790895462036, 11.12217903137207, 14.484989166259766, -562.8106079101562, 0.08073460310697556, -308.1020202636719
2.47833514213562, 11.134502410888672, 14.496875762939453, -562.1244506835938, 0.07979165762662888, -309.0108947753906
2.4681169986724854, 11.148336410522461, 14.50683307647705, -561.4312744140625, 0.07840090990066528, -309.9110107421875
2.463291883468628, 11.158788681030273, 14.512537956237793, -560.7195434570312, 0.07472722977399826, -310.79803466796875
2.459627866744995, 11.170692443847656, 14.522891998291016, -560.00244140625, 0.06529194116592407, -311.67559814453125
2.4585354328155518, 11.18045711517334, 14.53160285949707, -559.2844848632812, 0.05470074340701103, -312.54669189453125
2.4596941471099854, 11.195390701293945, 14.54265022277832, -558.5687255859375, 0.044733986258506775, -313.4154357910156
2.4614360332489014, 11.207067489624023, 14.551074028015137, -557.8512573242188, 0.03213952109217644, -314.28857421875
2.466031789779663, 11.218876838684082, 14.55798625946045, -557.1377563476562, 0.0217343308031559, -315.1606140136719
2.4686405658721924, 11.230117797851562, 14.563983917236328, -556.4317626953125, 0.011298013851046562, -316.03369140625
2.469701051712036, 11.242612838745117, 14.575048446655273, -555.7373046875, 0.0062750037759542465, -316.91595458984375
2.46673846244812, 11.252665519714355, 14.588896751403809, -555.0442504882812, -0.0013638827949762344, -317.8016357421875
2.4625093936920166, 11.26717472076416, 14.607823371887207, -554.3493041992188, -0.013422125019133091, -318.6858825683594
2.456244707107544, 11.283270835876465, 14.624592781066895, -553.6514892578125, -0.02008359134197235, -319.56488037109375
2.4471447467803955, 11.301874160766602, 14.640617370605469, -552.94482421875, -0.02759578637778759, -320.4436340332031
2.441509962081909, 11.319272994995117, 14.65235424041748, -552.2221069335938, -0.04282968118786812, -321.3095397949219
2.4362547397613525, 11.337896347045898, 14.666653633117676, -551.4955444335938, -0.05123462900519371, -322.16241455078125
2.4302103519439697, 11.353068351745605, 14.68117904663086, -550.756103515625, -0.06047854572534561, -323.0151062011719
2.4209787845611572, 11.367494583129883, 14.69821834564209, -550.0159301757812, -0.0669131800532341, -323.86846923828125
2.4114229679107666, 11.376689910888672, 14.714601516723633, -549.2719116210938, -0.07841002196073532, -324.7152099609375
2.3989250659942627, 11.38817310333252, 14.7389554977417, -548.5181274414062, -0.08677829802036285, -325.5584716796875
2.3852598667144775, 11.396419525146484, 14.758480072021484, -547.7586669921875, -0.09455841034650803, -326.39794921875
2.3691704273223877, 11.40478229522705, 14.77731990814209, -546.9971313476562, -0.10015738010406494, -327.2294921875
2.353670835494995, 11.414000511169434, 14.790358543395996, -546.2252197265625, -0.10739804804325104, -328.0455322265625
2.338595151901245, 11.420066833496094, 14.80534839630127, -545.445068359375, -0.11607563495635986, -328.8473815917969
2.3282463550567627, 11.424818992614746, 14.81355094909668, -544.6536865234375, -0.12041269242763519, -329.6439208984375
2.318674325942993, 11.430876731872559, 14.82228946685791, -543.8499755859375, -0.12305041402578354, -330.4295959472656
2.3084471225738525, 11.439838409423828, 14.829648971557617, -543.0361938476562, -0.12056303024291992, -331.2044372558594
2.303431749343872, 11.451869010925293, 14.837624549865723, -542.210205078125, -0.11784856021404266, -331.96783447265625
2.2962543964385986, 11.461933135986328, 14.842405319213867, -541.3798828125, -0.12019077688455582, -332.7192687988281
2.2906601428985596, 11.471141815185547, 14.853693962097168, -540.546630859375, -0.1240144595503807, -333.4642333984375
2.2842752933502197, 11.48684310913086, 14.865402221679688, -539.7095947265625, -0.12688779830932617, -334.20196533203125
2.282388925552368, 11.501943588256836, 14.877960205078125, -538.8694458007812, -0.1366652250289917, -334.9345703125
2.2766826152801514, 11.516944885253906, 14.89423656463623, -538.0205688476562, -0.15396903455257416, -335.67242431640625
2.2694051265716553, 11.531275749206543, 14.913887023925781, -537.1659545898438, -0.17646227777004242, -336.4129638671875
2.265688180923462, 11.542699813842773, 14.931000709533691, -536.2999267578125, -0.20063453912734985, -337.1495056152344
2.2578928470611572, 11.556072235107422, 14.942941665649414, -535.4210815429688, -0.22149525582790375, -337.880859375
2.2525389194488525, 11.568673133850098, 14.953742980957031, -534.5355834960938, -0.24418818950653076, -338.6020202636719
2.246936082839966, 11.578413009643555, 14.970009803771973, -533.6459350585938, -0.26756757497787476, -339.31988525390625
2.2413694858551025, 11.588794708251953, 14.98590087890625, -532.7542114257812, -0.2837464511394501, -340.03436279296875
2.2262070178985596, 11.604918479919434, 15.007881164550781, -531.8538208007812, -0.29280540347099304, -340.744384765625
2.2114150524139404, 11.625508308410645, 15.03171443939209, -530.9411010742188, -0.2978968620300293, -341.4365539550781
2.196141481399536, 11.6453218460083, 15.054566383361816, -530.0194091796875, -0.29816529154777527, -342.1087951660156
2.1808083057403564, 11.665011405944824, 15.075851440429688, -529.0925903320312, -0.29988911747932434, -342.7653503417969
2.1701509952545166, 11.680953025817871, 15.099791526794434, -528.1603393554688, -0.2994143068790436, -343.4179382324219
2.156078577041626, 11.693408966064453, 15.121065139770508, -527.2225341796875, -0.2946501076221466, -344.0559997558594
2.1403825283050537, 11.706182479858398, 15.136190414428711, -526.2728881835938, -0.2975727617740631, -344.6824035644531
2.122612714767456, 11.716495513916016, 15.147564888000488, -525.3154296875, -0.30174630880355835, -345.2921447753906
2.109487771987915, 11.730302810668945, 15.161957740783691, -524.3522338867188, -0.3078444004058838, -345.8835144042969
2.09749436378479, 11.745616912841797, 15.174602508544922, -523.37744140625, -0.3157597780227661, -346.4636535644531
2.082402467727661, 11.75572681427002, 15.184646606445312, -522.3934936523438, -0.32486599683761597, -347.0445861816406
2.06695818901062, 11.770360946655273, 15.200733184814453, -521.3956298828125, -0.33225494623184204, -347.61676025390625
2.049800157546997, 11.785902976989746, 15.21642017364502, -520.3877563476562, -0.3383696973323822, -348.1763916015625
2.031693696975708, 11.803645133972168, 15.235339164733887, -519.3660888671875, -0.3375072777271271, -348.7152099609375
2.0137922763824463, 11.820810317993164, 15.254280090332031, -518.336181640625, -0.33658814430236816, -349.2312316894531
1.996394395828247, 11.842637062072754, 15.272682189941406, -517.3029174804688, -0.33829471468925476, -349.7244873046875
1.984680414199829, 11.859686851501465, 15.290929794311523, -516.2694702148438, -0.34429654479026794, -350.1982421875
1.9770991802215576, 11.874397277832031, 15.305933952331543, -515.2333984375, -0.3531658351421356, -350.6580810546875
1.9662840366363525, 11.885618209838867, 15.319262504577637, -514.1918334960938, -0.365619421005249, -351.1128845214844
1.9559919834136963, 11.901070594787598, 15.331803321838379, -513.1511840820312, -0.38134798407554626, -351.5484924316406
1.9458696842193604, 11.91933536529541, 15.345932960510254, -512.1061401367188, -0.39943891763687134, -351.97900390625
1.934002161026001, 11.93863582611084, 15.363069534301758, -511.0545654296875, -0.41546469926834106, -352.3982238769531
1.9190399646759033, 11.953790664672852, 15.38144588470459, -510.0045471191406, -0.42484724521636963, -352.8026428222656
1.903855562210083, 11.961799621582031, 15.39978313446045, -508.9501953125, -0.4328790009021759, -353.1962890625
1.8886492252349854, 11.96520709991455, 15.415925025939941, -507.8917236328125, -0.44257354736328125, -353.5689392089844
1.8750617504119873, 11.967205047607422, 15.434396743774414, -506.8336486816406, -0.4505388140678406, -353.9254150390625
1.86006760597229, 11.971500396728516, 15.45517635345459, -505.7686767578125, -0.45997700095176697, -354.2696838378906
1.8431541919708252, 11.976638793945312, 15.470499992370605, -504.6970520019531, -0.4677342474460602, -354.6015930175781
1.8298113346099854, 11.982940673828125, 15.481844902038574, -503.6205139160156, -0.4750770032405853, -354.9150390625
1.8149511814117432, 11.9883394241333, 15.488393783569336, -502.5392150878906, -0.48769232630729675, -355.21405029296875
1.8041508197784424, 11.991036415100098, 15.495759010314941, -501.4493713378906, -0.5021960735321045, -355.4906921386719
1.7931034564971924, 11.992301940917969, 15.507270812988281, -500.3516845703125, -0.5205522179603577, -355.7535400390625
1.7765638828277588, 11.993976593017578, 15.519923210144043, -499.2558898925781, -0.5397120714187622, -356.0048522949219
1.7649109363555908, 12.001299858093262, 15.5360107421875, -498.1596374511719, -0.550795316696167, -356.23614501953125
1.7557332515716553, 12.007685661315918, 15.552470207214355, -497.0601501464844, -0.5550162196159363, -356.4501647949219
1.7462389469146729, 12.016396522521973, 15.572876930236816, -495.9575500488281, -0.5547800660133362, -356.66021728515625
1.7317478656768799, 12.026178359985352, 15.5938138961792, -494.8522644042969, -0.5541356801986694, -356.8572692871094
1.714627981185913, 12.03238582611084, 15.615816116333008, -493.74859619140625, -0.5533032417297363, -357.0343017578125
1.6973650455474854, 12.034735679626465, 15.635444641113281, -492.6386413574219, -0.5596097707748413, -357.18310546875
1.6782629489898682, 12.04051399230957, 15.655364990234375, -491.5225830078125, -0.5699151754379272, -357.3140563964844
1.6621105670928955, 12.052961349487305, 15.669271469116211, -490.4119873046875, -0.581399142742157, -357.4261779785156
1.644451379776001, 12.0663480758667, 15.684839248657227, -489.2943115234375, -0.5987216830253601, -357.5284118652344
1.6299564838409424, 12.084397315979004, 15.699801445007324, -488.1820068359375, -0.6120966076850891, -357.6175231933594
1.613403558731079, 12.098379135131836, 15.713129997253418, -487.0693359375, -0.6226947903633118, -357.6896667480469
1.6003944873809814, 12.11303997039795, 15.723977088928223, -485.95220947265625, -0.6404362320899963, -357.7370300292969
1.5921719074249268, 12.122973442077637, 15.738054275512695, -484.83331298828125, -0.6551357507705688, -357.7648010253906
1.582927942276001, 12.134275436401367, 15.755790710449219, -483.7065734863281, -0.655402421951294, -357.7815246582031
1.5768001079559326, 12.14543342590332, 15.770950317382812, -482.5738830566406, -0.657974123954773, -357.7860412597656
1.5700571537017822, 12.15369701385498, 15.7885103225708, -481.43609619140625, -0.6620950102806091, -357.7889404296875
1.5647599697113037, 12.165973663330078, 15.80539321899414, -480.2891845703125, -0.6641736030578613, -357.7913513183594
1.5610110759735107, 12.183310508728027, 15.823359489440918, -479.1374206542969, -0.6689132452011108, -357.78009033203125
1.555344820022583, 12.199363708496094, 15.840127944946289, -477.99322509765625, -0.673004686832428, -357.7623596191406
1.5477945804595947, 12.212218284606934, 15.857922554016113, -476.8450012207031, -0.6771918535232544, -357.73309326171875
1.542243242263794, 12.220809936523438, 15.875181198120117, -475.6973876953125, -0.6779757738113403, -357.69329833984375
1.538111925125122, 12.226653099060059, 15.893604278564453, -474.5487060546875, -0.6814547777175903, -357.65130615234375
1.539419412612915, 12.233652114868164, 15.911972999572754, -473.3972473144531, -0.6923488974571228, -357.6100158691406
1.5453555583953857, 12.246214866638184, 15.925504684448242, -472.2428894042969, -0.700410008430481, -357.5693664550781
1.5550739765167236, 12.263267517089844, 15.93668270111084, -471.0858459472656, -0.706119179725647, -357.5359191894531
1.5616638660430908, 12.278432846069336, 15.946807861328125, -469.92584228515625, -0.7169463634490967, -357.5093688964844
1.568235158920288, 12.293943405151367, 15.960168838500977, -468.76715087890625, -0.723923921585083, -357.4917907714844
1.572221040725708, 12.309975624084473, 15.974762916564941, -467.6122131347656, -0.7280065417289734, -357.4780578613281
1.5751192569732666, 12.316532135009766, 15.989079475402832, -466.45526123046875, -0.733829915523529, -357.4676513671875
1.5787341594696045, 12.32183837890625, 16.00442123413086, -465.294921875, -0.7292355895042419, -357.4653015136719
1.5838878154754639, 12.324872970581055, 16.01814842224121, -464.1330871582031, -0.7223465442657471, -357.47308349609375
1.5893433094024658, 12.330459594726562, 16.03255271911621, -462.9692687988281, -0.7122882008552551, -357.4878234863281
1.5979602336883545, 12.338279724121094, 16.0474853515625, -461.8074035644531, -0.7001770734786987, -357.51416015625
1.6058189868927002, 12.35680866241455, 16.063676834106445, -460.6460266113281, -0.6904138922691345, -357.55126953125
1.6166069507598877, 12.376323699951172, 16.07741928100586, -459.48736572265625, -0.6844614148139954, -357.59661865234375
1.6247169971466064, 12.3921480178833, 16.092634201049805, -458.33514404296875, -0.6854102611541748, -357.6463623046875
1.6317732334136963, 12.407078742980957, 16.11104965209961, -457.18310546875, -0.6871899962425232, -357.7040100097656
1.6374776363372803, 12.420852661132812, 16.130538940429688, -456.0262756347656, -0.6889106035232544, -357.7712707519531
1.6415469646453857, 12.432747840881348, 16.148239135742188, -454.8717041015625, -0.6862870454788208, -357.85015869140625
1.6457993984222412, 12.441242218017578, 16.164278030395508, -453.7190856933594, -0.678781270980835, -357.9383544921875
1.6520168781280518, 12.446517944335938, 16.176393508911133, -452.5643005371094, -0.6661524176597595, -358.0279541015625
1.6595981121063232, 12.449897766113281, 16.18433952331543, -451.4201965332031, -0.6579452753067017, -358.1216125488281
1.6644337177276611, 12.450692176818848, 16.194108963012695, -450.28021240234375, -0.6479595303535461, -358.22100830078125
1.6701338291168213, 12.452919006347656, 16.203655242919922, -449.13739013671875, -0.6419427990913391, -358.32537841796875
1.6733248233795166, 12.458950996398926, 16.220075607299805, -447.9927978515625, -0.636069118976593, -358.4379577636719
1.6757938861846924, 12.463284492492676, 16.245033264160156, -446.8452453613281, -0.6313552260398865, -358.5606384277344
1.678588628768921, 12.467656135559082, 16.273324966430664, -445.69281005859375, -0.6267792582511902, -358.68603515625
1.685960054397583, 12.472826957702637, 16.299991607666016, -444.5378723144531, -0.6178948879241943, -358.8128662109375
1.6934268474578857, 12.480838775634766, 16.324981689453125, -443.3844909667969, -0.6118969321250916, -358.9446716308594
1.6980507373809814, 12.48283863067627, 16.349361419677734, -442.2337646484375, -0.6051585674285889, -359.0876770019531
1.7067062854766846, 12.483336448669434, 16.375263214111328, -441.0897216796875, -0.5980708003044128, -359.2428283691406
1.7144863605499268, 12.485581398010254, 16.4000244140625, -439.94091796875, -0.5874720215797424, -359.4130554199219
1.7232553958892822, 12.484284400939941, 16.421688079833984, -438.7934265136719, -0.581404447555542, -359.58551025390625
1.7307841777801514, 12.482049942016602, 16.43743324279785, -437.6481628417969, -0.5765193104743958, -359.7679748535156
1.7352607250213623, 12.48554801940918, 16.4495906829834, -436.5075378417969, -0.5720014572143555, -359.9535827636719
1.7357285022735596, 12.4908447265625, 16.464420318603516, -435.3741455078125, -0.5712751746177673, -360.14129638671875
1.7380592823028564, 12.502798080444336, 16.480932235717773, -434.24151611328125, -0.565686047077179, -360.3287353515625
1.7431657314300537, 12.516304016113281, 16.496252059936523, -433.10333251953125, -0.5624129176139832, -360.52337646484375
1.7468225955963135, 12.534055709838867, 16.512353897094727, -431.9742431640625, -0.5623249411582947, -360.7222595214844
1.7521812915802002, 12.55367660522461, 16.529096603393555, -430.8401184082031, -0.5613350868225098, -360.9281921386719
1.7541539669036865, 12.572071075439453, 16.546749114990234, -429.70867919921875, -0.5573331117630005, -361.1430969238281
1.7508060932159424, 12.590757369995117, 16.566267013549805, -428.57147216796875, -0.5514542460441589, -361.3631591796875
1.7437574863433838, 12.604671478271484, 16.582704544067383, -427.4313659667969, -0.5399195551872253, -361.5760498046875
1.7374165058135986, 12.617647171020508, 16.598926544189453, -426.29486083984375, -0.5231698155403137, -361.7851257324219
1.733393907546997, 12.63374137878418, 16.614444732666016, -425.1628112792969, -0.5092248916625977, -361.9843444824219
1.7362854480743408, 12.650435447692871, 16.63165855407715, -424.0261535644531, -0.4971887767314911, -362.1787414550781
1.738372564315796, 12.666584014892578, 16.6488094329834, -422.8910827636719, -0.4881199598312378, -362.3758544921875
1.7407901287078857, 12.682567596435547, 16.66341209411621, -421.7545166015625, -0.4751104712486267, -362.57501220703125
1.741358995437622, 12.697157859802246, 16.679290771484375, -420.6158142089844, -0.4656265079975128, -362.7785949707031
1.7444846630096436, 12.709288597106934, 16.699092864990234, -419.4781799316406, -0.46038442850112915, -362.9848937988281
1.7493107318878174, 12.721062660217285, 16.71830177307129, -418.3448486328125, -0.45811593532562256, -363.1889343261719
1.7563879489898682, 12.734344482421875, 16.736724853515625, -417.2154846191406, -0.45267724990844727, -363.3979797363281
1.763798475265503, 12.747830390930176, 16.7526912689209, -416.09173583984375, -0.4453530013561249, -363.6138916015625
1.7710840702056885, 12.760601997375488, 16.766971588134766, -414.97125244140625, -0.43446993827819824, -363.8385009765625
1.778108835220337, 12.77774715423584, 16.779850006103516, -413.8536071777344, -0.4236581027507782, -364.0716247558594
1.7825052738189697, 12.795172691345215, 16.793386459350586, -412.7353515625, -0.4140892028808594, -364.310546875
1.7883598804473877, 12.809120178222656, 16.803913116455078, -411.61553955078125, -0.4129725396633148, -364.5538330078125
1.7946174144744873, 12.819202423095703, 16.817325592041016, -410.4956970214844, -0.4149118661880493, -364.7995300292969
1.7968618869781494, 12.8281831741333, 16.831727981567383, -409.3815612792969, -0.41529175639152527, -365.0542297363281
1.7964608669281006, 12.83578872680664, 16.848548889160156, -408.26806640625, -0.41729918122291565, -365.31524658203125
1.7952473163604736, 12.844574928283691, 16.87073516845703, -407.14971923828125, -0.4180639982223511, -365.57891845703125
1.7946250438690186, 12.855688095092773, 16.891666412353516, -406.0310974121094, -0.41363412141799927, -365.8395690917969
1.7971751689910889, 12.865943908691406, 16.912691116333008, -404.9158630371094, -0.4038124680519104, -366.1015319824219
1.7985169887542725, 12.871576309204102, 16.933977127075195, -403.802490234375, -0.3939651846885681, -366.37115478515625
1.7971718311309814, 12.878575325012207, 16.94853973388672, -402.6920471191406, -0.3832157254219055, -366.64495849609375
1.7984874248504639, 12.887280464172363, 16.961257934570312, -401.5770263671875, -0.37952637672424316, -366.92132568359375
1.8015449047088623, 12.896258354187012, 16.972579956054688, -400.46392822265625, -0.37485265731811523, -367.1993408203125
1.7969486713409424, 12.905723571777344, 16.983810424804688, -399.3565979003906, -0.37412840127944946, -367.4808044433594
1.796724557876587, 12.91683292388916, 16.99187469482422, -398.256103515625, -0.3713490664958954, -367.75323486328125
1.800290822982788, 12.922431945800781, 16.998903274536133, -397.15692138671875, -0.36397266387939453, -368.0240478515625
1.8001654148101807, 12.925395011901855, 17.003618240356445, -396.0585021972656, -0.35554394125938416, -368.2966003417969
1.7997887134552002, 12.930597305297852, 17.009859085083008, -394.9600524902344, -0.35122624039649963, -368.5654296875
1.797459363937378, 12.938528060913086, 17.014066696166992, -393.8558044433594, -0.3494144678115845, -368.82965087890625
1.7953274250030518, 12.95240592956543, 17.02028465270996, -392.74920654296875, -0.35344138741493225, -369.0979919433594
1.7919714450836182, 12.968235969543457, 17.023571014404297, -391.6440734863281, -0.3572177588939667, -369.36041259765625
1.790196180343628, 12.980850219726562, 17.02680206298828, -390.5360107421875, -0.36144956946372986, -369.6156311035156
1.7957956790924072, 12.991659164428711, 17.030712127685547, -389.4225769042969, -0.36773067712783813, -369.8631591796875
1.7990314960479736, 13.00208568572998, 17.035383224487305, -388.3146667480469, -0.37190550565719604, -370.11468505859375
1.7963736057281494, 13.016566276550293, 17.0446720123291, -387.2116394042969, -0.37417030334472656, -370.36834716796875
1.7902090549468994, 13.035282135009766, 17.054786682128906, -386.1030578613281, -0.3754774332046509, -370.6260070800781
1.7840826511383057, 13.051102638244629, 17.06712532043457, -384.9924011230469, -0.37652531266212463, -370.878662109375
1.7765824794769287, 13.063433647155762, 17.08136558532715, -383.87799072265625, -0.37421801686286926, -371.1226501464844
1.767760992050171, 13.075016021728516, 17.093351364135742, -382.76361083984375, -0.3736497163772583, -371.35113525390625
1.7616169452667236, 13.087489128112793, 17.108734130859375, -381.64501953125, -0.37434282898902893, -371.5758972167969
1.7579195499420166, 13.100667953491211, 17.12370491027832, -380.52471923828125, -0.3700856864452362, -371.79632568359375
1.7574560642242432, 13.11726188659668, 17.140382766723633, -379.4002990722656, -0.370061457157135, -372.0204162597656
1.7593843936920166, 13.135048866271973, 17.154499053955078, -378.2752685546875, -0.37195518612861633, -372.2425231933594
1.7599732875823975, 13.15346908569336, 17.16867446899414, -377.1515197753906, -0.37315475940704346, -372.47100830078125
1.7580573558807373, 13.170390129089355, 17.18408203125, -376.0228271484375, -0.37764015793800354, -372.7052307128906
1.751107931137085, 13.191311836242676, 17.20270538330078, -374.89971923828125, -0.3824895918369293, -372.9386901855469
1.7400710582733154, 13.209267616271973, 17.219802856445312, -373.7747497558594, -0.38772934675216675, -373.1617431640625
1.7320067882537842, 13.224308967590332, 17.237274169921875, -372.63970947265625, -0.39131593704223633, -373.3743896484375
1.7300083637237549, 13.235727310180664, 17.257726669311523, -371.5034484863281, -0.3943829834461212, -373.57989501953125
1.7266438007354736, 13.247507095336914, 17.27863311767578, -370.36566162109375, -0.3915242552757263, -373.7790832519531
1.7244503498077393, 13.258577346801758, 17.296798706054688, -369.23138427734375, -0.3904072940349579, -373.9702453613281
1.7181999683380127, 13.270256042480469, 17.316402435302734, -368.09869384765625, -0.3948128819465637, -374.1584777832031
1.7139475345611572, 13.285796165466309, 17.33366584777832, -366.9601745605469, -0.40019524097442627, -374.3345642089844
1.7128465175628662, 13.298766136169434, 17.347875595092773, -365.8219299316406, -0.4082912504673004, -374.5002136230469
1.7112910747528076, 13.31412124633789, 17.361873626708984, -364.6910095214844, -0.41318246722221375, -374.6701354980469
1.7072231769561768, 13.331632614135742, 17.374513626098633, -363.557861328125, -0.41208064556121826, -374.840087890625
1.7054550647735596, 13.34988021850586, 17.3881893157959, -362.42156982421875, -0.4098983108997345, -375.0038757324219
1.7072789669036865, 13.363140106201172, 17.40581512451172, -361.2878723144531, -0.40528789162635803, -375.1671142578125
1.7096407413482666, 13.373037338256836, 17.424488067626953, -360.146240234375, -0.39987874031066895, -375.324462890625
1.710296869277954, 13.383010864257812, 17.446908950805664, -359.0028991699219, -0.3922485113143921, -375.4803161621094
1.7069175243377686, 13.392605781555176, 17.47054672241211, -357.8617858886719, -0.37973707914352417, -375.6373596191406
1.7051684856414795, 13.399189949035645, 17.493059158325195, -356.727294921875, -0.3675892949104309, -375.79034423828125
1.7018969058990479, 13.40921401977539, 17.514280319213867, -355.5929260253906, -0.35419273376464844, -375.94622802734375
1.7027628421783447, 13.417679786682129, 17.535627365112305, -354.4527893066406, -0.3434908390045166, -376.1026611328125
1.7043473720550537, 13.428006172180176, 17.56087875366211, -353.31475830078125, -0.33636415004730225, -376.2628173828125
1.7088091373443604, 13.440189361572266, 17.585460662841797, -352.1731872558594, -0.3367718756198883, -376.42633056640625
1.709688425064087, 13.452865600585938, 17.605566024780273, -351.0328674316406, -0.340885192155838, -376.591796875
1.709045648574829, 13.465127944946289, 17.625396728515625, -349.8893127441406, -0.3410186469554901, -376.75732421875
1.707181692123413, 13.480085372924805, 17.64137077331543, -348.7411804199219, -0.3421788513660431, -376.9206848144531
1.7106025218963623, 13.49533748626709, 17.658588409423828, -347.5952453613281, -0.34238120913505554, -377.0802001953125
1.7167208194732666, 13.509729385375977, 17.67824935913086, -346.4508361816406, -0.34050649404525757, -377.2407531738281
1.7229149341583252, 13.521313667297363, 17.693937301635742, -345.3094177246094, -0.32954251766204834, -377.4061279296875
1.7309606075286865, 13.534147262573242, 17.709577560424805, -344.17230224609375, -0.31978195905685425, -377.5781555175781
1.7367298603057861, 13.548262596130371, 17.722917556762695, -343.0381164550781, -0.308988094329834, -377.7624816894531
1.7429358959197998, 13.56308650970459, 17.733076095581055, -341.9001159667969, -0.29890573024749756, -377.9520263671875
1.7514870166778564, 13.579313278198242, 17.747028350830078, -340.76202392578125, -0.29232099652290344, -378.15313720703125
1.757570505142212, 13.593245506286621, 17.765783309936523, -339.6263732910156, -0.2898726761341095, -378.3615417480469
1.7635490894317627, 13.605169296264648, 17.78044891357422, -338.48931884765625, -0.28624120354652405, -378.58013916015625
1.765117883682251, 13.61711597442627, 17.79328155517578, -337.3537902832031, -0.2845847010612488, -378.80816650390625
1.763930082321167, 13.628307342529297, 17.80231285095215, -336.21282958984375, -0.2760830223560333, -379.035400390625
1.7606713771820068, 13.638229370117188, 17.807315826416016, -335.0738525390625, -0.26995551586151123, -379.2579650878906
1.754023790359497, 13.64673137664795, 17.811376571655273, -333.9449157714844, -0.26319414377212524, -379.47222900390625
1.743011713027954, 13.656340599060059, 17.817890167236328, -332.8126220703125, -0.2584304213523865, -379.67877197265625
1.7355263233184814, 13.662569046020508, 17.826635360717773, -331.68621826171875, -0.254067599773407, -379.8820495605469
1.7307050228118896, 13.669239044189453, 17.836904525756836, -330.56365966796875, -0.25567594170570374, -380.0658264160156
1.734269380569458, 13.669068336486816, 17.85160255432129, -329.44354248046875, -0.26981112360954285, -380.2464904785156
1.7375257015228271, 13.667747497558594, 17.86976432800293, -328.3199157714844, -0.28085288405418396, -380.4344482421875
1.7345221042633057, 13.671817779541016, 17.888023376464844, -327.1856384277344, -0.28307121992111206, -380.6285705566406
1.7313158512115479, 13.682151794433594, 17.90737533569336, -326.05157470703125, -0.28259196877479553, -380.8292541503906
1.7249205112457275, 13.690488815307617, 17.926410675048828, -324.9156799316406, -0.2772292494773865, -381.0229797363281
1.7175352573394775, 13.702287673950195, 17.942747116088867, -323.7867126464844, -0.27150237560272217, -381.2187805175781
1.7101929187774658, 13.716341018676758, 17.96145248413086, -322.6588439941406, -0.26629436016082764, -381.4061279296875
1.705322504043579, 13.730327606201172, 17.980525970458984, -321.5242004394531, -0.2660854458808899, -381.5836486816406
1.7013905048370361, 13.744674682617188, 17.994970321655273, -320.394287109375, -0.2695252001285553, -381.75531005859375
1.7027428150177002, 13.762178421020508, 18.011232376098633, -319.26617431640625, -0.272797167301178, -381.92279052734375
1.7036011219024658, 13.769841194152832, 18.030092239379883, -318.13092041015625, -0.2757945954799652, -382.0867614746094
1.7083971500396729, 13.773927688598633, 18.047775268554688, -316.99786376953125, -0.27825936675071716, -382.25482177734375
1.715003252029419, 13.778818130493164, 18.068735122680664, -315.86627197265625, -0.2829664349555969, -382.42364501953125
1.719970941543579, 13.781087875366211, 18.090059280395508, -314.746826171875, -0.29310789704322815, -382.6001281738281
1.7187912464141846, 13.783235549926758, 18.106115341186523, -313.6296691894531, -0.29835525155067444, -382.7784118652344
1.7215440273284912, 13.787181854248047, 18.123441696166992, -312.5206298828125, -0.3114832937717438, -382.95831298828125
1.72218918800354, 13.794243812561035, 18.145484924316406, -311.4173889160156, -0.32898738980293274, -383.13909912109375
1.725139856338501, 13.79832649230957, 18.161901473999023, -310.3030700683594, -0.3495769500732422, -383.317626953125
1.7223422527313232, 13.803138732910156, 18.17745018005371, -309.1869201660156, -0.3603813648223877, -383.5064697265625
1.7163727283477783, 13.808213233947754, 18.197290420532227, -308.0660705566406, -0.37818142771720886, -383.69122314453125
1.7105038166046143, 13.816844940185547, 18.221670150756836, -306.9378967285156, -0.3919093608856201, -383.8681945800781
1.707740068435669, 13.826946258544922, 18.24547576904297, -305.79327392578125, -0.40071356296539307, -384.0361022949219
1.7020728588104248, 13.834503173828125, 18.269746780395508, -304.6388244628906, -0.40328747034072876, -384.2005920410156
1.6972835063934326, 13.840291976928711, 18.294395446777344, -303.4831237792969, -0.40403932332992554, -384.3534240722656
1.6882851123809814, 13.843477249145508, 18.32060432434082, -302.3287658691406, -0.4034680724143982, -384.50421142578125
1.6795036792755127, 13.848450660705566, 18.34324073791504, -301.1811828613281, -0.3947782814502716, -384.6446533203125
1.6709797382354736, 13.853466987609863, 18.36312484741211, -300.0376281738281, -0.38144010305404663, -384.7720947265625
1.6649234294891357, 13.856139183044434, 18.379241943359375, -298.9022216796875, -0.3711048662662506, -384.8860778808594
1.6548521518707275, 13.860328674316406, 18.395112991333008, -297.7704772949219, -0.35795488953590393, -385.0006408691406
1.6424667835235596, 13.864668846130371, 18.40849494934082, -296.6361083984375, -0.3493947982788086, -385.1041564941406
1.6348936557769775, 13.871209144592285, 18.414676666259766, -295.49951171875, -0.34186309576034546, -385.19403076171875
1.6323940753936768, 13.871042251586914, 18.42142105102539, -294.361083984375, -0.3379974663257599, -385.2785949707031
1.631328821182251, 13.867480278015137, 18.424360275268555, -293.2276611328125, -0.33672812581062317, -385.35638427734375
1.6287457942962646, 13.870711326599121, 18.425718307495117, -292.0827331542969, -0.333270788192749, -385.4335632324219
1.6262476444244385, 13.874665260314941, 18.427865982055664, -290.9437561035156, -0.3289298415184021, -385.51177978515625
1.6223556995391846, 13.884870529174805, 18.427244186401367, -289.8126220703125, -0.32675647735595703, -385.5870361328125
1.6172916889190674, 13.89543342590332, 18.4300479888916, -288.6814880371094, -0.33056509494781494, -385.6546936035156
1.6100199222564697, 13.905765533447266, 18.435880661010742, -287.5557861328125, -0.3348826766014099, -385.7124938964844
1.6051814556121826, 13.919283866882324, 18.4440860748291, -286.42919921875, -0.34042325615882874, -385.7572937011719
1.6003029346466064, 13.93489933013916, 18.453222274780273, -285.2936706542969, -0.3527669608592987, -385.7994689941406
1.5913689136505127, 13.949339866638184, 18.465139389038086, -284.16180419921875, -0.35938626527786255, -385.830810546875
1.5864107608795166, 13.964906692504883, 18.47890281677246, -283.03546142578125, -0.3626595139503479, -385.8568420410156
1.5801255702972412, 13.971883773803711, 18.49151611328125, -281.90203857421875, -0.364216148853302, -385.8764953613281
1.5757582187652588, 13.97712516784668, 18.502286911010742, -280.7637023925781, -0.3574914336204529, -385.8904113769531
1.5726888179779053, 13.980610847473145, 18.518199920654297, -279.6288146972656, -0.34763410687446594, -385.904541015625
1.569535493850708, 13.98523998260498, 18.53338623046875, -278.4980773925781, -0.3395441174507141, -385.9149475097656
1.567425012588501, 13.98729133605957, 18.55156898498535, -277.3614807128906, -0.33542054891586304, -385.91717529296875
1.5695583820343018, 13.992712020874023, 18.569950103759766, -276.2260437011719, -0.3275145888328552, -385.9193420410156
1.5735890865325928, 13.995885848999023, 18.583818435668945, -275.0942077636719, -0.31596311926841736, -385.92193603515625
1.5811951160430908, 14.003538131713867, 18.597063064575195, -273.9608459472656, -0.30882179737091064, -385.9309387207031
1.5914690494537354, 14.0091552734375, 18.608718872070312, -272.82537841796875, -0.30167901515960693, -385.9522399902344
1.599968671798706, 14.020248413085938, 18.619205474853516, -271.692626953125, -0.2943267226219177, -385.98553466796875
1.6054813861846924, 14.030953407287598, 18.62940216064453, -270.5606994628906, -0.2822854220867157, -386.02801513671875
1.6126258373260498, 14.042399406433105, 18.64130210876465, -269.4303894042969, -0.2665417194366455, -386.077392578125
1.6141631603240967, 14.058042526245117, 18.653419494628906, -268.2906494140625, -0.25578436255455017, -386.1388854980469
1.6151807308197021, 14.075240135192871, 18.66761016845703, -267.13836669921875, -0.24779976904392242, -386.2004089355469
1.6168100833892822, 14.094413757324219, 18.685440063476562, -265.9861145019531, -0.24091437458992004, -386.2559814453125
1.6134445667266846, 14.111751556396484, 18.69757652282715, -264.83770751953125, -0.23042091727256775, -386.3009948730469
1.605708360671997, 14.127420425415039, 18.712421417236328, -263.6865234375, -0.21698220074176788, -386.3450622558594
1.6016309261322021, 14.141895294189453, 18.727264404296875, -262.5487976074219, -0.21210147440433502, -386.3824462890625
1.5948460102081299, 14.153100967407227, 18.739099502563477, -261.4108581542969, -0.20320746302604675, -386.41650390625
1.588804006576538, 14.162342071533203, 18.75101661682129, -260.27362060546875, -0.18576177954673767, -386.4471130371094
1.5837061405181885, 14.17344856262207, 18.757986068725586, -259.13153076171875, -0.16797766089439392, -386.470703125
1.5762417316436768, 14.182291030883789, 18.769771575927734, -257.9874267578125, -0.15475118160247803, -386.491943359375
1.5679314136505127, 14.188791275024414, 18.78813934326172, -256.84149169921875, -0.13848558068275452, -386.5064392089844
1.5606892108917236, 14.196145057678223, 18.810327529907227, -255.69293212890625, -0.13118067383766174, -386.5067138671875
1.5571277141571045, 14.208770751953125, 18.83233642578125, -254.54293823242188, -0.12072432041168213, -386.5009460449219
1.5487782955169678, 14.214269638061523, 18.855318069458008, -253.39398193359375, -0.11422552168369293, -386.48614501953125
1.5380442142486572, 14.211502075195312, 18.87582015991211, -252.2482147216797, -0.10433176904916763, -386.45953369140625
1.5293490886688232, 14.20887279510498, 18.891815185546875, -251.1050567626953, -0.09764514863491058, -386.4212341308594
1.5200870037078857, 14.20766830444336, 18.908031463623047, -249.96824645996094, -0.09121650457382202, -386.3689880371094
1.5063164234161377, 14.20163631439209, 18.921062469482422, -248.84078979492188, -0.07789614796638489, -386.3085632324219
1.4946191310882568, 14.198962211608887, 18.93177604675293, -247.710693359375, -0.06642112135887146, -386.23126220703125
1.4868528842926025, 14.198099136352539, 18.94457244873047, -246.57870483398438, -0.052241209894418716, -386.1427307128906
1.4787952899932861, 14.1956148147583, 18.95992088317871, -245.4490509033203, -0.03832218423485756, -386.0522766113281
1.4732959270477295, 14.194725036621094, 18.975086212158203, -244.3185272216797, -0.02457595244050026, -385.9586181640625
1.4691627025604248, 14.199146270751953, 18.98876953125, -243.1857452392578, -0.008844861760735512, -385.86224365234375
1.461961030960083, 14.20814323425293, 19.007116317749023, -242.05349731445312, 0.009551191702485085, -385.76165771484375
1.4532129764556885, 14.216289520263672, 19.017337799072266, -240.92616271972656, 0.022584926337003708, -385.653076171875
1.4443504810333252, 14.227395057678223, 19.028505325317383, -239.80215454101562, 0.03489896282553673, -385.53057861328125
1.4361374378204346, 14.24201488494873, 19.04270362854004, -238.6670684814453, 0.0428028404712677, -385.39166259765625
1.428300142288208, 14.254867553710938, 19.059627532958984, -237.53404235839844, 0.047429971396923065, -385.2408142089844
1.4205400943756104, 14.266079902648926, 19.072582244873047, -236.4065704345703, 0.048356086015701294, -385.07843017578125
1.4167873859405518, 14.284687995910645, 19.08240509033203, -235.2831268310547, 0.05037098005414009, -384.9077453613281
1.4114892482757568, 14.301403045654297, 19.09304428100586, -234.15821838378906, 0.05726247653365135, -384.7304992675781
1.4040462970733643, 14.317981719970703, 19.11264419555664, -233.0261688232422, 0.06878817081451416, -384.54681396484375
1.3966648578643799, 14.33372688293457, 19.12932014465332, -231.89349365234375, 0.07851677387952805, -384.35614013671875
1.3888237476348877, 14.349526405334473, 19.146883010864258, -230.75689697265625, 0.09100751578807831, -384.1515197753906
1.379650354385376, 14.35661792755127, 19.164836883544922, -229.61378479003906, 0.10456026345491409, -383.93756103515625
1.370380163192749, 14.365301132202148, 19.18199920654297, -228.48321533203125, 0.11662660539150238, -383.712646484375
1.3630082607269287, 14.376790046691895, 19.198780059814453, -227.35519409179688, 0.12088243663311005, -383.47491455078125
1.363248586654663, 14.388919830322266, 19.218111038208008, -226.22183227539062, 0.12804988026618958, -383.23126220703125
1.3632032871246338, 14.40165901184082, 19.240314483642578, -225.0956573486328, 0.13838256895542145, -382.98883056640625
1.3651983737945557, 14.412653923034668, 19.256216049194336, -223.9633331298828, 0.14657455682754517, -382.7460632324219
1.3641293048858643, 14.425859451293945, 19.269899368286133, -222.82632446289062, 0.1567237675189972, -382.50518798828125
1.3573553562164307, 14.434782981872559, 19.2879638671875, -221.6923828125, 0.1688997894525528, -382.26263427734375
1.350487470626831, 14.443204879760742, 19.309627532958984, -220.55856323242188, 0.18274761736392975, -382.0127258300781
1.342301607131958, 14.449377059936523, 19.335182189941406, -219.43167114257812, 0.19552943110466003, -381.75665283203125
1.332744836807251, 14.455256462097168, 19.356630325317383, -218.309326171875, 0.21022698283195496, -381.49407958984375
1.3289268016815186, 14.462939262390137, 19.378742218017578, -217.1927490234375, 0.2218645215034485, -381.2212829589844
1.3244168758392334, 14.472627639770508, 19.39887237548828, -216.07176208496094, 0.22724570333957672, -380.939453125
1.3148109912872314, 14.479968070983887, 19.41219711303711, -214.95745849609375, 0.23514345288276672, -380.65252685546875
1.303213357925415, 14.491211891174316, 19.428211212158203, -213.84365844726562, 0.24071206152439117, -380.34954833984375
1.2911994457244873, 14.50050163269043, 19.442392349243164, -212.73785400390625, 0.24473462998867035, -380.04327392578125
1.281841516494751, 14.506861686706543, 19.45899772644043, -211.63404846191406, 0.24325887858867645, -379.7239990234375
1.2744476795196533, 14.5136137008667, 19.47337532043457, -210.54156494140625, 0.23900441825389862, -379.3917236328125
1.2691452503204346, 14.522603034973145, 19.48723793029785, -209.4501495361328, 0.2343980073928833, -379.0505676269531
1.2624881267547607, 14.532262802124023, 19.5048828125, -208.3606414794922, 0.2333245873451233, -378.70111083984375
1.2529151439666748, 14.541752815246582, 19.52306365966797, -207.27734375, 0.22835977375507355, -378.35015869140625
1.2450659275054932, 14.546772956848145, 19.54170799255371, -206.19769287109375, 0.22399482131004333, -377.9868469238281
1.2399537563323975, 14.550623893737793, 19.5582332611084, -205.12599182128906, 0.2192683219909668, -377.61083984375
1.2335412502288818, 14.555737495422363, 19.575653076171875, -204.06240844726562, 0.2128830999135971, -377.2253112792969
1.2249348163604736, 14.558353424072266, 19.594772338867188, -203.0053253173828, 0.20791400969028473, -376.84002685546875
1.2237656116485596, 14.566010475158691, 19.61024284362793, -201.9418487548828, 0.19954539835453033, -376.4432373046875
1.2245733737945557, 14.579851150512695, 19.626785278320312, -200.87779235839844, 0.19741588830947876, -376.04656982421875
1.2215855121612549, 14.59631061553955, 19.644285202026367, -199.81468200683594, 0.1958983838558197, -375.6443176269531
1.215811014175415, 14.606853485107422, 19.664138793945312, -198.7477569580078, 0.19261384010314941, -375.2472839355469
1.2120068073272705, 14.61457347869873, 19.677431106567383, -197.68067932128906, 0.18865662813186646, -374.8395690917969
1.208449125289917, 14.621689796447754, 19.692092895507812, -196.6137237548828, 0.18379715085029602, -374.4308776855469
1.2057316303253174, 14.6211519241333, 19.703872680664062, -195.54440307617188, 0.18295568227767944, -374.01934814453125
1.2021338939666748, 14.620417594909668, 19.723752975463867, -194.46803283691406, 0.18255510926246643, -373.612548828125
1.2001850605010986, 14.62032413482666, 19.740991592407227, -193.39698791503906, 0.18468408286571503, -373.1997985839844
1.203657865524292, 14.622344017028809, 19.758777618408203, -192.3202362060547, 0.1924465149641037, -372.7800598144531
1.2049510478973389, 14.623846054077148, 19.779298782348633, -191.23736572265625, 0.20599138736724854, -372.36590576171875
1.2047960758209229, 14.624826431274414, 19.798707962036133, -190.1537628173828, 0.2198512852191925, -371.95556640625
1.1997735500335693, 14.633366584777832, 19.820682525634766, -189.07589721679688, 0.224114790558815, -371.54339599609375
1.196378469467163, 14.643758773803711, 19.842241287231445, -188.00099182128906, 0.22656705975532532, -371.12579345703125
1.1926696300506592, 14.656173706054688, 19.863733291625977, -186.92486572265625, 0.2261725515127182, -370.6985778808594
1.1905019283294678, 14.668121337890625, 19.879501342773438, -185.85069274902344, 0.23209992051124573, -370.2591857910156
1.185598611831665, 14.676656723022461, 19.897342681884766, -184.77450561523438, 0.24240685999393463, -369.82080078125
1.1779978275299072, 14.69153118133545, 19.91183090209961, -183.7004852294922, 0.24974095821380615, -369.37640380859375
1.1746962070465088, 14.708351135253906, 19.924640655517578, -182.6310577392578, 0.2563724219799042, -368.929931640625
1.1730825901031494, 14.718430519104004, 19.93973159790039, -181.563720703125, 0.2593294382095337, -368.4788818359375
1.170032262802124, 14.722227096557617, 19.955970764160156, -180.50119018554688, 0.26329681277275085, -368.0294189453125
1.1692578792572021, 14.7260160446167, 19.973222732543945, -179.440673828125, 0.26865532994270325, -367.5789489746094
1.1665003299713135, 14.732040405273438, 19.990312576293945, -178.38352966308594, 0.27812743186950684, -367.12445068359375
1.162487268447876, 14.739948272705078, 20.008136749267578, -177.32611083984375, 0.2906579077243805, -366.6663513183594
1.1566011905670166, 14.746546745300293, 20.026514053344727, -176.27679443359375, 0.2993597984313965, -366.2027893066406
1.1470348834991455, 14.752884864807129, 20.04483985900879, -175.2379913330078, 0.3074754476547241, -365.7319030761719
1.135047197341919, 14.759710311889648, 20.060924530029297, -174.20816040039062, 0.31154361367225647, -365.2545166015625
1.124586820602417, 14.76465129852295, 20.0739688873291, -173.1835174560547, 0.3202781677246094, -364.7743225097656
1.1142284870147705, 14.767491340637207, 20.087255477905273, -172.16299438476562, 0.3334718644618988, -364.2829284667969
1.1008217334747314, 14.764751434326172, 20.101579666137695, -171.14730834960938, 0.34772995114326477, -363.78387451171875
1.088726282119751, 14.761468887329102, 20.11627197265625, -170.14772033691406, 0.36433133482933044, -363.269775390625
1.0754096508026123, 14.75633430480957, 20.130199432373047, -169.15481567382812, 0.37979692220687866, -362.7430725097656
1.0654246807098389, 14.752787590026855, 20.141212463378906, -168.174560546875, 0.39330995082855225, -362.202392578125
1.058917760848999, 14.74628734588623, 20.152042388916016, -167.19802856445312, 0.400444358587265, -361.6424255371094
1.054551362991333, 14.73908805847168, 20.164569854736328, -166.2196502685547, 0.40391045808792114, -361.0724792480469
1.0468995571136475, 14.735796928405762, 20.176664352416992, -165.2400360107422, 0.4110570251941681, -360.4971008300781
1.0348708629608154, 14.736906051635742, 20.190013885498047, -164.26412963867188, 0.41027411818504333, -359.9151306152344
1.022336721420288, 14.742302894592285, 20.203292846679688, -163.2932891845703, 0.40914586186408997, -359.322021484375
1.0158255100250244, 14.74563217163086, 20.209545135498047, -162.33567810058594, 0.4101540148258209, -358.71527099609375
1.00948166847229, 14.751399993896484, 20.21688461303711, -161.37686157226562, 0.4067224860191345, -358.0977478027344
1.007920503616333, 14.753155708312988, 20.225027084350586, -160.41844177246094, 0.4031837582588196, -357.4728088378906
1.0068399906158447, 14.753905296325684, 20.233505249023438, -159.46144104003906, 0.40511056780815125, -356.8533630371094
1.0062553882598877, 14.754334449768066, 20.245166778564453, -158.49671936035156, 0.40857869386672974, -356.2352294921875
1.0095407962799072, 14.756157875061035, 20.260313034057617, -157.51939392089844, 0.41431745886802673, -355.616943359375
1.0131418704986572, 14.759025573730469, 20.27497673034668, -156.5423126220703, 0.4203028380870819, -355.00445556640625
1.0172350406646729, 14.764193534851074, 20.28960609436035, -155.5640106201172, 0.4231819808483124, -354.3985290527344
1.0203220844268799, 14.769984245300293, 20.303028106689453, -154.583984375, 0.4290464520454407, -353.79583740234375
1.0214035511016846, 14.77881145477295, 20.316333770751953, -153.6051788330078, 0.4360925853252411, -353.19403076171875
1.0206577777862549, 14.786648750305176, 20.331619262695312, -152.62274169921875, 0.4380328059196472, -352.5914611816406
1.0142858028411865, 14.790999412536621, 20.35019874572754, -151.64013671875, 0.44123324751853943, -351.9853515625
1.0079052448272705, 14.793396949768066, 20.371131896972656, -150.65919494628906, 0.4456599950790405, -351.370849609375
0.9982006549835205, 14.795719146728516, 20.38741683959961, -149.67828369140625, 0.4512186348438263, -350.75390625
0.9887659549713135, 14.797589302062988, 20.40816879272461, -148.7013702392578, 0.4528179466724396, -350.120361328125
0.9762918949127197, 14.80211353302002, 20.427343368530273, -147.7311248779297, 0.45522573590278625, -349.4822998046875
0.9671156406402588, 14.810686111450195, 20.446182250976562, -146.76991271972656, 0.45739996433258057, -348.83642578125
0.9598572254180908, 14.81990909576416, 20.46468162536621, -145.8151092529297, 0.4566756784915924, -348.1838073730469
0.9562861919403076, 14.825634956359863, 20.48259735107422, -144.86795043945312, 0.4619620740413666, -347.5299072265625
0.9547245502471924, 14.835537910461426, 20.503339767456055, -143.9245147705078, 0.465099036693573, -346.87908935546875
0.9534761905670166, 14.845762252807617, 20.5223388671875, -142.98275756835938, 0.4628145098686218, -346.2205810546875
0.9556224346160889, 14.855602264404297, 20.540071487426758, -142.03773498535156, 0.45648568868637085, -345.5589904785156
0.9570915699005127, 14.865777015686035, 20.558109283447266, -141.08470153808594, 0.45636218786239624, -344.8941345214844
0.9545977115631104, 14.874199867248535, 20.579113006591797, -140.1274871826172, 0.46680256724357605, -344.23797607421875
0.9533507823944092, 14.882903099060059, 20.601716995239258, -139.17178344726562, 0.4783479571342468, -343.58673095703125
0.9480669498443604, 14.886816024780273, 20.625532150268555, -138.21754455566406, 0.48465782403945923, -342.9283752441406
0.9468076229095459, 14.889557838439941, 20.646787643432617, -137.26759338378906, 0.4957752227783203, -342.267822265625
0.9464237689971924, 14.892361640930176, 20.667570114135742, -136.32057189941406, 0.5037480592727661, -341.60467529296875
0.9411542415618896, 14.900535583496094, 20.69032096862793, -135.369873046875, 0.5082535147666931, -340.93304443359375
0.936072587966919, 14.90632152557373, 20.711261749267578, -134.423095703125, 0.5139366984367371, -340.2536315917969
0.9301068782806396, 14.915736198425293, 20.734752655029297, -133.4806365966797, 0.5116472840309143, -339.5669860839844
0.9284145832061768, 14.927245140075684, 20.75201988220215, -132.54383850097656, 0.512073278427124, -338.8807678222656
0.9248425960540771, 14.94128704071045, 20.7653865814209, -131.61819458007812, 0.5150423645973206, -338.2015075683594
0.9242675304412842, 14.95692253112793, 20.78213882446289, -130.698974609375, 0.5129783749580383, -337.5145263671875
0.9182908535003662, 14.970621109008789, 20.795835494995117, -129.78546142578125, 0.5165390968322754, -336.82464599609375
0.9102599620819092, 14.98123836517334, 20.81382179260254, -128.87734985351562, 0.5150142908096313, -336.1270751953125
0.8990652561187744, 14.988113403320312, 20.828115463256836, -127.96923828125, 0.5101972818374634, -335.4267272949219
0.8886063098907471, 15.001651763916016, 20.842838287353516, -127.06468963623047, 0.5121369361877441, -334.7192687988281
0.8816554546356201, 15.018596649169922, 20.857053756713867, -126.16592407226562, 0.5121661424636841, -334.00738525390625
0.8714964389801025, 15.034756660461426, 20.87139320373535, -125.27494049072266, 0.5142621397972107, -333.2908020019531
0.8649818897247314, 15.050664901733398, 20.88717269897461, -124.38506317138672, 0.5149056315422058, -332.5616760253906
0.8626506328582764, 15.064924240112305, 20.90377426147461, -123.5054931640625, 0.5152456164360046, -331.8330078125
0.8608582019805908, 15.082464218139648, 20.919355392456055, -122.63197326660156, 0.5151469707489014, -331.104248046875
0.8614504337310791, 15.10390853881836, 20.93979835510254, -121.75965118408203, 0.5189863443374634, -330.37396240234375
0.8615710735321045, 15.12759017944336, 20.96209144592285, -120.87731170654297, 0.5215263962745667, -329.643310546875
0.8617498874664307, 15.150678634643555, 20.981916427612305, -119.99180603027344, 0.5219393968582153, -328.9136962890625
0.8618614673614502, 15.168885231018066, 20.995033264160156, -119.1084213256836, 0.5186456441879272, -328.17779541015625
0.8652346134185791, 15.18637466430664, 21.007646560668945, -118.22461700439453, 0.5188802480697632, -327.4390563964844
0.8667633533477783, 15.19966983795166, 21.02200698852539, -117.3341064453125, 0.51589035987854, -326.69989013671875
0.86722731590271, 15.212178230285645, 21.03898048400879, -116.4458999633789, 0.5113707780838013, -325.9549255371094
0.8646447658538818, 15.222240447998047, 21.052364349365234, -115.56043243408203, 0.513178288936615, -325.20770263671875
0.8636839389801025, 15.234291076660156, 21.066200256347656, -114.67012786865234, 0.5172327160835266, -324.46527099609375
0.862558126449585, 15.25217342376709, 21.08108901977539, -113.77296447753906, 0.5257362127304077, -323.71759033203125
0.8623855113983154, 15.268240928649902, 21.096656799316406, -112.87419128417969, 0.5342935919761658, -322.96868896484375
0.8642184734344482, 15.288446426391602, 21.110013961791992, -111.9819564819336, 0.5311421155929565, -322.2145080566406
0.865584135055542, 15.305362701416016, 21.118356704711914, -111.08822631835938, 0.5278470516204834, -321.4606018066406
0.8674609661102295, 15.31813907623291, 21.126943588256836, -110.19983673095703, 0.5283032655715942, -320.7104797363281
0.8718092441558838, 15.326662063598633, 21.136747360229492, -109.31395721435547, 0.5262630581855774, -319.9590148925781
0.8770921230316162, 15.331384658813477, 21.14914894104004, -108.42927551269531, 0.5225409269332886, -319.2053527832031
0.8808262348175049, 15.33424186706543, 21.163150787353516, -107.54170989990234, 0.5190520286560059, -318.4561462402344
0.8863980770111084, 15.336523056030273, 21.17784309387207, -106.64894104003906, 0.5201367735862732, -317.7108459472656
0.8937380313873291, 15.335938453674316, 21.194801330566406, -105.75435638427734, 0.5274339318275452, -316.97344970703125
0.8986594676971436, 15.337859153747559, 21.210819244384766, -104.85780334472656, 0.5264790058135986, -316.2439880371094
0.9010803699493408, 15.33931827545166, 21.22681427001953, -103.96035766601562, 0.5248603224754333, -315.52288818359375
0.9028041362762451, 15.342463493347168, 21.241851806640625, -103.05908203125, 0.5272936820983887, -314.81353759765625
0.9050643444061279, 15.34961986541748, 21.257160186767578, -102.15099334716797, 0.5305274724960327, -314.1091613769531
0.9097154140472412, 15.359353065490723, 21.273326873779297, -101.23260498046875, 0.5348429679870605, -313.4024353027344
0.9147641658782959, 15.372282981872559, 21.290109634399414, -100.30496978759766, 0.5358380675315857, -312.6962890625
0.9199988842010498, 15.38550853729248, 21.30379295349121, -99.37712097167969, 0.5305668115615845, -311.9931335449219
0.9206397533416748, 15.393411636352539, 21.31427764892578, -98.45494079589844, 0.530163049697876, -311.29571533203125
0.9165999889373779, 15.401780128479004, 21.32211685180664, -97.53579711914062, 0.5312551259994507, -310.59503173828125
0.9131972789764404, 15.40626049041748, 21.33452606201172, -96.62030792236328, 0.5310325026512146, -309.8898620605469
0.9096653461456299, 15.405670166015625, 21.345800399780273, -95.706298828125, 0.5281718969345093, -309.1799011230469
0.9022538661956787, 15.403291702270508, 21.353174209594727, -94.79994201660156, 0.5212020874023438, -308.4627990722656
0.8961770534515381, 15.405126571655273, 21.363243103027344, -93.90119171142578, 0.5115921497344971, -307.741455078125
0.8895914554595947, 15.41011905670166, 21.37604522705078, -93.00736999511719, 0.49516651034355164, -307.01226806640625
0.8852946758270264, 15.415943145751953, 21.385648727416992, -92.12044525146484, 0.4788070023059845, -306.27581787109375
0.8872911930084229, 15.41907024383545, 21.394634246826172, -91.23939514160156, 0.46383875608444214, -305.5330505371094
0.8884608745574951, 15.424972534179688, 21.402179718017578, -90.3597640991211, 0.4562872052192688, -304.8017883300781
0.8940045833587646, 15.430475234985352, 21.407609939575195, -89.4746322631836, 0.45074787735939026, -304.0726013183594
0.9054849147796631, 15.439746856689453, 21.412649154663086, -88.58087921142578, 0.44928228855133057, -303.34722900390625
0.9176895618438721, 15.45126724243164, 21.42034912109375, -87.67045593261719, 0.4426734447479248, -302.63134765625
0.9291346073150635, 15.461543083190918, 21.428075790405273, -86.75436401367188, 0.43676555156707764, -301.9296875
0.9388020038604736, 15.473482131958008, 21.434728622436523, -85.82701873779297, 0.4349130690097809, -301.23773193359375
0.9455444812774658, 15.485363006591797, 21.439489364624023, -84.89221954345703, 0.4350040853023529, -300.5500793457031
0.9492685794830322, 15.49240493774414, 21.44363784790039, -83.95219421386719, 0.43550336360931396, -299.8676452636719
0.9519641399383545, 15.49676513671875, 21.449237823486328, -83.01227569580078, 0.43792033195495605, -299.18670654296875
0.9544246196746826, 15.499469757080078, 21.458229064941406, -82.07061767578125, 0.4387526214122772, -298.50567626953125
0.9547693729400635, 15.501401901245117, 21.46927261352539, -81.12789916992188, 0.43489718437194824, -297.82537841796875
0.9526121616363525, 15.503837585449219, 21.481950759887695, -80.18462371826172, 0.4327654242515564, -297.14691162109375
0.9469902515411377, 15.505833625793457, 21.49691390991211, -79.24555969238281, 0.42973780632019043, -296.4667663574219
0.944922685623169, 15.506495475769043, 21.51348114013672, -78.30908966064453, 0.42732661962509155, -295.7803039550781
0.9416072368621826, 15.507431983947754, 21.528533935546875, -77.37811279296875, 0.42738109827041626, -295.09765625
0.9358932971954346, 15.509441375732422, 21.544668197631836, -76.44894409179688, 0.4306899607181549, -294.4171447753906
0.9316451549530029, 15.508981704711914, 21.560009002685547, -75.52452850341797, 0.4327573776245117, -293.7334289550781
0.9272329807281494, 15.506316184997559, 21.574016571044922, -74.60334777832031, 0.436178982257843, -293.0470886230469
0.9214565753936768, 15.502153396606445, 21.586153030395508, -73.68547821044922, 0.44027602672576904, -292.3536071777344
0.9146130084991455, 15.49720573425293, 21.597200393676758, -72.77473449707031, 0.4462154507637024, -291.65252685546875
0.9077932834625244, 15.493877410888672, 21.607948303222656, -71.86803436279297, 0.45265284180641174, -290.942138671875
0.9036166667938232, 15.49136734008789, 21.62010955810547, -70.96389770507812, 0.4554741084575653, -290.22821044921875
0.8982956409454346, 15.494297981262207, 21.63435173034668, -70.0615463256836, 0.45789459347724915, -289.51397705078125
0.8916490077972412, 15.49811840057373, 21.65195655822754, -69.15901184082031, 0.46395495533943176, -288.7932434082031
0.8860414028167725, 15.504358291625977, 21.66553497314453, -68.26300048828125, 0.4694563150405884, -288.0621643066406
0.8811657428741455, 15.510248184204102, 21.67844581604004, -67.37010192871094, 0.47369351983070374, -287.3268127441406
0.8758494853973389, 15.516979217529297, 21.693824768066406, -66.48192596435547, 0.47802382707595825, -286.58905029296875
0.8729631900787354, 15.526409149169922, 21.70846939086914, -65.59526062011719, 0.4841189682483673, -285.848388671875
0.8684489727020264, 15.53696346282959, 21.722217559814453, -64.7135009765625, 0.4904397130012512, -285.108642578125
0.864250898361206, 15.551043510437012, 21.736068725585938, -63.835330963134766, 0.49728482961654663, -284.3617858886719
0.8596737384796143, 15.567039489746094, 21.75157356262207, -62.956424713134766, 0.5081727504730225, -283.6112976074219
0.8605301380157471, 15.579086303710938, 21.76923370361328, -62.08419418334961, 0.5179730653762817, -282.85675048828125
0.8610785007476807, 15.588579177856445, 21.783214569091797, -61.21525192260742, 0.5274534225463867, -282.1039123535156
0.8592374324798584, 15.601442337036133, 21.7984676361084, -60.343284606933594, 0.5377386808395386, -281.346923828125
0.8527815341949463, 15.612105369567871, 21.810686111450195, -59.476341247558594, 0.5515033602714539, -280.59088134765625
0.8439967632293701, 15.624748229980469, 21.821657180786133, -58.61385726928711, 0.5623897314071655, -279.8299560546875
0.840376615524292, 15.638941764831543, 21.8305606842041, -57.75926971435547, 0.5691128969192505, -279.0625
0.8312437534332275, 15.654243469238281, 21.836164474487305, -56.903480529785156, 0.5751529335975647, -278.28387451171875
0.821692705154419, 15.669075012207031, 21.841096878051758, -56.05720520019531, 0.5788708329200745, -277.4981689453125
0.8176028728485107, 15.682295799255371, 21.846778869628906, -55.217445373535156, 0.5847386121749878, -276.70745849609375
0.8128340244293213, 15.69703483581543, 21.85165023803711, -54.38094711303711, 0.5903749465942383, -275.9106140136719
0.8057091236114502, 15.71417236328125, 21.859344482421875, -53.546607971191406, 0.593053936958313, -275.10931396484375
0.796612024307251, 15.728911399841309, 21.872802734375, -52.71571350097656, 0.597116231918335, -274.3016052246094
0.7888972759246826, 15.742403030395508, 21.892091751098633, -51.884490966796875, 0.5969657301902771, -273.4890441894531
0.7856829166412354, 15.757044792175293, 21.910051345825195, -51.0623779296875, 0.5991047024726868, -272.6759033203125
0.7825698852539062, 15.770764350891113, 21.928573608398438, -50.24217224121094, 0.6024248003959656, -271.860595703125
0.7762963771820068, 15.782740592956543, 21.94151496887207, -49.42937088012695, 0.6079039573669434, -271.0459289550781
0.7686450481414795, 15.788980484008789, 21.953630447387695, -48.62649917602539, 0.6240092515945435, -270.2330017089844
0.7616009712219238, 15.794489860534668, 21.962989807128906, -47.83112335205078, 0.6416764259338379, -269.4161376953125
0.7564036846160889, 15.80025863647461, 21.97058868408203, -47.045738220214844, 0.6626725196838379, -268.5900573730469
0.7499845027923584, 15.804146766662598, 21.980043411254883, -46.267539978027344, 0.676112174987793, -267.7604064941406
0.7437577247619629, 15.807624816894531, 21.990707397460938, -45.49216842651367, 0.693747341632843, -266.9242248535156
0.7379767894744873, 15.809216499328613, 22.001787185668945, -44.72291946411133, 0.7144546508789062, -266.0869445800781
0.7295677661895752, 15.812674522399902, 22.014307022094727, -43.959171295166016, 0.7350351214408875, -265.2452697753906
0.7224972248077393, 15.821131706237793, 22.02796745300293, -43.19850540161133, 0.7491062879562378, -264.3880310058594
0.7203192710876465, 15.826560020446777, 22.042198181152344, -42.442237854003906, 0.7591543197631836, -263.529541015625
0.720815896987915, 15.834293365478516, 22.055519104003906, -41.684391021728516, 0.7740523815155029, -262.6659851074219
0.7215118408203125, 15.840157508850098, 22.0671329498291, -40.927146911621094, 0.786535918712616, -261.79339599609375
0.7258403301239014, 15.848130226135254, 22.081912994384766, -40.166019439697266, 0.7996108531951904, -260.9163513183594
0.7288634777069092, 15.855608940124512, 22.098859786987305, -39.39173126220703, 0.8141792416572571, -260.04742431640625
0.7247629165649414, 15.864896774291992, 22.1127872467041, -38.61483383178711, 0.8324573636054993, -259.1874084472656
0.7171099185943604, 15.878719329833984, 22.126873016357422, -37.84427261352539, 0.8472835421562195, -258.3269348144531
0.7040517330169678, 15.892505645751953, 22.138629913330078, -37.08039093017578, 0.8568709492683411, -257.45599365234375
0.6884641647338867, 15.904241561889648, 22.153432846069336, -36.32334899902344, 0.8612494468688965, -256.57220458984375
0.6729180812835693, 15.918370246887207, 22.17496681213379, -35.572208404541016, 0.870493471622467, -255.67713928222656
0.6613185405731201, 15.936399459838867, 22.193483352661133, -34.83439254760742, 0.8776398301124573, -254.7686309814453
0.6537575721740723, 15.951639175415039, 22.20892333984375, -34.11595916748047, 0.8901693820953369, -253.86009216308594
0.6502399444580078, 15.970550537109375, 22.22867202758789, -33.404232025146484, 0.8993625640869141, -252.93797302246094
0.6469433307647705, 15.991541862487793, 22.248193740844727, -32.697113037109375, 0.9007647633552551, -252.00335693359375
0.6451408863067627, 16.010812759399414, 22.26536750793457, -31.99066925048828, 0.8969912528991699, -251.05914306640625
0.6426589488983154, 16.02440643310547, 22.277570724487305, -31.291500091552734, 0.8907880187034607, -250.11428833007812
0.6369240283966064, 16.03829574584961, 22.29132080078125, -30.598791122436523, 0.8839274644851685, -249.16921997070312
0.6316053867340088, 16.055809020996094, 22.303539276123047, -29.913835525512695, 0.8780571222305298, -248.23052978515625
0.624830961227417, 16.07256317138672, 22.315929412841797, -29.226146697998047, 0.8743950128555298, -247.28541564941406
0.6180620193481445, 16.090513229370117, 22.330965042114258, -28.54619026184082, 0.8712378144264221, -246.3451385498047
0.611459493637085, 16.101797103881836, 22.347997665405273, -27.86743927001953, 0.8654540181159973, -245.39524841308594
0.6060512065887451, 16.112497329711914, 22.365623474121094, -27.192617416381836, 0.8622828722000122, -244.44383239746094
0.6015288829803467, 16.119998931884766, 22.385271072387695, -26.517780303955078, 0.8669795989990234, -243.48719787597656
0.5985620021820068, 16.126361846923828, 22.40372085571289, -25.851839065551758, 0.8662748336791992, -242.5314178466797
0.59360671043396, 16.132280349731445, 22.420654296875, -25.18648910522461, 0.8612000942230225, -241.56834411621094
0.5856485366821289, 16.141605377197266, 22.434938430786133, -24.53162384033203, 0.8580676317214966, -240.60260009765625
0.582857608795166, 16.152202606201172, 22.451610565185547, -23.8850040435791, 0.8517970442771912, -239.6352996826172
0.5780694484710693, 16.168027877807617, 22.47074317932129, -23.245643615722656, 0.8416232466697693, -238.66380310058594
0.5732429027557373, 16.180967330932617, 22.48822784423828, -22.611431121826172, 0.8267787098884583, -237.68692016601562
0.5674128532409668, 16.190380096435547, 22.503149032592773, -21.98345184326172, 0.8189290165901184, -236.7174835205078
0.5633080005645752, 16.199934005737305, 22.519872665405273, -21.35575294494629, 0.8152376413345337, -235.7468719482422
0.5606319904327393, 16.209688186645508, 22.539470672607422, -20.728437423706055, 0.808419406414032, -234.76588439941406
0.5556337833404541, 16.219736099243164, 22.55762481689453, -20.10348129272461, 0.8079164028167725, -233.78890991210938
0.5471827983856201, 16.22854232788086, 22.57438850402832, -19.489761352539062, 0.8120501637458801, -232.81849670410156
0.5384864807128906, 16.234506607055664, 22.588327407836914, -18.888938903808594, 0.8109649419784546, -231.83355712890625
0.5316948890686035, 16.239294052124023, 22.605195999145508, -18.29632568359375, 0.807084858417511, -230.84555053710938
0.5216333866119385, 16.23956298828125, 22.61985206604004, -17.710060119628906, 0.80343097448349, -229.86251831054688
0.5130279064178467, 16.243627548217773, 22.635488510131836, -17.136491775512695, 0.7989736795425415, -228.87709045410156
0.5056560039520264, 16.248294830322266, 22.652151107788086, -16.571739196777344, 0.7944400906562805, -227.88421630859375
0.4991166591644287, 16.256038665771484, 22.668106079101562, -16.020124435424805, 0.788189172744751, -226.88784790039062
0.48996877670288086, 16.266376495361328, 22.685808181762695, -15.47024917602539, 0.7828382253646851, -225.8836669921875
0.4785323143005371, 16.282634735107422, 22.704504013061523, -14.925504684448242, 0.7792737483978271, -224.87451171875
0.46590352058410645, 16.295438766479492, 22.721372604370117, -14.394603729248047, 0.7715903520584106, -223.86166381835938
0.4550344944000244, 16.308061599731445, 22.738723754882812, -13.87374210357666, 0.76985102891922, -222.83932495117188
0.44451308250427246, 16.31963348388672, 22.759723663330078, -13.362658500671387, 0.7793382406234741, -221.80978393554688
0.434603214263916, 16.330398559570312, 22.776599884033203, -12.870079040527344, 0.7848609089851379, -220.7718048095703
0.42530274391174316, 16.336137771606445, 22.791757583618164, -12.386648178100586, 0.7959918975830078, -219.7330322265625
0.4076516628265381, 16.341337203979492, 22.80752182006836, -11.910646438598633, 0.812303900718689, -218.6909942626953
0.38953638076782227, 16.347129821777344, 22.82649803161621, -11.442231178283691, 0.8282760977745056, -217.64161682128906
0.37902307510375977, 16.353172302246094, 22.848690032958984, -11.001105308532715, 0.8451350927352905, -216.58932495117188
0.3724076747894287, 16.362083435058594, 22.866239547729492, -10.569771766662598, 0.8660870790481567, -215.52590942382812
0.36615777015686035, 16.375398635864258, 22.884523391723633, -10.144516944885254, 0.8889254331588745, -214.46170043945312
0.3588085174560547, 16.38309669494629, 22.899049758911133, -9.732317924499512, 0.9083381295204163, -213.4036865234375
0.35124683380126953, 16.393091201782227, 22.912181854248047, -9.32802677154541, 0.9263096451759338, -212.3452606201172
0.34010767936706543, 16.40582847595215, 22.93026351928711, -8.932291030883789, 0.93998122215271, -211.28656005859375
0.3296682834625244, 16.422773361206055, 22.94205665588379, -8.544888496398926, 0.9459598064422607, -210.22227478027344
0.3251190185546875, 16.440244674682617, 22.958984375, -8.169512748718262, 0.9497538208961487, -209.15403747558594
0.3240540027618408, 16.456396102905273, 22.974395751953125, -7.806539535522461, 0.9531145095825195, -208.08255004882812
0.3158113956451416, 16.468814849853516, 22.995115280151367, -7.440277099609375, 0.9557953476905823, -206.99705505371094
0.3100094795227051, 16.477235794067383, 23.016725540161133, -7.078636646270752, 0.9631118774414062, -205.90219116210938
0.30687665939331055, 16.482379913330078, 23.038387298583984, -6.728340148925781, 0.9653149247169495, -204.80250549316406
0.3066716194152832, 16.490047454833984, 23.064529418945312, -6.3834028244018555, 0.9713889956474304, -203.70803833007812
0.3034372329711914, 16.496566772460938, 23.087018966674805, -6.0421528816223145, 0.9795736074447632, -202.6144561767578
0.308074951171875, 16.504526138305664, 23.107852935791016, -5.70088529586792, 0.9936106204986572, -201.51226806640625
0.30905652046203613, 16.512283325195312, 23.126672744750977, -5.350275993347168, 1.0059921741485596, -200.40762329101562
0.3123962879180908, 16.520917892456055, 23.14314842224121, -4.997320652008057, 1.0162405967712402, -199.29727172851562
0.31677746772766113, 16.52947235107422, 23.15630531311035, -4.641994953155518, 1.0301755666732788, -198.18841552734375
0.32038307189941406, 16.54214096069336, 23.172115325927734, -4.283044338226318, 1.0459740161895752, -197.0799560546875
0.319598913192749, 16.557222366333008, 23.189348220825195, -3.926436185836792, 1.0551507472991943, -195.97119140625
0.31200385093688965, 16.57260513305664, 23.20820426940918, -3.569516181945801, 1.0631905794143677, -194.86776733398438
0.3028414249420166, 16.57874298095703, 23.229066848754883, -3.219482898712158, 1.0775161981582642, -193.7611541748047
0.2934870719909668, 16.582876205444336, 23.249919891357422, -2.8773610591888428, 1.0913312435150146, -192.6603546142578
0.2810933589935303, 16.591772079467773, 23.27106475830078, -2.5422685146331787, 1.095483422279358, -191.56027221679688
0.26926326751708984, 16.597705841064453, 23.291133880615234, -2.224191188812256, 1.1060864925384521, -190.45217895507812
0.25623416900634766, 16.599273681640625, 23.307954788208008, -1.9189831018447876, 1.1212915182113647, -189.33749389648438
0.2464756965637207, 16.605899810791016, 23.323673248291016, -1.628593921661377, 1.1368067264556885, -188.22122192382812
0.2374134063720703, 16.61058807373047, 23.33899688720703, -1.351256251335144, 1.153843879699707, -187.10336303710938
0.22585129737854004, 16.621612548828125, 23.35422134399414, -1.083297610282898, 1.1719441413879395, -185.9857940673828
0.213606595993042, 16.636545181274414, 23.366132736206055, -0.830135703086853, 1.1909277439117432, -184.8623504638672
0.20279908180236816, 16.654964447021484, 23.376413345336914, -0.5907747149467468, 1.2089735269546509, -183.74176025390625
0.19241690635681152, 16.67722511291504, 23.386133193969727, -0.36320358514785767, 1.220319390296936, -182.6160125732422
0.18241095542907715, 16.69921112060547, 23.398426055908203, -0.14237867295742035, 1.228885531425476, -181.48838806152344
0.17297148704528809, 16.723278045654297, 23.413307189941406, 0.06467415392398834, 1.2372063398361206, -180.35935974121094
0.16374826431274414, 16.740371704101562, 23.421735763549805, 0.25758641958236694, 1.243303894996643, -179.2355499267578
0.15148615837097168, 16.75123405456543, 23.432188034057617, 0.43832728266716003, 1.2593790292739868, -178.1194610595703
0.1402907371520996, 16.760330200195312, 23.441627502441406, 0.607306957244873, 1.2835580110549927, -176.99948120117188
0.12865090370178223, 16.771617889404297, 23.45108985900879, 0.7641746997833252, 1.3122310638427734, -175.88217163085938
0.11811518669128418, 16.7800350189209, 23.460697174072266, 0.9118030071258545, 1.3329474925994873, -174.7593231201172
0.11283421516418457, 16.789072036743164, 23.47462272644043, 1.055396318435669, 1.3528282642364502, -173.6355743408203
0.11219167709350586, 16.79837989807129, 23.492820739746094, 1.1861119270324707, 1.360761284828186, -172.50827026367188
0.11245942115783691, 16.81096649169922, 23.50994110107422, 1.3172807693481445, 1.3693991899490356, -171.36984252929688
0.1112813949584961, 16.822988510131836, 23.526248931884766, 1.4424071311950684, 1.3807651996612549, -170.23788452148438
0.10836338996887207, 16.831979751586914, 23.542510986328125, 1.5581164360046387, 1.3909119367599487, -169.10118103027344
0.10436582565307617, 16.844270706176758, 23.560298919677734, 1.6709777116775513, 1.4017666578292847, -167.95928955078125
0.09665060043334961, 16.8568115234375, 23.57501792907715, 1.7760965824127197, 1.4156562089920044, -166.82302856445312
0.08968973159790039, 16.86867904663086, 23.58856201171875, 1.8715782165527344, 1.4303078651428223, -165.69351196289062
0.07996821403503418, 16.884172439575195, 23.605802536010742, 1.9644138813018799, 1.444677710533142, -164.56028747558594
0.0679159164428711, 16.895774841308594, 23.62139320373535, 2.0451977252960205, 1.4603418111801147, -163.42938232421875
0.05511188507080078, 16.9033145904541, 23.641313552856445, 2.1164369583129883, 1.4747791290283203, -162.3007354736328
0.044085025787353516, 16.90941047668457, 23.658998489379883, 2.1754510402679443, 1.4926165342330933, -161.1652374267578
0.033280372619628906, 16.921770095825195, 23.684368133544922, 2.226487398147583, 1.5107421875, -160.02476501464844
0.019471406936645508, 16.935270309448242, 23.705820083618164, 2.2656378746032715, 1.5283700227737427, -158.88555908203125
0.005156517028808594, 16.950946807861328, 23.72506332397461, 2.2903523445129395, 1.5476365089416504, -157.74876403808594
-0.01077580451965332, 16.967727661132812, 23.737659454345703, 2.2929739952087402, 1.5641106367111206, -156.61244201660156
-0.031286001205444336, 16.981584548950195, 23.74890899658203, 2.281287908554077, 1.5775984525680542, -155.47109985351562
-0.04610633850097656, 16.991592407226562, 23.760831832885742, 2.2453300952911377, 1.5924930572509766, -154.32901000976562
-0.06467223167419434, 16.996257781982422, 23.772289276123047, 2.1907694339752197, 1.6130870580673218, -153.19114685058594
-0.08224916458129883, 17.001651763916016, 23.784481048583984, 2.118999481201172, 1.6341774463653564, -152.05429077148438
-0.09882831573486328, 17.01007080078125, 23.79798126220703, 2.0249738693237305, 1.64535391330719, -150.91619873046875
-0.11473441123962402, 17.019229888916016, 23.817584991455078, 1.9091893434524536, 1.6552014350891113, -149.77301025390625
-0.12778210639953613, 17.024917602539062, 23.84114646911621, 1.7774001359939575, 1.6726958751678467, -148.63430786132812
-0.14228391647338867, 17.030982971191406, 23.864164352416992, 1.635526418685913, 1.6884067058563232, -147.5031280517578
-0.15625905990600586, 17.03471565246582, 23.885299682617188, 1.4780755043029785, 1.709482192993164, -146.3705291748047
-0.16431879997253418, 17.047252655029297, 23.907302856445312, 1.3051683902740479, 1.7324293851852417, -145.24237060546875
-0.17424464225769043, 17.061487197875977, 23.92999839782715, 1.1247820854187012, 1.753577709197998, -144.11611938476562
-0.18481040000915527, 17.07421875, 23.94955062866211, 0.934381902217865, 1.7738033533096313, -142.98594665527344
-0.19252490997314453, 17.082853317260742, 23.966379165649414, 0.7231650352478027, 1.7847691774368286, -141.85812377929688
-0.1991434097290039, 17.09006118774414, 23.977998733520508, 0.499448299407959, 1.786561131477356, -140.7251739501953
-0.20678138732910156, 17.0953311920166, 23.995277404785156, 0.2682585120201111, 1.7935817241668701, -139.5971221923828
-0.20918965339660645, 17.100358963012695, 24.01434898376465, 0.025515243411064148, 1.803372859954834, -138.4725799560547
-0.21497702598571777, 17.103652954101562, 24.035358428955078, -0.22030438482761383, 1.8128833770751953, -137.3473358154297
-0.2220461368560791, 17.105396270751953, 24.047386169433594, -0.47585469484329224, 1.8197839260101318, -136.22445678710938
-0.22455334663391113, 17.109785079956055, 24.06118392944336, -0.7344878315925598, 1.8294473886489868, -135.10633850097656
-0.22599315643310547, 17.112152099609375, 24.07846450805664, -0.9999275207519531, 1.841711401939392, -133.99021911621094
-0.2275385856628418, 17.114789962768555, 24.09526252746582, -1.267305850982666, 1.8538135290145874, -132.87306213378906
-0.23457884788513184, 17.11450958251953, 24.112619400024414, -1.5339245796203613, 1.8635571002960205, -131.75018310546875
-0.23838019371032715, 17.118494033813477, 24.130001068115234, -1.8110356330871582, 1.8733949661254883, -130.63380432128906
-0.2432725429534912, 17.11884117126465, 24.148029327392578, -2.090785026550293, 1.8827276229858398, -129.52215576171875
-0.24829554557800293, 17.122142791748047, 24.164386749267578, -2.375545024871826, 1.889589786529541, -128.41189575195312
-0.24910283088684082, 17.12309455871582, 24.177024841308594, -2.6630232334136963, 1.8989853858947754, -127.3062973022461
-0.2560079097747803, 17.12154197692871, 24.188194274902344, -2.9558088779449463, 1.9097853899002075, -126.20166015625
-0.2631673812866211, 17.116039276123047, 24.20432472229004, -3.2509684562683105, 1.9204158782958984, -125.09896850585938
-0.26854920387268066, 17.110300064086914, 24.22480010986328, -3.552886962890625, 1.9292402267456055, -123.98877716064453
-0.27582669258117676, 17.109416961669922, 24.244352340698242, -3.8602514266967773, 1.9364546537399292, -122.88204193115234
-0.2797062397003174, 17.11457633972168, 24.26311492919922, -4.174262046813965, 1.9466640949249268, -121.77943420410156
-0.28392672538757324, 17.124265670776367, 24.28432273864746, -4.481505393981934, 1.9652092456817627, -120.67677307128906
-0.28790783882141113, 17.1335391998291, 24.303136825561523, -4.799695014953613, 1.9817670583724976, -119.57212829589844
-0.2910151481628418, 17.147323608398438, 24.321731567382812, -5.119357585906982, 2.001540184020996, -118.4652099609375
-0.29943132400512695, 17.1574764251709, 24.33594512939453, -5.438534736633301, 2.0187320709228516, -117.36126708984375
-0.3045470714569092, 17.1673583984375, 24.353736877441406, -5.771936893463135, 2.0370540618896484, -116.26187133789062
-0.31267786026000977, 17.182750701904297, 24.374454498291016, -6.106550216674805, 2.054326057434082, -115.16929626464844
-0.3189394474029541, 17.193941116333008, 24.393245697021484, -6.446749687194824, 2.0757577419281006, -114.07148742675781
-0.32739996910095215, 17.207307815551758, 24.40910530090332, -6.799168586730957, 2.0984506607055664, -112.97262573242188
-0.3362162113189697, 17.223878860473633, 24.423646926879883, -7.169577121734619, 2.112462043762207, -111.88463592529297
-0.3414638042449951, 17.240345001220703, 24.444196701049805, -7.547026634216309, 2.1301915645599365, -110.79825592041016
-0.34842514991760254, 17.257478713989258, 24.466665267944336, -7.923281192779541, 2.1437721252441406, -109.72063446044922
-0.34843015670776367, 17.27168083190918, 24.484418869018555, -8.306252479553223, 2.1533970832824707, -108.6468505859375
-0.35021471977233887, 17.28166389465332, 24.500896453857422, -8.69104290008545, 2.1637821197509766, -107.5700912475586
-0.3523437976837158, 17.29075813293457, 24.51421546936035, -9.082829475402832, 2.175947904586792, -106.50166320800781
-0.36034655570983887, 17.294153213500977, 24.530611038208008, -9.473562240600586, 2.1913537979125977, -105.43675231933594
-0.3715546131134033, 17.292407989501953, 24.545358657836914, -9.874842643737793, 2.2025339603424072, -104.3765640258789
-0.38503479957580566, 17.29771614074707, 24.558462142944336, -10.282715797424316, 2.2193217277526855, -103.32193756103516
-0.3971219062805176, 17.30482292175293, 24.566789627075195, -10.696751594543457, 2.2353439331054688, -102.268798828125
-0.4094815254211426, 17.311376571655273, 24.573453903198242, -11.128275871276855, 2.248964309692383, -101.21886444091797
-0.42101025581359863, 17.32107925415039, 24.586509704589844, -11.569774627685547, 2.2660558223724365, -100.1700439453125
-0.42922186851501465, 17.329721450805664, 24.604103088378906, -12.023968696594238, 2.2786202430725098, -99.12174987792969
-0.44029712677001953, 17.341453552246094, 24.62330436706543, -12.490837097167969, 2.2927181720733643, -98.07588958740234
-0.4532022476196289, 17.35456657409668, 24.643314361572266, -12.978692054748535, 2.311692237854004, -97.0312728881836
-0.4666423797607422, 17.369544982910156, 24.66996955871582, -13.472809791564941, 2.330418586730957, -95.98854064941406
-0.48328423500061035, 17.386545181274414, 24.698448181152344, -13.982279777526855, 2.339049816131592, -94.95155334472656
-0.5006864070892334, 17.40192413330078, 24.724884033203125, -14.510518074035645, 2.3493330478668213, -93.91764831542969
-0.5130016803741455, 17.41802406311035, 24.74661636352539, -15.060140609741211, 2.3593862056732178, -92.8975830078125
-0.5237810611724854, 17.435075759887695, 24.768810272216797, -15.622566223144531, 2.373405933380127, -91.88214111328125
-0.5283386707305908, 17.45064353942871, 24.78997039794922, -16.198944091796875, 2.382936716079712, -90.87400817871094
-0.5370364189147949, 17.466957092285156, 24.813983917236328, -16.773027420043945, 2.392881155014038, -89.86016082763672
-0.5457184314727783, 17.476390838623047, 24.83488655090332, -17.35129737854004, 2.3956820964813232, -88.85505676269531
-0.557084321975708, 17.481361389160156, 24.85539436340332, -17.94076156616211, 2.3956892490386963, -87.8568115234375
-0.5631449222564697, 17.4862117767334, 24.87656021118164, -18.53792953491211, 2.3896865844726562, -86.86687469482422
-0.5654888153076172, 17.492292404174805, 24.898216247558594, -19.146480560302734, 2.3815724849700928, -85.88469696044922
-0.5673642158508301, 17.501691818237305, 24.91964340209961, -19.756587982177734, 2.3732850551605225, -84.89557647705078
-0.5705065727233887, 17.503929138183594, 24.93636131286621, -20.36760139465332, 2.370643138885498, -83.91464233398438
-0.5750446319580078, 17.507259368896484, 24.950077056884766, -20.978532791137695, 2.3695952892303467, -82.94342803955078
-0.5795791149139404, 17.510812759399414, 24.967012405395508, -21.587371826171875, 2.3758039474487305, -81.98515319824219
-0.5798962116241455, 17.512325286865234, 24.98633575439453, -22.19454574584961, 2.3801753520965576, -81.03569030761719
-0.5827732086181641, 17.513591766357422, 25.005083084106445, -22.79910659790039, 2.3857550621032715, -80.08760833740234
-0.5884599685668945, 17.519901275634766, 25.02339744567871, -23.399505615234375, 2.385307550430298, -79.13764953613281
-0.5984029769897461, 17.529258728027344, 25.038724899291992, -24.001476287841797, 2.3821909427642822, -78.18291473388672
-0.6054856777191162, 17.538293838500977, 25.053955078125, -24.622539520263672, 2.380441427230835, -77.23443603515625
-0.6070249080657959, 17.549518585205078, 25.067392349243164, -25.258485794067383, 2.380514144897461, -76.28707885742188
-0.6075522899627686, 17.560937881469727, 25.087432861328125, -25.906591415405273, 2.3809876441955566, -75.33799743652344
-0.6119141578674316, 17.573801040649414, 25.098175048828125, -26.552444458007812, 2.3813767433166504, -74.40003967285156
-0.6131465435028076, 17.5819091796875, 25.104154586791992, -27.207468032836914, 2.378826379776001, -73.47264862060547
-0.6158311367034912, 17.58605194091797, 25.11507797241211, -27.86392593383789, 2.379194974899292, -72.5472183227539
-0.6151459217071533, 17.591815948486328, 25.127132415771484, -28.519332885742188, 2.3815081119537354, -71.62574005126953
-0.6103382110595703, 17.598796844482422, 25.148967742919922, -29.16951560974121, 2.391195297241211, -70.69932556152344
-0.609105110168457, 17.601398468017578, 25.170757293701172, -29.816553115844727, 2.4069676399230957, -69.76261901855469
-0.610396146774292, 17.603729248046875, 25.189973831176758, -30.45477294921875, 2.418858289718628, -68.82206726074219
-0.6099541187286377, 17.605175018310547, 25.20281410217285, -31.088157653808594, 2.4244906902313232, -67.88507080078125
-0.6115245819091797, 17.607572555541992, 25.21842384338379, -31.721593856811523, 2.423295021057129, -66.94988250732422
-0.6112058162689209, 17.608007431030273, 25.232627868652344, -32.359920501708984, 2.4179792404174805, -66.0181884765625
-0.613145112991333, 17.606443405151367, 25.247119903564453, -32.99916076660156, 2.4171433448791504, -65.08544921875
-0.6174345016479492, 17.6048583984375, 25.258764266967773, -33.642578125, 2.4145727157592773, -64.1573257446289
-0.6180994510650635, 17.60572624206543, 25.276477813720703, -34.28410339355469, 2.4103236198425293, -63.224571228027344
-0.6220393180847168, 17.60693359375, 25.29865837097168, -34.925750732421875, 2.4035210609436035, -62.29060363769531
-0.628861665725708, 17.609939575195312, 25.320005416870117, -35.57838821411133, 2.3943984508514404, -61.36220932006836
-0.6343393325805664, 17.61151885986328, 25.337535858154297, -36.2360725402832, 2.3843889236450195, -60.44301223754883
-0.63543701171875, 17.61171531677246, 25.356914520263672, -36.9023323059082, 2.378563642501831, -59.53204345703125
-0.637453556060791, 17.612384796142578, 25.375465393066406, -37.57615280151367, 2.3771703243255615, -58.61901092529297
-0.6401374340057373, 17.614519119262695, 25.389812469482422, -38.251319885253906, 2.374549150466919, -57.71101760864258
-0.6394414901733398, 17.617910385131836, 25.407602310180664, -38.92903518676758, 2.3695356845855713, -56.79833984375
-0.6402251720428467, 17.61503791809082, 25.425439834594727, -39.605125427246094, 2.3605570793151855, -55.877620697021484
-0.6390149593353271, 17.61278533935547, 25.437454223632812, -40.274818420410156, 2.354407787322998, -54.955135345458984
-0.6408863067626953, 17.617170333862305, 25.451688766479492, -40.94342041015625, 2.3526523113250732, -54.03548812866211
-0.641200065612793, 17.623035430908203, 25.4665584564209, -41.61072540283203, 2.3475611209869385, -53.10900115966797
-0.6396939754486084, 17.628055572509766, 25.48842430114746, -42.281402587890625, 2.3346352577209473, -52.18212127685547
-0.6386287212371826, 17.630826950073242, 25.509328842163086, -42.95056915283203, 2.3230581283569336, -51.25566101074219
-0.6377506256103516, 17.635210037231445, 25.531856536865234, -43.61544418334961, 2.313147783279419, -50.326541900634766
-0.6332616806030273, 17.643905639648438, 25.54880714416504, -44.285003662109375, 2.3066458702087402, -49.398868560791016
-0.6325209140777588, 17.65751075744629, 25.565631866455078, -44.95843505859375, 2.301867723464966, -48.46834945678711
-0.6303060054779053, 17.6726016998291, 25.58119773864746, -45.633331298828125, 2.300532341003418, -47.536376953125
-0.6300857067108154, 17.683162689208984, 25.59384536743164, -46.30671310424805, 2.3000457286834717, -46.610137939453125
-0.6332051753997803, 17.693559646606445, 25.60810661315918, -46.98052215576172, 2.2949392795562744, -45.68730163574219
-0.6383390426635742, 17.703659057617188, 25.625320434570312, -47.655357360839844, 2.2950873374938965, -44.7695198059082
-0.6453449726104736, 17.71278953552246, 25.6409912109375, -48.33292007446289, 2.2930145263671875, -43.8544807434082
-0.65376877784729, 17.717756271362305, 25.658220291137695, -49.01504135131836, 2.2911322116851807, -42.95319747924805
-0.6606934070587158, 17.718488693237305, 25.67394256591797, -49.70081329345703, 2.2899632453918457, -42.06438064575195
-0.6661579608917236, 17.715709686279297, 25.68731689453125, -50.392581939697266, 2.293250322341919, -41.17896270751953
-0.6695141792297363, 17.713321685791016, 25.700138092041016, -51.094146728515625, 2.296440362930298, -40.299285888671875
-0.6718418598175049, 17.715946197509766, 25.71235466003418, -51.7984504699707, 2.299224615097046, -39.42079544067383
-0.6785228252410889, 17.721115112304688, 25.722383499145508, -52.508888244628906, 2.307610034942627, -38.541683197021484
-0.6845266819000244, 17.726139068603516, 25.727516174316406, -53.223880767822266, 2.314598798751831, -37.662723541259766
-0.687302827835083, 17.73015785217285, 25.73267364501953, -53.94332504272461, 2.316593647003174, -36.790138244628906
-0.692817211151123, 17.73486328125, 25.743276596069336, -54.655765533447266, 2.3151707649230957, -35.92204666137695
-0.6938517093658447, 17.739276885986328, 25.754331588745117, -55.37087631225586, 2.309608221054077, -35.05548858642578
-0.6963701248168945, 17.74315071105957, 25.760622024536133, -56.079078674316406, 2.3041763305664062, -34.19001770019531
-0.6974821090698242, 17.74859046936035, 25.770580291748047, -56.791778564453125, 2.293256998062134, -33.320735931396484
-0.699411153793335, 17.7550106048584, 25.782060623168945, -57.511024475097656, 2.2847397327423096, -32.44781494140625
-0.7003843784332275, 17.76069450378418, 25.79616355895996, -58.23709487915039, 2.2714056968688965, -31.580556869506836
-0.7024862766265869, 17.763057708740234, 25.80835723876953, -58.968101501464844, 2.259408712387085, -30.712238311767578
-0.7055885791778564, 17.76368522644043, 25.826616287231445, -59.704837799072266, 2.2536261081695557, -29.836286544799805
-0.7128331661224365, 17.76070785522461, 25.844581604003906, -60.445804595947266, 2.249361515045166, -28.962480545043945
-0.7178633213043213, 17.75836944580078, 25.858253479003906, -61.19485092163086, 2.2455697059631348, -28.093774795532227
-0.7272593975067139, 17.758329391479492, 25.874900817871094, -61.94945526123047, 2.244760274887085, -27.227506637573242
-0.7316339015960693, 17.75952911376953, 25.8924617767334, -62.71419143676758, 2.2434582710266113, -26.370309829711914
-0.7328908443450928, 17.763988494873047, 25.903324127197266, -63.48636245727539, 2.2346279621124268, -25.51502227783203
-0.7318458557128906, 17.766633987426758, 25.916465759277344, -64.26651763916016, 2.2314536571502686, -24.6585693359375
-0.7308595180511475, 17.766019821166992, 25.928970336914062, -65.04230499267578, 2.2266933917999268, -23.801223754882812
-0.7281110286712646, 17.771503448486328, 25.94209098815918, -65.81161499023438, 2.220431089401245, -22.946134567260742
-0.7198054790496826, 17.781755447387695, 25.96119499206543, -66.58140563964844, 2.2108774185180664, -22.084651947021484
-0.71978759765625, 17.790451049804688, 25.977821350097656, -67.34542083740234, 2.198598623275757, -21.21782112121582
-0.7177793979644775, 17.795181274414062, 25.99335289001465, -68.119873046875, 2.1888620853424072, -20.34215545654297
-0.715477705001831, 17.796796798706055, 26.00643539428711, -68.8923110961914, 2.1765711307525635, -19.46432876586914
-0.7109818458557129, 17.80071449279785, 26.025304794311523, -69.66421508789062, 2.1711626052856445, -18.582406997680664
-0.7067573070526123, 17.811140060424805, 26.051633834838867, -70.43099212646484, 2.164468288421631, -17.70017433166504
-0.7035701274871826, 17.821535110473633, 26.078754425048828, -71.19465637207031, 2.161454200744629, -16.812314987182617
-0.7065215110778809, 17.829622268676758, 26.104761123657227, -71.96141052246094, 2.1531636714935303, -15.90905475616455
-0.7136270999908447, 17.841503143310547, 26.127792358398438, -72.72547912597656, 2.143493413925171, -15.01323127746582
-0.720844030380249, 17.85573959350586, 26.149648666381836, -73.49720001220703, 2.1328752040863037, -14.12363338470459
-0.7257080078125, 17.871389389038086, 26.171720504760742, -74.27479553222656, 2.1207756996154785, -13.236468315124512
-0.7264187335968018, 17.877914428710938, 26.194561004638672, -75.05177307128906, 2.107224464416504, -12.347575187683105
-0.7269761562347412, 17.882953643798828, 26.214384078979492, -75.8312759399414, 2.094465970993042, -11.456900596618652
-0.724618673324585, 17.886560440063477, 26.237926483154297, -76.60356140136719, 2.081197738647461, -10.567522048950195
-0.7243902683258057, 17.89324188232422, 26.261005401611328, -77.37777709960938, 2.0719103813171387, -9.676702499389648
-0.7283835411071777, 17.90011215209961, 26.2818546295166, -78.15184020996094, 2.0663387775421143, -8.791163444519043
-0.7387564182281494, 17.908891677856445, 26.301639556884766, -78.93289184570312, 2.064893960952759, -7.909592151641846
-0.7468373775482178, 17.915285110473633, 26.31846809387207, -79.72306823730469, 2.06549334526062, -7.0358991622924805
-0.7580280303955078, 17.926111221313477, 26.336484909057617, -80.52215576171875, 2.06728196144104, -6.170656204223633
-0.7715449333190918, 17.94085693359375, 26.35416603088379, -81.33238220214844, 2.0678772926330566, -5.312972545623779
-0.7835628986358643, 17.959789276123047, 26.37165069580078, -82.15750885009766, 2.065643072128296, -4.469559669494629
-0.793325662612915, 17.97846031188965, 26.385074615478516, -82.99932861328125, 2.072140693664551, -3.634464740753174
-0.801642656326294, 17.995325088500977, 26.399784088134766, -83.8453140258789, 2.079120635986328, -2.80951189994812
-0.8101832866668701, 18.011789321899414, 26.418682098388672, -84.69530487060547, 2.087369680404663, -1.99586820602417
-0.8171966075897217, 18.028318405151367, 26.440473556518555, -85.55026245117188, 2.0883493423461914, -1.189337134361267
-0.8262808322906494, 18.049341201782227, 26.459903717041016, -86.4093017578125, 2.0914947986602783, -0.38165897130966187
-0.8329751491546631, 18.06670379638672, 26.47894287109375, -87.28592681884766, 2.101673126220703, 0.4196842312812805
-0.8414866924285889, 18.081830978393555, 26.492952346801758, -88.16807556152344, 2.113586187362671, 1.216223955154419
-0.8485934734344482, 18.099817276000977, 26.5018253326416, -89.06281280517578, 2.1260461807250977, 2.009190559387207
-0.860614538192749, 18.116683959960938, 26.511661529541016, -89.95722961425781, 2.1399571895599365, 2.7984886169433594
-0.8712410926818848, 18.13705825805664, 26.519115447998047, -90.85225677490234, 2.1523053646087646, 3.565384864807129
-0.884122371673584, 18.160104751586914, 26.527530670166016, -91.74365997314453, 2.16402268409729, 4.3183274269104
-0.8959691524505615, 18.18113136291504, 26.542476654052734, -92.64400482177734, 2.176804542541504, 5.059864521026611
-0.9086551666259766, 18.195852279663086, 26.552478790283203, -93.55062866210938, 2.188014030456543, 5.7864556312561035
-0.9220025539398193, 18.207853317260742, 26.56121253967285, -94.46437072753906, 2.2074263095855713, 6.493582248687744
-0.9338829517364502, 18.218111038208008, 26.567373275756836, -95.38986206054688, 2.227477550506592, 7.18637228012085
-0.9447317123413086, 18.225078582763672, 26.574541091918945, -96.3221206665039, 2.2477030754089355, 7.862233638763428
-0.9554040431976318, 18.235301971435547, 26.579259872436523, -97.25434112548828, 2.265021800994873, 8.535201072692871
-0.9650523662567139, 18.246292114257812, 26.586015701293945, -98.18583679199219, 2.2768301963806152, 9.205739974975586
-0.9688868522644043, 18.25868797302246, 26.595369338989258, -99.12660217285156, 2.2854483127593994, 9.873455047607422
-0.9728860855102539, 18.274169921875, 26.60826873779297, -100.07538604736328, 2.2904577255249023, 10.540017127990723
-0.9789862632751465, 18.290973663330078, 26.62035369873047, -101.03192901611328, 2.297163724899292, 11.19734001159668
-0.9854006767272949, 18.307924270629883, 26.630950927734375, -101.98929595947266, 2.3065919876098633, 11.848161697387695
-0.9894735813140869, 18.32615089416504, 26.64118194580078, -102.95475006103516, 2.315854549407959, 12.498531341552734
-0.9917690753936768, 18.34709930419922, 26.6496524810791, -103.92431640625, 2.3215014934539795, 13.143899917602539
-0.9941205978393555, 18.363698959350586, 26.65589714050293, -104.89152526855469, 2.329068183898926, 13.78670883178711
-1.0000677108764648, 18.381303787231445, 26.66448974609375, -105.86284637451172, 2.337721824645996, 14.42659854888916
-1.0074422359466553, 18.39778709411621, 26.67939567565918, -106.83929443359375, 2.3439157009124756, 15.058387756347656
-1.015242099761963, 18.415027618408203, 26.695884704589844, -107.81905364990234, 2.3548388481140137, 15.680161476135254
-1.0222361087799072, 18.430410385131836, 26.711992263793945, -108.80686950683594, 2.369884967803955, 16.289047241210938
-1.0305919647216797, 18.441246032714844, 26.732009887695312, -109.79150390625, 2.3848156929016113, 16.895381927490234
-1.037442684173584, 18.448923110961914, 26.749847412109375, -110.77875518798828, 2.396092653274536, 17.492938995361328
-1.042297601699829, 18.451303482055664, 26.765146255493164, -111.77283477783203, 2.4067165851593018, 18.083425521850586
-1.0445873737335205, 18.455793380737305, 26.779953002929688, -112.7681884765625, 2.41819167137146, 18.669822692871094
-1.0449845790863037, 18.463661193847656, 26.79810333251953, -113.76848602294922, 2.4287948608398438, 19.25652503967285
-1.0432817935943604, 18.472444534301758, 26.817216873168945, -114.77133178710938, 2.43991756439209, 19.849699020385742
-1.0418798923492432, 18.487131118774414, 26.830387115478516, -115.77316284179688, 2.449246406555176, 20.442249298095703
-1.041064739227295, 18.50272560119629, 26.84035873413086, -116.77320861816406, 2.459245204925537, 21.034080505371094
-1.040417194366455, 18.51767349243164, 26.854381561279297, -117.76859283447266, 2.4645841121673584, 21.620805740356445
-1.0370948314666748, 18.535289764404297, 26.869293212890625, -118.76842498779297, 2.4691877365112305, 22.2073974609375
-1.0325672626495361, 18.549116134643555, 26.881656646728516, -119.76641082763672, 2.475464344024658, 22.798147201538086
-1.0324275493621826, 18.564943313598633, 26.89238739013672, -120.76017761230469, 2.4840214252471924, 23.393230438232422
-1.0309131145477295, 18.57883071899414, 26.90530776977539, -121.75473022460938, 2.491811752319336, 23.978862762451172
-1.0296669006347656, 18.590259552001953, 26.917448043823242, -122.74652862548828, 2.4907467365264893, 24.565587997436523
-1.0282490253448486, 18.601444244384766, 26.930662155151367, -123.73639678955078, 2.4898107051849365, 25.154932022094727
-1.0249297618865967, 18.61166000366211, 26.94647789001465, -124.72565460205078, 2.492018222808838, 25.746618270874023
-1.0237982273101807, 18.620710372924805, 26.966995239257812, -125.71031951904297, 2.4982173442840576, 26.3428897857666
-1.0224764347076416, 18.62897300720215, 26.993396759033203, -126.689697265625, 2.5076746940612793, 26.941856384277344
-1.023082971572876, 18.638700485229492, 27.02236557006836, -127.67243957519531, 2.517521381378174, 27.548748016357422
-1.0237457752227783, 18.65032958984375, 27.046451568603516, -128.65866088867188, 2.521855592727661, 28.160751342773438
-1.023486852645874, 18.663843154907227, 27.07074546813965, -129.6504364013672, 2.5247318744659424, 28.7717342376709
-1.0211131572723389, 18.678062438964844, 27.09275245666504, -130.64871215820312, 2.5285327434539795, 29.38145637512207
-1.021874189376831, 18.692197799682617, 27.111841201782227, -131.64315795898438, 2.536987543106079, 29.99265480041504
-1.0240652561187744, 18.707727432250977, 27.13030433654785, -132.63328552246094, 2.550424575805664, 30.60158348083496
-1.0265238285064697, 18.724599838256836, 27.151124954223633, -133.62062072753906, 2.5616161823272705, 31.20694351196289
-1.0278542041778564, 18.73619842529297, 27.16883659362793, -134.60997009277344, 2.5689902305603027, 31.811771392822266
-1.0297324657440186, 18.745986938476562, 27.187541961669922, -135.59426879882812, 2.57702374458313, 32.41493225097656
-1.0334575176239014, 18.75470542907715, 27.212305068969727, -136.5759735107422, 2.5884220600128174, 33.01490783691406
-1.0388834476470947, 18.762523651123047, 27.236473083496094, -137.55921936035156, 2.5972495079040527, 33.60718536376953
-1.0423369407653809, 18.76971435546875, 27.259597778320312, -138.5474395751953, 2.602679491043091, 34.195533752441406
-1.0434305667877197, 18.778566360473633, 27.282560348510742, -139.53895568847656, 2.608501434326172, 34.77857971191406
-1.0428440570831299, 18.79148292541504, 27.305747985839844, -140.52964782714844, 2.618028402328491, 35.35965347290039
-1.0433752536773682, 18.806901931762695, 27.329906463623047, -141.52352905273438, 2.6246304512023926, 35.939537048339844
-1.0447075366973877, 18.82324981689453, 27.350162506103516, -142.51702880859375, 2.6295812129974365, 36.518455505371094
-1.0453178882598877, 18.840097427368164, 27.365413665771484, -143.50820922851562, 2.631664514541626, 37.09658432006836
-1.0496675968170166, 18.857524871826172, 27.379981994628906, -144.4950408935547, 2.6320295333862305, 37.672943115234375
-1.051429271697998, 18.873266220092773, 27.392736434936523, -145.48680114746094, 2.6265108585357666, 38.250762939453125
-1.05125093460083, 18.886629104614258, 27.401180267333984, -146.4798583984375, 2.623277425765991, 38.82719039916992
-1.0504820346832275, 18.902694702148438, 27.411680221557617, -147.47286987304688, 2.6223177909851074, 39.4069938659668
-1.0467383861541748, 18.924453735351562, 27.41875457763672, -148.4658966064453, 2.6259167194366455, 39.976776123046875
-1.0436923503875732, 18.947345733642578, 27.42925453186035, -149.4605712890625, 2.6282501220703125, 40.548583984375
-1.0455725193023682, 18.967172622680664, 27.44139862060547, -150.4519500732422, 2.6310417652130127, 41.12273406982422
-1.0491116046905518, 18.984935760498047, 27.4566650390625, -151.44366455078125, 2.6342780590057373, 41.69744110107422
-1.0494024753570557, 19.00042724609375, 27.47482681274414, -152.4365997314453, 2.6402032375335693, 42.2730598449707
-1.0488111972808838, 19.015005111694336, 27.49065589904785, -153.42813110351562, 2.6425981521606445, 42.85048294067383
-1.0468533039093018, 19.026735305786133, 27.503652572631836, -154.42210388183594, 2.643869161605835, 43.42616653442383
-1.0456674098968506, 19.03842544555664, 27.51318359375, -155.4212188720703, 2.64479923248291, 44.00636291503906
-1.0405185222625732, 19.049118041992188, 27.524715423583984, -156.42681884765625, 2.642655849456787, 44.59088897705078
-1.034984827041626, 19.061124801635742, 27.539844512939453, -157.42819213867188, 2.64373779296875, 45.18288803100586
-1.029515027999878, 19.073034286499023, 27.55614471435547, -158.42808532714844, 2.649332284927368, 45.78133010864258
-1.0251824855804443, 19.083330154418945, 27.57154655456543, -159.41708374023438, 2.6544864177703857, 46.383365631103516
-1.0228018760681152, 19.095714569091797, 27.58902359008789, -160.40516662597656, 2.65936017036438, 46.992679595947266
-1.025012731552124, 19.111181259155273, 27.60443115234375, -161.39109802246094, 2.662179708480835, 47.60322570800781
-1.0243985652923584, 19.124980926513672, 27.615571975708008, -162.37892150878906, 2.6582579612731934, 48.21467971801758
-1.0275557041168213, 19.133150100708008, 27.624536514282227, -163.36305236816406, 2.6475460529327393, 48.82014465332031
-1.0381057262420654, 19.146121978759766, 27.64167594909668, -164.3471221923828, 2.641479969024658, 49.427345275878906
-1.0460007190704346, 19.16061782836914, 27.661239624023438, -165.3458251953125, 2.636547088623047, 50.02945327758789
-1.0497303009033203, 19.17499351501465, 27.68247413635254, -166.3506317138672, 2.632866621017456, 50.61796188354492
-1.0526058673858643, 19.187280654907227, 27.703136444091797, -167.35777282714844, 2.6332454681396484, 51.19865798950195
-1.0554983615875244, 19.199520111083984, 27.723583221435547, -168.36207580566406, 2.6323766708374023, 51.77841567993164
-1.059051752090454, 19.211708068847656, 27.742904663085938, -169.36341857910156, 2.6303699016571045, 52.351287841796875
-1.0594661235809326, 19.221158981323242, 27.75853729248047, -170.3750762939453, 2.6274352073669434, 52.92326354980469
-1.0619127750396729, 19.23052406311035, 27.76810073852539, -171.38809204101562, 2.619375467300415, 53.49365997314453
-1.0665106773376465, 19.23849105834961, 27.77924156188965, -172.40077209472656, 2.6189687252044678, 54.06170654296875
-1.0688197612762451, 19.246063232421875, 27.78926658630371, -173.41419982910156, 2.6166744232177734, 54.6231575012207
-1.0729172229766846, 19.257354736328125, 27.802244186401367, -174.428466796875, 2.6101276874542236, 55.178375244140625
-1.0772778987884521, 19.267004013061523, 27.81597328186035, -175.446533203125, 2.6025428771972656, 55.72562789916992
-1.0862681865692139, 19.27583122253418, 27.83269691467285, -176.46200561523438, 2.596755266189575, 56.270442962646484
-1.0980913639068604, 19.286001205444336, 27.849464416503906, -177.48681640625, 2.590637445449829, 56.805850982666016
-1.1081068515777588, 19.294485092163086, 27.86577033996582, -178.51466369628906, 2.585679292678833, 57.32802963256836
-1.115154504776001, 19.30213165283203, 27.883268356323242, -179.54083251953125, 2.5798370838165283, 57.840396881103516
-1.1194841861724854, 19.30858612060547, 27.90019989013672, -180.56822204589844, 2.5716135501861572, 58.35014343261719
-1.1225879192352295, 19.32162857055664, 27.917020797729492, -181.5943603515625, 2.5582618713378906, 58.86062240600586
-1.1229841709136963, 19.337255477905273, 27.92920684814453, -182.6216583251953, 2.545276403427124, 59.37028884887695
-1.1233904361724854, 19.35562515258789, 27.945951461791992, -183.6488494873047, 2.5307540893554688, 59.875267028808594
-1.1250417232513428, 19.37210464477539, 27.966182708740234, -184.6759490966797, 2.517831802368164, 60.37811279296875
-1.1283814907073975, 19.384828567504883, 27.978782653808594, -185.70179748535156, 2.5117294788360596, 60.870521545410156
-1.1332101821899414, 19.393051147460938, 27.99440574645996, -186.72689819335938, 2.5066378116607666, 61.35405349731445
-1.1389658451080322, 19.403778076171875, 28.012882232666016, -187.7543487548828, 2.504491090774536, 61.83304214477539
-1.1469545364379883, 19.41873550415039, 28.03127098083496, -188.79603576660156, 2.500565528869629, 62.302066802978516
-1.157118320465088, 19.434654235839844, 28.051849365234375, -189.84466552734375, 2.502894639968872, 62.768489837646484
-1.1687649488449097, 19.451581954956055, 28.068889617919922, -190.89532470703125, 2.505678176879883, 63.22689437866211
-1.1791847944259644, 19.468914031982422, 28.08365249633789, -191.9557342529297, 2.5092296600341797, 63.67543411254883
-1.1892701387405396, 19.489151000976562, 28.098129272460938, -193.02267456054688, 2.510711431503296, 64.11021423339844
-1.1949992179870605, 19.508710861206055, 28.111797332763672, -194.09352111816406, 2.5116758346557617, 64.53646850585938
-1.200330138206482, 19.523784637451172, 28.126066207885742, -195.1623077392578, 2.509056568145752, 64.95407104492188
-1.2035090923309326, 19.53740692138672, 28.139204025268555, -196.23390197753906, 2.5095133781433105, 65.37104034423828
-1.2006890773773193, 19.551815032958984, 28.150924682617188, -197.30133056640625, 2.5024850368499756, 65.78164672851562
-1.2003309726715088, 19.562618255615234, 28.164392471313477, -198.36257934570312, 2.4983878135681152, 66.19087982177734
-1.2018985748291016, 19.571788787841797, 28.179109573364258, -199.4292755126953, 2.50588059425354, 66.60990905761719
-1.206053376197815, 19.580055236816406, 28.192672729492188, -200.48944091796875, 2.5137877464294434, 67.0318832397461
-1.2142902612686157, 19.592472076416016, 28.20156478881836, -201.56008911132812, 2.5212342739105225, 67.45244598388672
-1.220829963684082, 19.61036491394043, 28.20961570739746, -202.63978576660156, 2.5218281745910645, 67.85614776611328
-1.2270801067352295, 19.633380889892578, 28.216737747192383, -203.7193145751953, 2.5176987648010254, 68.25260162353516
-1.2349295616149902, 19.650419235229492, 28.2255859375, -204.7964324951172, 2.5135653018951416, 68.641845703125
-1.2424743175506592, 19.664134979248047, 28.231399536132812, -205.87838745117188, 2.5121278762817383, 69.01692199707031
-1.2501782178878784, 19.67473793029785, 28.23931121826172, -206.96958923339844, 2.5079283714294434, 69.37828826904297
-1.2535582780838013, 19.68855094909668, 28.253252029418945, -208.06051635742188, 2.5014877319335938, 69.73104095458984
-1.258978009223938, 19.69841766357422, 28.26838493347168, -209.14706420898438, 2.49552583694458, 70.08277130126953
-1.2665141820907593, 19.70836067199707, 28.282306671142578, -210.237548828125, 2.483544111251831, 70.42755889892578
-1.27344810962677, 19.7171573638916, 28.2976131439209, -211.32814025878906, 2.48144793510437, 70.76396179199219
-1.2829205989837646, 19.726417541503906, 28.310880661010742, -212.42398071289062, 2.480149745941162, 71.10250854492188
-1.2969757318496704, 19.732683181762695, 28.324321746826172, -213.52642822265625, 2.4792981147766113, 71.42899322509766
-1.3117742538452148, 19.74247169494629, 28.33706283569336, -214.63232421875, 2.4745049476623535, 71.7428970336914
-1.3218523263931274, 19.752180099487305, 28.35382080078125, -215.74249267578125, 2.465820789337158, 72.0431137084961
-1.3265643119812012, 19.76664161682129, 28.372777938842773, -216.8553009033203, 2.451927423477173, 72.3353271484375
-1.3343238830566406, 19.781330108642578, 28.393577575683594, -217.9663848876953, 2.4350481033325195, 72.61820220947266
-1.3453691005706787, 19.792875289916992, 28.41127586364746, -219.0817413330078, 2.4204254150390625, 72.89183044433594
-1.3591676950454712, 19.80327606201172, 28.4268741607666, -220.19207763671875, 2.410537004470825, 73.15459442138672
-1.3718411922454834, 19.812171936035156, 28.443647384643555, -221.3092041015625, 2.4052443504333496, 73.39498138427734
-1.3883143663406372, 19.822738647460938, 28.459884643554688, -222.43568420410156, 2.4061858654022217, 73.61509704589844
-1.4049464464187622, 19.831329345703125, 28.47563934326172, -223.55703735351562, 2.40730881690979, 73.82077026367188
-1.415305256843567, 19.842267990112305, 28.48853302001953, -224.68226623535156, 2.406395673751831, 74.01117706298828
-1.426888108253479, 19.854249954223633, 28.49899673461914, -225.81622314453125, 2.403360366821289, 74.19355773925781
-1.4416013956069946, 19.86591339111328, 28.50493621826172, -226.95716857910156, 2.400822401046753, 74.35931396484375
-1.4536076784133911, 19.877681732177734, 28.513580322265625, -228.1015625, 2.401937484741211, 74.51364135742188
-1.4673932790756226, 19.887311935424805, 28.529394149780273, -229.24659729003906, 2.403463840484619, 74.65675354003906
-1.4784293174743652, 19.90040397644043, 28.54143714904785, -230.3878631591797, 2.407517194747925, 74.78546142578125
-1.4898444414138794, 19.917484283447266, 28.554000854492188, -231.52455139160156, 2.4092800617218018, 74.89715576171875
-1.5000379085540771, 19.934995651245117, 28.562969207763672, -232.66751098632812, 2.4095423221588135, 74.98951721191406
-1.5124622583389282, 19.954065322875977, 28.570566177368164, -233.81732177734375, 2.4080002307891846, 75.0642318725586
-1.5267088413238525, 19.97015380859375, 28.57753562927246, -234.9697265625, 2.4069223403930664, 75.11735534667969
-1.5388739109039307, 19.98737144470215, 28.587364196777344, -236.12124633789062, 2.407926082611084, 75.15859985351562
-1.5504484176635742, 20.003192901611328, 28.59868621826172, -237.27589416503906, 2.4039037227630615, 75.18502807617188
-1.5625098943710327, 20.020977020263672, 28.609806060791016, -238.43331909179688, 2.3983192443847656, 75.19916534423828
-1.5732884407043457, 20.03912925720215, 28.624711990356445, -239.59344482421875, 2.3916845321655273, 75.20045471191406
-1.5837851762771606, 20.055063247680664, 28.636768341064453, -240.7534637451172, 2.3897922039031982, 75.18961334228516
-1.5938682556152344, 20.07195472717285, 28.64898681640625, -241.9134063720703, 2.3904623985290527, 75.16726684570312
-1.6084972620010376, 20.088760375976562, 28.661178588867188, -243.07406616210938, 2.3914403915405273, 75.1307144165039
-1.62260901927948, 20.106735229492188, 28.67218017578125, -244.23553466796875, 2.391472339630127, 75.07788848876953
-1.6341887712478638, 20.126602172851562, 28.681385040283203, -245.39651489257812, 2.3941919803619385, 75.00914764404297
-1.6469415426254272, 20.145004272460938, 28.692188262939453, -246.55519104003906, 2.399411201477051, 74.92854309082031
-1.6583302021026611, 20.161996841430664, 28.702268600463867, -247.70994567871094, 2.4046807289123535, 74.83438873291016
-1.6670331954956055, 20.180713653564453, 28.715486526489258, -248.86570739746094, 2.405470132827759, 74.7315673828125
-1.6768757104873657, 20.196531295776367, 28.729543685913086, -250.02066040039062, 2.405388116836548, 74.62189483642578
-1.6839408874511719, 20.210529327392578, 28.74250602722168, -251.1763153076172, 2.40412974357605, 74.50247955322266
-1.6916033029556274, 20.222049713134766, 28.753183364868164, -252.33053588867188, 2.4049806594848633, 74.37852478027344
-1.6992021799087524, 20.231002807617188, 28.763324737548828, -253.47686767578125, 2.4086358547210693, 74.24169158935547
-1.707260012626648, 20.23606300354004, 28.770917892456055, -254.62069702148438, 2.4135234355926514, 74.09906768798828
-1.7160487174987793, 20.24318504333496, 28.782146453857422, -255.76353454589844, 2.4185216426849365, 73.94506072998047
-1.7235808372497559, 20.247114181518555, 28.79485321044922, -256.9049072265625, 2.4239184856414795, 73.78179931640625
-1.7287405729293823, 20.25132942199707, 28.811487197875977, -258.0467224121094, 2.423130989074707, 73.61256408691406
-1.7295482158660889, 20.258031845092773, 28.825376510620117, -259.1842956542969, 2.4223227500915527, 73.44229125976562
-1.7281932830810547, 20.261077880859375, 28.840957641601562, -260.31390380859375, 2.4204115867614746, 73.27140808105469
-1.7257894277572632, 20.263656616210938, 28.857019424438477, -261.4501647949219, 2.4167706966400146, 73.10035705566406
-1.7259042263031006, 20.267807006835938, 28.87109375, -262.5911865234375, 2.4141933917999268, 72.93024444580078
-1.724769115447998, 20.274730682373047, 28.884315490722656, -263.73712158203125, 2.418649911880493, 72.75737762451172
-1.724835753440857, 20.288265228271484, 28.90194320678711, -264.8857421875, 2.423475503921509, 72.59073638916016
-1.7257137298583984, 20.306180953979492, 28.918548583984375, -266.0346984863281, 2.4261105060577393, 72.42227172851562
-1.7285232543945312, 20.323328018188477, 28.932893753051758, -267.181884765625, 2.42669939994812, 72.25676727294922
-1.7293064594268799, 20.337934494018555, 28.94952964782715, -268.3170471191406, 2.428901195526123, 72.08727264404297
-1.7299845218658447, 20.35455322265625, 28.963897705078125, -269.445556640625, 2.4272186756134033, 71.91527557373047
-1.7282016277313232, 20.369598388671875, 28.976255416870117, -270.56854248046875, 2.4246175289154053, 71.74170684814453
-1.7272456884384155, 20.385116577148438, 28.98740577697754, -271.6935119628906, 2.4230480194091797, 71.57337188720703
-1.7255406379699707, 20.404006958007812, 29.00771713256836, -272.822998046875, 2.42415714263916, 71.40936279296875
-1.728320837020874, 20.426183700561523, 29.027997970581055, -273.9522705078125, 2.421327590942383, 71.24405670166016
-1.730109453201294, 20.445240020751953, 29.05010414123535, -275.0830383300781, 2.4182376861572266, 71.07408905029297
-1.72999906539917, 20.463451385498047, 29.071287155151367, -276.2189636230469, 2.416011095046997, 70.89494323730469
-1.7295091152191162, 20.47642707824707, 29.09264373779297, -277.3540954589844, 2.4138917922973633, 70.71142578125
-1.7308341264724731, 20.487445831298828, 29.111623764038086, -278.4893493652344, 2.411158561706543, 70.53307342529297
-1.7312304973602295, 20.501506805419922, 29.127893447875977, -279.6226501464844, 2.4138128757476807, 70.35842895507812
-1.7309215068817139, 20.513933181762695, 29.139225006103516, -280.7601013183594, 2.4156930446624756, 70.18408203125
-1.7276002168655396, 20.525110244750977, 29.149742126464844, -281.890869140625, 2.4224181175231934, 70.0106430053711
-1.7229633331298828, 20.537031173706055, 29.160736083984375, -283.0318298339844, 2.425910711288452, 69.84101867675781
-1.7194209098815918, 20.54747200012207, 29.170185089111328, -284.1705627441406, 2.423569679260254, 69.66635131835938
-1.7140116691589355, 20.558597564697266, 29.183490753173828, -285.31781005859375, 2.4245123863220215, 69.49508666992188
-1.705872893333435, 20.57061767578125, 29.198644638061523, -286.4659118652344, 2.432311534881592, 69.3325424194336
-1.7010985612869263, 20.58139991760254, 29.21721649169922, -287.6225280761719, 2.4389376640319824, 69.17626190185547
-1.6974291801452637, 20.591041564941406, 29.231365203857422, -288.7710266113281, 2.445425033569336, 69.02472686767578
-1.6969374418258667, 20.599103927612305, 29.247020721435547, -289.92095947265625, 2.4482104778289795, 68.87471771240234
-1.699780821800232, 20.609619140625, 29.264320373535156, -291.0724182128906, 2.4533536434173584, 68.73191833496094
-1.7015786170959473, 20.62244987487793, 29.278154373168945, -292.2208557128906, 2.457841396331787, 68.58740234375
-1.7046204805374146, 20.63520050048828, 29.293148040771484, -293.3719482421875, 2.4645373821258545, 68.4371109008789
-1.705245018005371, 20.649404525756836, 29.30620574951172, -294.5234069824219, 2.468397378921509, 68.28455352783203
-1.7075685262680054, 20.661304473876953, 29.31894874572754, -295.67144775390625, 2.471118927001953, 68.12857055664062
-1.7112911939620972, 20.668258666992188, 29.330795288085938, -296.81915283203125, 2.4757397174835205, 67.9686050415039
-1.7155017852783203, 20.679996490478516, 29.33759880065918, -297.9664306640625, 2.4780068397521973, 67.80284881591797
-1.7215745449066162, 20.695104598999023, 29.34770393371582, -299.11810302734375, 2.476609230041504, 67.6338119506836
-1.7268683910369873, 20.713375091552734, 29.36261749267578, -300.27044677734375, 2.474738836288452, 67.45677947998047
-1.7300783395767212, 20.734329223632812, 29.378705978393555, -301.42144775390625, 2.468393325805664, 67.27801513671875
-1.7324007749557495, 20.757049560546875, 29.397294998168945, -302.5705261230469, 2.462083578109741, 67.0968017578125
-1.735653042793274, 20.781147003173828, 29.412660598754883, -303.7120056152344, 2.4617438316345215, 66.92096710205078
-1.7417833805084229, 20.803449630737305, 29.42929458618164, -304.8497619628906, 2.464240074157715, 66.74455261230469
-1.7484785318374634, 20.82530403137207, 29.446796417236328, -305.98138427734375, 2.4732766151428223, 66.5645980834961
-1.7550649642944336, 20.84586524963379, 29.462909698486328, -307.10601806640625, 2.4818108081817627, 66.3762435913086
-1.7588082551956177, 20.867734909057617, 29.484155654907227, -308.2324523925781, 2.4914989471435547, 66.1791763305664
-1.7618829011917114, 20.889080047607422, 29.502891540527344, -309.3625793457031, 2.50520920753479, 65.9821548461914
-1.769741415977478, 20.908058166503906, 29.5181827545166, -310.48895263671875, 2.5170366764068604, 65.7801742553711
-1.7781387567520142, 20.926494598388672, 29.53273582458496, -311.6121520996094, 2.5262882709503174, 65.56755828857422
-1.7809892892837524, 20.941917419433594, 29.549278259277344, -312.74249267578125, 2.5360708236694336, 65.34626770019531
-1.7843406200408936, 20.959333419799805, 29.566598892211914, -313.8742370605469, 2.5450713634490967, 65.12556457519531
-1.7842940092086792, 20.979339599609375, 29.5832462310791, -315.008544921875, 2.5548903942108154, 64.90474700927734
-1.7831459045410156, 20.997621536254883, 29.59804916381836, -316.1407470703125, 2.5610718727111816, 64.67847442626953
-1.780798077583313, 21.01108169555664, 29.610570907592773, -317.2725830078125, 2.565570116043091, 64.44236755371094
-1.778930902481079, 21.024703979492188, 29.62431526184082, -318.40618896484375, 2.573089838027954, 64.20945739746094
-1.775888204574585, 21.04065704345703, 29.641977310180664, -319.53802490234375, 2.5799057483673096, 63.97980880737305
-1.7722969055175781, 21.052173614501953, 29.660785675048828, -320.6727294921875, 2.5885462760925293, 63.7564811706543
-1.773459553718567, 21.063671112060547, 29.680524826049805, -321.809814453125, 2.599215030670166, 63.53295135498047
-1.772424340248108, 21.069528579711914, 29.699323654174805, -322.94793701171875, 2.6078267097473145, 63.30658721923828
-1.7697068452835083, 21.074451446533203, 29.71721076965332, -324.09228515625, 2.6135637760162354, 63.08137512207031
-1.7654677629470825, 21.079912185668945, 29.733015060424805, -325.2328186035156, 2.6245028972625732, 62.860721588134766
-1.7625513076782227, 21.088598251342773, 29.74770736694336, -326.3742370605469, 2.6363086700439453, 62.642154693603516
-1.7649880647659302, 21.099206924438477, 29.76006507873535, -327.513427734375, 2.64819598197937, 62.42597198486328
-1.7736471891403198, 21.11060905456543, 29.77678108215332, -328.6593322753906, 2.661442995071411, 62.212730407714844
-1.7818471193313599, 21.1190128326416, 29.79745864868164, -329.80078125, 2.6779119968414307, 61.99993133544922
-1.7956570386886597, 21.12461280822754, 29.817319869995117, -330.93975830078125, 2.6938869953155518, 61.77246856689453
-1.8095722198486328, 21.131563186645508, 29.835168838500977, -332.0671691894531, 2.7124664783477783, 61.53387451171875
-1.8241654634475708, 21.14170265197754, 29.852787017822266, -333.1966857910156, 2.7259721755981445, 61.28175354003906
-1.8326359987258911, 21.15338897705078, 29.869035720825195, -334.32391357421875, 2.735460042953491, 61.01778030395508
-1.8362528085708618, 21.166805267333984, 29.883399963378906, -335.4488525390625, 2.7402005195617676, 60.73991394042969
-1.8365260362625122, 21.177730560302734, 29.89566993713379, -336.5644226074219, 2.741647720336914, 60.4506721496582
-1.8398561477661133, 21.18465232849121, 29.90556526184082, -337.67999267578125, 2.740074396133423, 60.15578079223633
-1.8445454835891724, 21.191516876220703, 29.914691925048828, -338.7890625, 2.742298126220703, 59.86423110961914
-1.8505539894104004, 21.199642181396484, 29.92993927001953, -339.90234375, 2.747614860534668, 59.57007598876953
-1.8530560731887817, 21.20793342590332, 29.945209503173828, -341.0140075683594, 2.746943950653076, 59.26828384399414
-1.8529924154281616, 21.218341827392578, 29.959087371826172, -342.131103515625, 2.7461907863616943, 58.955589294433594
-1.8539851903915405, 21.23289680480957, 29.97024917602539, -343.2486572265625, 2.7447359561920166, 58.638587951660156
-1.859078049659729, 21.246484756469727, 29.982332229614258, -344.36627197265625, 2.746387004852295, 58.3159065246582
-1.8629435300827026, 21.262998580932617, 29.99608039855957, -345.4769592285156, 2.750898838043213, 57.99087905883789
-1.8691757917404175, 21.275951385498047, 30.011760711669922, -346.591552734375, 2.7606730461120605, 57.65987014770508
-1.879408836364746, 21.28728485107422, 30.028093338012695, -347.699462890625, 2.763204336166382, 57.32289123535156
-1.891763687133789, 21.29843521118164, 30.047096252441406, -348.8001708984375, 2.7690622806549072, 56.9781608581543
-1.907712459564209, 21.31122589111328, 30.0631046295166, -349.8983154296875, 2.778468370437622, 56.61760330200195
-1.9210338592529297, 21.324649810791016, 30.077280044555664, -350.98516845703125, 2.782031297683716, 56.24320602416992
-1.9319896697998047, 21.336978912353516, 30.08946990966797, -352.0660400390625, 2.784039258956909, 55.85826110839844
-1.9398949146270752, 21.346548080444336, 30.098066329956055, -353.1469421386719, 2.7858245372772217, 55.45969009399414
-1.9462865591049194, 21.351421356201172, 30.106544494628906, -354.2241516113281, 2.789299488067627, 55.05000686645508
-1.956169843673706, 21.360538482666016, 30.120119094848633, -355.29327392578125, 2.796250581741333, 54.635318756103516
-1.9570358991622925, 21.36785125732422, 30.137033462524414, -356.3536071777344, 2.803222179412842, 54.2158203125
-1.9558688402175903, 21.380308151245117, 30.158851623535156, -357.4154968261719, 2.8105289936065674, 53.79474639892578
-1.9529204368591309, 21.393335342407227, 30.18143081665039, -358.4792785644531, 2.8201558589935303, 53.37331008911133
-1.9483011960983276, 21.403865814208984, 30.203128814697266, -359.5450134277344, 2.830831527709961, 52.954261779785156
-1.9545800685882568, 21.415037155151367, 30.221126556396484, -360.6068115234375, 2.835009813308716, 52.53684997558594
-1.956969976425171, 21.42685890197754, 30.24079132080078, -361.6738586425781, 2.83516788482666, 52.10992431640625
-1.9557934999465942, 21.434873580932617, 30.26283073425293, -362.7405700683594, 2.8351004123687744, 51.67995834350586
-1.9525471925735474, 21.44200897216797, 30.289331436157227, -363.8102722167969, 2.8345723152160645, 51.25314712524414
-1.9494409561157227, 21.451284408569336, 30.313344955444336, -364.87774658203125, 2.8338165283203125, 50.83536148071289
-1.945214867591858, 21.4542236328125, 30.34250259399414, -365.9510498046875, 2.8338029384613037, 50.42959213256836
-1.9383387565612793, 21.453453063964844, 30.372201919555664, -367.0340576171875, 2.8340675830841064, 50.02461242675781
-1.9384938478469849, 21.456327438354492, 30.401578903198242, -368.115234375, 2.832002639770508, 49.62831115722656
-1.9417221546173096, 21.462604522705078, 30.426023483276367, -369.1982421875, 2.8336195945739746, 49.2247428894043
-1.948758840560913, 21.465373992919922, 30.438867568969727, -370.26715087890625, 2.8398590087890625, 48.812217712402344
-1.9560967683792114, 21.46880340576172, 30.45589256286621, -371.3299865722656, 2.8420324325561523, 48.39537048339844
-1.9626381397247314, 21.470848083496094, 30.471769332885742, -372.38934326171875, 2.839921474456787, 47.98180389404297
-1.96793794631958, 21.473068237304688, 30.493532180786133, -373.44287109375, 2.8408043384552, 47.553306579589844
-1.9784749746322632, 21.474136352539062, 30.51312828063965, -374.4991149902344, 2.8356311321258545, 47.11012268066406
-1.987261176109314, 21.473796844482422, 30.52967071533203, -375.554931640625, 2.8271870613098145, 46.64680480957031
-1.9928911924362183, 21.47647476196289, 30.54537582397461, -376.603515625, 2.822340250015259, 46.1796875
-2.000396966934204, 21.48005485534668, 30.56514549255371, -377.6515808105469, 2.8217318058013916, 45.699642181396484
-2.0083744525909424, 21.48708724975586, 30.583602905273438, -378.6983642578125, 2.8216476440429688, 45.21123504638672
-2.013031244277954, 21.496444702148438, 30.608369827270508, -379.7445373535156, 2.822976589202881, 44.722469329833984
-2.022038698196411, 21.504871368408203, 30.631954193115234, -380.775634765625, 2.820094108581543, 44.231746673583984
-2.0265705585479736, 21.522077560424805, 30.657196044921875, -381.8008728027344, 2.822722911834717, 43.738094329833984
-2.0280308723449707, 21.535655975341797, 30.679092407226562, -382.82293701171875, 2.824415445327759, 43.24066925048828
-2.03029203414917, 21.551637649536133, 30.699581146240234, -383.8437805175781, 2.8146584033966064, 42.74579620361328
-2.031322956085205, 21.56708335876465, 30.72024917602539, -384.86376953125, 2.8030381202697754, 42.244224548339844
-2.033757448196411, 21.579835891723633, 30.736040115356445, -385.8858642578125, 2.79189133644104, 41.7385368347168
-2.0375607013702393, 21.593717575073242, 30.750642776489258, -386.9104309082031, 2.7763655185699463, 41.22649002075195
-2.041267156600952, 21.6048526763916, 30.76582908630371, -387.9378356933594, 2.766608476638794, 40.711402893066406
-2.0496692657470703, 21.61290740966797, 30.781606674194336, -388.9657897949219, 2.758528232574463, 40.19015121459961
-2.063774824142456, 21.62201499938965, 30.796241760253906, -389.9936828613281, 2.755296468734741, 39.654083251953125
-2.0787746906280518, 21.630664825439453, 30.807085037231445, -391.0147705078125, 2.7542409896850586, 39.101558685302734
-2.0892350673675537, 21.64202308654785, 30.81424903869629, -392.0247802734375, 2.748870849609375, 38.535579681396484
-2.0984790325164795, 21.654172897338867, 30.826059341430664, -393.0288391113281, 2.746473789215088, 37.96181106567383
-2.1036086082458496, 21.668874740600586, 30.838329315185547, -394.0218505859375, 2.7496025562286377, 37.390113830566406
-2.111994981765747, 21.685073852539062, 30.8521671295166, -395.0096740722656, 2.7490077018737793, 36.82023239135742
-2.121649742126465, 21.700084686279297, 30.87065887451172, -395.9953918457031, 2.7473387718200684, 36.235321044921875
-2.126288414001465, 21.711545944213867, 30.89189910888672, -396.9745788574219, 2.742391347885132, 35.64635467529297
-2.1286566257476807, 21.721620559692383, 30.911828994750977, -397.9387512207031, 2.743123769760132, 35.06249237060547
-2.1358628273010254, 21.739849090576172, 30.935075759887695, -398.90557861328125, 2.74419903755188, 34.48214340209961
-2.142054557800293, 21.756317138671875, 30.952009201049805, -399.8717041015625, 2.742244005203247, 33.899940490722656
-2.151639461517334, 21.76812171936035, 30.96516990661621, -400.8318176269531, 2.7434401512145996, 33.31284713745117
-2.157457113265991, 21.778417587280273, 30.975143432617188, -401.78924560546875, 2.742398262023926, 32.717044830322266
-2.1637065410614014, 21.79085350036621, 30.992055892944336, -402.7463684082031, 2.738969326019287, 32.109580993652344
-2.167628049850464, 21.796615600585938, 31.00784683227539, -403.6975402832031, 2.744709014892578, 31.497432708740234
-2.168790817260742, 21.797874450683594, 31.02465057373047, -404.6415710449219, 2.751438856124878, 30.88189697265625
-2.1719415187835693, 21.796491622924805, 31.04342269897461, -405.5723876953125, 2.7557921409606934, 30.268138885498047
-2.1774420738220215, 21.800216674804688, 31.06046485900879, -406.4910888671875, 2.7571139335632324, 29.660734176635742
-2.1832242012023926, 21.80726432800293, 31.07015037536621, -407.40838623046875, 2.7553234100341797, 29.053421020507812
-2.184145212173462, 21.820545196533203, 31.082542419433594, -408.3293151855469, 2.753791332244873, 28.437721252441406
-2.186711072921753, 21.836763381958008, 31.094310760498047, -409.24664306640625, 2.7621753215789795, 27.817073822021484
-2.1923880577087402, 21.856155395507812, 31.113414764404297, -410.1753845214844, 2.768044948577881, 27.18951416015625
-2.1986663341522217, 21.869443893432617, 31.131084442138672, -411.1063537597656, 2.7799575328826904, 26.549100875854492
-2.1987078189849854, 21.87592887878418, 31.14780044555664, -412.03277587890625, 2.7884340286254883, 25.892383575439453
-2.201392412185669, 21.879322052001953, 31.168676376342773, -412.9647216796875, 2.7979648113250732, 25.237411499023438
-2.2073676586151123, 21.888404846191406, 31.18357276916504, -413.88836669921875, 2.8044230937957764, 24.578269958496094
-2.2083425521850586, 21.898149490356445, 31.198026657104492, -414.8011779785156, 2.8086471557617188, 23.91122817993164
-2.208315849304199, 21.908315658569336, 31.213560104370117, -415.7180480957031, 2.811817169189453, 23.237010955810547
-2.215113878250122, 21.916107177734375, 31.226247787475586, -416.63201904296875, 2.8144962787628174, 22.566499710083008
-2.221297264099121, 21.922073364257812, 31.243072509765625, -417.5425109863281, 2.818333864212036, 21.893272399902344
-2.2317678928375244, 21.928407669067383, 31.263042449951172, -418.4539794921875, 2.826432466506958, 21.214834213256836
-2.238492250442505, 21.94137954711914, 31.28212547302246, -419.37066650390625, 2.835214614868164, 20.52386474609375
-2.241663694381714, 21.950965881347656, 31.30140495300293, -420.2868957519531, 2.8428826332092285, 19.83110809326172
-2.2420406341552734, 21.958539962768555, 31.31817054748535, -421.19989013671875, 2.8458354473114014, 19.12934112548828
-2.2468886375427246, 21.97166633605957, 31.33336639404297, -422.1070861816406, 2.8511452674865723, 18.427406311035156
-2.252228260040283, 21.98594856262207, 31.34636878967285, -423.0033874511719, 2.8534228801727295, 17.723508834838867
-2.2549116611480713, 22.004514694213867, 31.352312088012695, -423.89495849609375, 2.8565638065338135, 17.01956558227539
-2.2556090354919434, 22.021095275878906, 31.35446548461914, -424.78033447265625, 2.853705883026123, 16.317764282226562
-2.2587437629699707, 22.032310485839844, 31.355432510375977, -425.66326904296875, 2.857110023498535, 15.619396209716797
-2.258033275604248, 22.04679298400879, 31.363018035888672, -426.5467834472656, 2.858044147491455, 14.909637451171875
-2.2569291591644287, 22.059314727783203, 31.37449836730957, -427.43072509765625, 2.8491833209991455, 14.18792724609375
-2.2588582038879395, 22.06947135925293, 31.391809463500977, -428.3175964355469, 2.8493876457214355, 13.47114372253418
-2.2629687786102295, 22.08479881286621, 31.41187858581543, -429.20751953125, 2.8434865474700928, 12.76324462890625
-2.2654545307159424, 22.09743309020996, 31.434879302978516, -430.1016845703125, 2.8322763442993164, 12.049105644226074
-2.2639479637145996, 22.10936737060547, 31.456241607666016, -430.99810791015625, 2.8172833919525146, 11.332332611083984
-2.265214443206787, 22.126056671142578, 31.470287322998047, -431.8981628417969, 2.805814504623413, 10.619221687316895
-2.2662816047668457, 22.144617080688477, 31.485082626342773, -432.7896423339844, 2.799476146697998, 9.902388572692871
-2.2688705921173096, 22.160480499267578, 31.50408363342285, -433.6715393066406, 2.8010900020599365, 9.178327560424805
-2.2707481384277344, 22.17476463317871, 31.52216148376465, -434.5493469238281, 2.801255226135254, 8.449813842773438
-2.2706356048583984, 22.190340042114258, 31.544145584106445, -435.4234924316406, 2.7987585067749023, 7.720218658447266
-2.2727341651916504, 22.206071853637695, 31.566923141479492, -436.2940673828125, 2.800845146179199, 6.994900703430176
-2.2751071453094482, 22.222227096557617, 31.586021423339844, -437.162109375, 2.8034863471984863, 6.2782135009765625
-2.2771804332733154, 22.243539810180664, 31.601890563964844, -438.03424072265625, 2.806879997253418, 5.547989368438721
-2.282013416290283, 22.26205062866211, 31.617721557617188, -438.9063720703125, 2.812438488006592, 4.810056686401367
-2.284799814224243, 22.27865982055664, 31.63216781616211, -439.77459716796875, 2.82002329826355, 4.068071365356445
-2.293048620223999, 22.296762466430664, 31.645334243774414, -440.6448059082031, 2.82796311378479, 3.322795867919922
-2.3012304306030273, 22.312349319458008, 31.65934944152832, -441.51068115234375, 2.8380815982818604, 2.5697078704833984
-2.306408643722534, 22.324092864990234, 31.672992706298828, -442.3677062988281, 2.8448357582092285, 1.812225341796875
-2.3098113536834717, 22.334774017333984, 31.686737060546875, -443.2211608886719, 2.8469817638397217, 1.0506889820098877
-2.3100991249084473, 22.342700958251953, 31.696849822998047, -444.0684509277344, 2.8509435653686523, 0.28521299362182617
-2.3079023361206055, 22.342344284057617, 31.708873748779297, -444.91497802734375, 2.8543641567230225, -0.47910910844802856
-2.3056931495666504, 22.346927642822266, 31.71910858154297, -445.7591857910156, 2.8480048179626465, -1.2433955669403076
-2.3064627647399902, 22.354158401489258, 31.728334426879883, -446.6074523925781, 2.8378446102142334, -2.010899543762207
-2.313072919845581, 22.362932205200195, 31.740875244140625, -447.451904296875, 2.8307862281799316, -2.7856595516204834
-2.3209073543548584, 22.36861801147461, 31.75452423095703, -448.2843017578125, 2.8236536979675293, -3.5653340816497803
-2.3271572589874268, 22.36744499206543, 31.7669734954834, -449.11285400390625, 2.81321120262146, -4.343738079071045
-2.329085350036621, 22.366289138793945, 31.77742576599121, -449.94158935546875, 2.798311948776245, -5.123737335205078
-2.327658176422119, 22.368553161621094, 31.782560348510742, -450.7646789550781, 2.7827959060668945, -5.9046220779418945
-2.3288772106170654, 22.37430763244629, 31.786869049072266, -451.59185791015625, 2.7745108604431152, -6.687253952026367
-2.3317253589630127, 22.385282516479492, 31.792943954467773, -452.4158630371094, 2.761035680770874, -7.475908279418945
-2.3353946208953857, 22.399768829345703, 31.80602264404297, -453.24261474609375, 2.751830577850342, -8.272896766662598
-2.3388116359710693, 22.41488265991211, 31.81700897216797, -454.0634765625, 2.747542142868042, -9.068853378295898
-2.3405821323394775, 22.429237365722656, 31.825037002563477, -454.87255859375, 2.743495225906372, -9.86929702758789
-2.346301794052124, 22.44310188293457, 31.832250595092773, -455.6809387207031, 2.7399091720581055, -10.667204856872559
-2.3510735034942627, 22.455419540405273, 31.84177017211914, -456.4873046875, 2.7373480796813965, -11.47636604309082
-2.3559439182281494, 22.464168548583984, 31.849966049194336, -457.2904052734375, 2.738320827484131, -12.281002044677734
-2.3597915172576904, 22.47129249572754, 31.858646392822266, -458.087890625, 2.736443519592285, -13.091657638549805
-2.3669161796569824, 22.48149871826172, 31.871047973632812, -458.87835693359375, 2.7367537021636963, -13.900564193725586
-2.37514591217041, 22.493602752685547, 31.88479995727539, -459.6617431640625, 2.7364861965179443, -14.71789264678955
-2.382112979888916, 22.508630752563477, 31.90034294128418, -460.43817138671875, 2.733152151107788, -15.533621788024902
-2.390458345413208, 22.51766014099121, 31.91803550720215, -461.21337890625, 2.7294068336486816, -16.349422454833984
-2.4017462730407715, 22.526023864746094, 31.930988311767578, -461.9862976074219, 2.728299856185913, -17.168312072753906
-2.4114603996276855, 22.535297393798828, 31.94567108154297, -462.7527160644531, 2.7260680198669434, -18.005962371826172
-2.417696237564087, 22.54279136657715, 31.96503257751465, -463.5146484375, 2.719416618347168, -18.84758186340332
-2.424771785736084, 22.550634384155273, 31.986526489257812, -464.2749938964844, 2.714479923248291, -19.696989059448242
-2.4324307441711426, 22.558645248413086, 32.00392150878906, -465.0307922363281, 2.7146878242492676, -20.55082130432129
-2.437307357788086, 22.566654205322266, 32.01926040649414, -465.7710266113281, 2.7146239280700684, -21.406646728515625
-2.4442086219787598, 22.57689666748047, 32.037235260009766, -466.5157165527344, 2.718994140625, -22.266508102416992
-2.4508540630340576, 22.5948429107666, 32.05574035644531, -467.2557678222656, 2.723971366882324, -23.132659912109375
-2.4534175395965576, 22.612619400024414, 32.07286834716797, -467.9910888671875, 2.7292115688323975, -23.997455596923828
-2.4591174125671387, 22.629295349121094, 32.09176254272461, -468.7236328125, 2.7346298694610596, -24.871538162231445
-2.463019847869873, 22.64175796508789, 32.111000061035156, -469.4492492675781, 2.7392263412475586, -25.749025344848633
-2.466491937637329, 22.65423011779785, 32.12715530395508, -470.16217041015625, 2.743373394012451, -26.624914169311523
-2.472461700439453, 22.661046981811523, 32.138092041015625, -470.8674011230469, 2.7485952377319336, -27.50379180908203
-2.480851173400879, 22.666040420532227, 32.153709411621094, -471.5636901855469, 2.748410940170288, -28.38614273071289
-2.483818769454956, 22.678672790527344, 32.168392181396484, -472.25677490234375, 2.7516584396362305, -29.270185470581055
-2.484440326690674, 22.68897247314453, 32.182682037353516, -472.94757080078125, 2.7519283294677734, -30.150863647460938
-2.4878666400909424, 22.69552230834961, 32.198909759521484, -473.6468200683594, 2.7463393211364746, -31.046146392822266
-2.489089250564575, 22.700096130371094, 32.21376419067383, -474.3572998046875, 2.7452151775360107, -31.93910789489746
-2.491288661956787, 22.703855514526367, 32.22705078125, -475.07244873046875, 2.7464849948883057, -32.83661651611328
-2.497734785079956, 22.707958221435547, 32.239654541015625, -475.7936706542969, 2.75537371635437, -33.72990417480469
-2.5024895668029785, 22.716327667236328, 32.25864028930664, -476.505859375, 2.759967565536499, -34.62685775756836
-2.506054639816284, 22.7294864654541, 32.28068161010742, -477.2143249511719, 2.7684824466705322, -35.523681640625
-2.5033912658691406, 22.748146057128906, 32.30316162109375, -477.9182434082031, 2.7747600078582764, -36.42458724975586
-2.5028491020202637, 22.762624740600586, 32.32430648803711, -478.6177978515625, 2.777353525161743, -37.33074188232422
-2.5093798637390137, 22.777666091918945, 32.34164810180664, -479.3113098144531, 2.775432586669922, -38.234615325927734
-2.5154614448547363, 22.792572021484375, 32.35573196411133, -479.99005126953125, 2.777275562286377, -39.142459869384766
-2.518766164779663, 22.810745239257812, 32.36354064941406, -480.64996337890625, 2.7839457988739014, -40.05392837524414
-2.5205910205841064, 22.833253860473633, 32.376617431640625, -481.3003845214844, 2.7838504314422607, -40.96690368652344
-2.525805711746216, 22.85799789428711, 32.39210510253906, -481.9507141113281, 2.7830774784088135, -41.87282943725586
-2.530621290206909, 22.881237030029297, 32.41120147705078, -482.5929870605469, 2.782803535461426, -42.7808837890625
-2.536661148071289, 22.908414840698242, 32.429603576660156, -483.24072265625, 2.783231496810913, -43.69896697998047
-2.548679828643799, 22.937150955200195, 32.441200256347656, -483.8825988769531, 2.788297653198242, -44.61601638793945
-2.55934476852417, 22.962541580200195, 32.45066452026367, -484.5083312988281, 2.79355525970459, -45.53843307495117
-2.568880796432495, 22.98870277404785, 32.460113525390625, -485.1254577636719, 2.8015708923339844, -46.47726821899414
-2.574659824371338, 23.009069442749023, 32.47042465209961, -485.7424621582031, 2.8039724826812744, -47.424835205078125
-2.5791454315185547, 23.0251407623291, 32.482269287109375, -486.3608703613281, 2.8031108379364014, -48.3687858581543
-2.5844178199768066, 23.040725708007812, 32.49348068237305, -486.9632263183594, 2.804107666015625, -49.312320709228516
-2.59228515625, 23.05961799621582, 32.507572174072266, -487.5650329589844, 2.807349443435669, -50.262725830078125
-2.6025936603546143, 23.083908081054688, 32.519126892089844, -488.1703186035156, 2.8045666217803955, -51.226383209228516
-2.6104986667633057, 23.1004638671875, 32.52945327758789, -488.77081298828125, 2.804792642593384, -52.195152282714844
-2.621380090713501, 23.11965560913086, 32.54130935668945, -489.3634033203125, 2.8105196952819824, -53.15924835205078
-2.63328218460083, 23.143882751464844, 32.551456451416016, -489.94580078125, 2.8190319538116455, -54.13570022583008
-2.6374356746673584, 23.173282623291016, 32.56103515625, -490.5146484375, 2.8200111389160156, -55.1214714050293
-2.643616199493408, 23.198963165283203, 32.56660842895508, -491.0740661621094, 2.823026657104492, -56.10577392578125
-2.6478829383850098, 23.220876693725586, 32.56832504272461, -491.6264953613281, 2.825761556625366, -57.08788299560547
-2.6515378952026367, 23.245559692382812, 32.57567596435547, -492.1699523925781, 2.8186473846435547, -58.07181167602539
-2.654620885848999, 23.269088745117188, 32.58259201049805, -492.7120666503906, 2.8133251667022705, -59.06098556518555
-2.659160614013672, 23.285743713378906, 32.588436126708984, -493.2529296875, 2.8103818893432617, -60.063720703125
-2.6629412174224854, 23.295530319213867, 32.590736389160156, -493.7831115722656, 2.8083269596099854, -61.06479263305664
-2.6681721210479736, 23.30804443359375, 32.5949821472168, -494.3067626953125, 2.805479049682617, -62.067481994628906
-2.674516201019287, 23.323986053466797, 32.60013961791992, -494.83050537109375, 2.8068344593048096, -63.07090377807617
-2.680311441421509, 23.337636947631836, 32.61274337768555, -495.3515319824219, 2.8062875270843506, -64.08168029785156
-2.6862449645996094, 23.347434997558594, 32.62798309326172, -495.8703918457031, 2.8058650493621826, -65.10210418701172
-2.6922202110290527, 23.357105255126953, 32.64564895629883, -496.382080078125, 2.7945215702056885, -66.12168884277344
-2.6972267627716064, 23.364660263061523, 32.66358184814453, -496.8909912109375, 2.784214496612549, -67.1395263671875
-2.7021851539611816, 23.36775016784668, 32.67768096923828, -497.3903503417969, 2.7763359546661377, -68.16297912597656
-2.703871011734009, 23.373994827270508, 32.68807601928711, -497.8732604980469, 2.7641730308532715, -69.19188690185547
-2.7095787525177, 23.378097534179688, 32.6957893371582, -498.35028076171875, 2.7526321411132812, -70.21857452392578
-2.720780611038208, 23.38228416442871, 32.704673767089844, -498.8214416503906, 2.7397749423980713, -71.2514419555664
-2.7266316413879395, 23.38545036315918, 32.712745666503906, -499.2798767089844, 2.731926202774048, -72.28394317626953
-2.730884313583374, 23.392560958862305, 32.72069549560547, -499.7373046875, 2.732032537460327, -73.32717895507812
-2.7374589443206787, 23.399938583374023, 32.73042297363281, -500.187744140625, 2.729060173034668, -74.3689193725586
-2.7456178665161133, 23.40625762939453, 32.74100875854492, -500.6302490234375, 2.7272419929504395, -75.41593170166016
-2.7518677711486816, 23.413347244262695, 32.749576568603516, -501.0649108886719, 2.725635051727295, -76.4603500366211
-2.757706880569458, 23.423433303833008, 32.75646209716797, -501.4991455078125, 2.730940580368042, -77.50503540039062
-2.7659826278686523, 23.43280029296875, 32.76581573486328, -501.92559814453125, 2.743241548538208, -78.5499038696289
-2.7688450813293457, 23.444473266601562, 32.78342819213867, -502.355224609375, 2.7567455768585205, -79.6066665649414
-2.771427869796753, 23.45170783996582, 32.80485534667969, -502.786865234375, 2.7639222145080566, -80.67020416259766
-2.7743382453918457, 23.462116241455078, 32.822898864746094, -503.2148132324219, 2.769782543182373, -81.74305725097656
-2.777053117752075, 23.477691650390625, 32.843135833740234, -503.6443786621094, 2.7726223468780518, -82.81127166748047
-2.7807374000549316, 23.490928649902344, 32.86006546020508, -504.07281494140625, 2.7733314037323, -83.87779235839844
-2.7840654850006104, 23.511709213256836, 32.88413619995117, -504.494140625, 2.772819757461548, -84.94709777832031
-2.790958881378174, 23.530466079711914, 32.908390045166016, -504.9136962890625, 2.77293062210083, -86.01172637939453
-2.79673433303833, 23.544260025024414, 32.93115234375, -505.31475830078125, 2.7716140747070312, -87.0885009765625
-2.8032147884368896, 23.559358596801758, 32.94970703125, -505.70538330078125, 2.777829170227051, -88.16983795166016
-2.8102400302886963, 23.573177337646484, 32.96550750732422, -506.0877380371094, 2.7850959300994873, -89.25176239013672
-2.814727544784546, 23.590383529663086, 32.978240966796875, -506.456298828125, 2.7818822860717773, -90.33311462402344
-2.819829225540161, 23.607662200927734, 32.990814208984375, -506.8216247558594, 2.77775239944458, -91.40524291992188
-2.8244471549987793, 23.619670867919922, 33.005653381347656, -507.1825256347656, 2.7742199897766113, -92.4736557006836
-2.829627275466919, 23.626096725463867, 33.025672912597656, -507.5460510253906, 2.7705087661743164, -93.55231475830078
-2.8308393955230713, 23.627912521362305, 33.04511642456055, -507.9106750488281, 2.7635324001312256, -94.64692687988281
-2.8331708908081055, 23.62559700012207, 33.06686019897461, -508.27984619140625, 2.7611541748046875, -95.74291229248047
-2.8363473415374756, 23.626081466674805, 33.08674621582031, -508.6470642089844, 2.759876251220703, -96.83659362792969
-2.8378753662109375, 23.63068962097168, 33.107322692871094, -509.0137634277344, 2.7563700675964355, -97.93608093261719
-2.8356986045837402, 23.63477897644043, 33.13146209716797, -509.377685546875, 2.7512552738189697, -99.03819274902344
-2.830227851867676, 23.639617919921875, 33.15339279174805, -509.7414855957031, 2.7483887672424316, -100.14483642578125
-2.8257298469543457, 23.64241600036621, 33.1710090637207, -510.1144104003906, 2.751176118850708, -101.25355529785156
-2.8226559162139893, 23.643098831176758, 33.188053131103516, -510.4909973144531, 2.756464719772339, -102.35558319091797
-2.820847988128662, 23.64327049255371, 33.20458221435547, -510.8694152832031, 2.7609364986419678, -103.4537582397461
-2.819973945617676, 23.648473739624023, 33.224220275878906, -511.25054931640625, 2.764038324356079, -104.55594635009766
-2.8187222480773926, 23.65381622314453, 33.24163055419922, -511.6286926269531, 2.7652804851531982, -105.64905548095703
-2.819610834121704, 23.661251068115234, 33.256629943847656, -512.0078125, 2.7680819034576416, -106.74246215820312
-2.818500280380249, 23.6727294921875, 33.272308349609375, -512.380859375, 2.776237964630127, -107.84542846679688
-2.816882371902466, 23.68405532836914, 33.29160690307617, -512.7564697265625, 2.7902865409851074, -108.95451354980469
-2.8151512145996094, 23.69460678100586, 33.312599182128906, -513.1387329101562, 2.80588698387146, -110.06375122070312
-2.812405586242676, 23.703998565673828, 33.33182144165039, -513.5241088867188, 2.8160102367401123, -111.16657257080078
-2.8099100589752197, 23.713348388671875, 33.34488296508789, -513.9088745117188, 2.825137138366699, -112.2596435546875
-2.8070850372314453, 23.725370407104492, 33.3570556640625, -514.2913818359375, 2.835665464401245, -113.35372924804688
-2.8072752952575684, 23.738033294677734, 33.36760711669922, -514.6727905273438, 2.841728925704956, -114.44984436035156
-2.806983470916748, 23.750280380249023, 33.382530212402344, -515.05322265625, 2.845000982284546, -115.54866790771484
-2.8051743507385254, 23.76021385192871, 33.40217208862305, -515.4420166015625, 2.8494293689727783, -116.65465545654297
-2.8043787479400635, 23.766719818115234, 33.42502975463867, -515.8385620117188, 2.858262062072754, -117.76128387451172
-2.8062398433685303, 23.771846771240234, 33.44921875, -516.2357177734375, 2.8686130046844482, -118.86976623535156
-2.8086705207824707, 23.77421760559082, 33.476619720458984, -516.63232421875, 2.880718231201172, -119.9804916381836
-2.8124372959136963, 23.777109146118164, 33.499691009521484, -517.0253295898438, 2.8972127437591553, -121.08647918701172
-2.8130698204040527, 23.7795467376709, 33.52409744262695, -517.4063110351562, 2.915064573287964, -122.18900299072266
-2.8154804706573486, 23.782732009887695, 33.54737091064453, -517.785400390625, 2.929110288619995, -123.28965759277344
-2.8232064247131348, 23.78351402282715, 33.57030487060547, -518.1640625, 2.9491028785705566, -124.39034271240234
-2.8289828300476074, 23.785982131958008, 33.59064865112305, -518.52978515625, 2.967230796813965, -125.49848175048828
-2.828113317489624, 23.787765502929688, 33.611541748046875, -518.8837890625, 2.9795982837677, -126.60419464111328
-2.8312346935272217, 23.786619186401367, 33.63117218017578, -519.2401733398438, 2.9879398345947266, -127.7000732421875
-2.835550308227539, 23.785388946533203, 33.64738464355469, -519.5946044921875, 2.996641159057617, -128.7939453125
-2.8415720462799072, 23.784162521362305, 33.65854263305664, -519.9407348632812, 3.009078025817871, -129.88482666015625
-2.847454309463501, 23.78411865234375, 33.66702651977539, -520.2850952148438, 3.0302021503448486, -130.97732543945312
-2.8512701988220215, 23.784542083740234, 33.67683792114258, -520.627685546875, 3.0492639541625977, -132.07191467285156
-2.8555479049682617, 23.78887367248535, 33.68406677246094, -520.9658813476562, 3.069265365600586, -133.1693115234375
-2.8646771907806396, 23.793161392211914, 33.690589904785156, -521.302978515625, 3.08892560005188, -134.26535034179688
-2.8747494220733643, 23.796676635742188, 33.69569396972656, -521.6323852539062, 3.1081008911132812, -135.3603057861328
-2.884671449661255, 23.80173110961914, 33.7016487121582, -521.9486083984375, 3.124804973602295, -136.4618377685547
-2.8955042362213135, 23.80556869506836, 33.708038330078125, -522.2538452148438, 3.1364638805389404, -137.56175231933594
-2.90516996383667, 23.806846618652344, 33.717079162597656, -522.546875, 3.1434831619262695, -138.6634979248047
-2.91558837890625, 23.809776306152344, 33.726993560791016, -522.82568359375, 3.1460654735565186, -139.7635040283203
-2.9281387329101562, 23.813879013061523, 33.73712921142578, -523.0943603515625, 3.1525559425354004, -140.86724853515625
-2.94094181060791, 23.818857192993164, 33.74530792236328, -523.3480834960938, 3.159092426300049, -141.97604370117188
-2.953150749206543, 23.825122833251953, 33.75191116333008, -523.587646484375, 3.1660149097442627, -143.0896759033203
-2.965482473373413, 23.832717895507812, 33.75820541381836, -523.81494140625, 3.1745829582214355, -144.205810546875
-2.9784739017486572, 23.839139938354492, 33.76232147216797, -524.0283203125, 3.182248830795288, -145.3243408203125
-2.99198579788208, 23.845439910888672, 33.765995025634766, -524.2274169921875, 3.1877102851867676, -146.44305419921875
-3.0049586296081543, 23.85141372680664, 33.770206451416016, -524.4124145507812, 3.192553997039795, -147.56427001953125
-3.0178332328796387, 23.857421875, 33.772979736328125, -524.5825805664062, 3.197068691253662, -148.6881561279297
-3.03017258644104, 23.863859176635742, 33.775291442871094, -524.7373046875, 3.200840473175049, -149.8125457763672
-3.042595863342285, 23.870635986328125, 33.77774429321289, -524.8783569335938, 3.2044074535369873, -150.93948364257812
-3.055156946182251, 23.876840591430664, 33.7798957824707, -525.0059204101562, 3.2077476978302, -152.06834411621094
-3.0675199031829834, 23.88287925720215, 33.78181457519531, -525.1187133789062, 3.210965394973755, -153.19749450683594
-3.079920768737793, 23.888978958129883, 33.78377914428711, -525.2175903320312, 3.2140514850616455, -154.3278045654297
-3.092365264892578, 23.895029067993164, 33.78569030761719, -525.3026733398438, 3.2171285152435303, -155.4596710205078
-3.1049845218658447, 23.90117073059082, 33.78738021850586, -525.3733520507812, 3.220477342605591, -156.5926971435547
-3.1165614128112793, 23.90802574157715, 33.78932189941406, -525.4300537109375, 3.2257566452026367, -157.72552490234375
-3.1280581951141357, 23.914091110229492, 33.79126739501953, -525.4722900390625, 3.2302398681640625, -158.8564453125
-3.140960454940796, 23.92104148864746, 33.793418884277344, -525.4999389648438, 3.234130859375, -159.98826599121094
3.13063645362854, 23.929500579833984, 33.794246673583984, -525.5147094726562, 3.2363009452819824, -161.11483764648438
3.1144754886627197, 23.94190216064453, 33.79749298095703, -525.5201416015625, 3.2364773750305176, -162.2443084716797
3.098632574081421, 23.95090675354004, 33.80259704589844, -525.5079345703125, 3.236569404602051, -163.3722686767578
3.083768606185913, 23.96059799194336, 33.806312561035156, -525.4747924804688, 3.234428644180298, -164.50057983398438
3.0713140964508057, 23.968521118164062, 33.80925750732422, -525.4260864257812, 3.2322957515716553, -165.6277618408203
3.0587236881256104, 23.973058700561523, 33.81417465209961, -525.3689575195312, 3.2362112998962402, -166.75921630859375
3.049635171890259, 23.981727600097656, 33.81883239746094, -525.298583984375, 3.2390522956848145, -167.8858642578125
3.0392649173736572, 23.989356994628906, 33.82072067260742, -525.2197875976562, 3.241241931915283, -169.01588439941406
3.0285427570343018, 23.993383407592773, 33.823638916015625, -525.125, 3.2429401874542236, -170.14842224121094
3.016784429550171, 23.99651336669922, 33.82646560668945, -525.0175170898438, 3.2467939853668213, -171.28289794921875
3.0038321018218994, 23.9966983795166, 33.828243255615234, -524.8914794921875, 3.2481889724731445, -172.41204833984375
2.9884350299835205, 23.999881744384766, 33.832698822021484, -524.7500610351562, 3.248138904571533, -173.53970336914062
2.9736616611480713, 24.004791259765625, 33.837615966796875, -524.58935546875, 3.2477643489837646, -174.66676330566406
2.958636522293091, 24.01093864440918, 33.84287643432617, -524.4126586914062, 3.247415781021118, -175.78878784179688
2.9447739124298096, 24.01719093322754, 33.84720993041992, -524.2208862304688, 3.245527505874634, -176.9071807861328
2.930940866470337, 24.023897171020508, 33.85142135620117, -524.0142211914062, 3.246828317642212, -178.02325439453125
2.916790246963501, 24.031761169433594, 33.85427474975586, -523.7918701171875, 3.2480580806732178, -179.13665771484375
2.903312921524048, 24.039196014404297, 33.85639953613281, -523.553955078125, 3.2496497631073, -180.24722290039062
2.89050030708313, 24.046396255493164, 33.85828399658203, -523.300537109375, 3.251518487930298, -181.35379028320312
2.8777272701263428, 24.053356170654297, 33.86001968383789, -523.033203125, 3.2541770935058594, -182.4573974609375
2.865267038345337, 24.06020736694336, 33.86167526245117, -522.7518920898438, 3.2573394775390625, -183.5572967529297
2.8530352115631104, 24.066694259643555, 33.863643646240234, -522.4569702148438, 3.260761022567749, -184.6536102294922
2.8405392169952393, 24.07319450378418, 33.86525344848633, -522.1487426757812, 3.2640538215637207, -185.74612426757812
2.827772378921509, 24.07991600036621, 33.86695098876953, -521.8268432617188, 3.267270088195801, -186.8344268798828
2.814990282058716, 24.08626937866211, 33.86896514892578, -521.4915161132812, 3.270662307739258, -187.9187469482422
2.802168130874634, 24.092472076416016, 33.8708610534668, -521.142578125, 3.2737908363342285, -188.99842834472656
2.789095163345337, 24.09855079650879, 33.87266159057617, -520.779541015625, 3.2770283222198486, -190.0733642578125
2.7761847972869873, 24.104900360107422, 33.874664306640625, -520.4027709960938, 3.2802953720092773, -191.14393615722656
2.763200044631958, 24.11102867126465, 33.876651763916016, -520.0120239257812, 3.283381938934326, -192.20957946777344
2.7503130435943604, 24.117326736450195, 33.87895965576172, -519.6076049804688, 3.2862374782562256, -193.27012634277344
2.737309694290161, 24.12378692626953, 33.88116455078125, -519.1898193359375, 3.2894351482391357, -194.3252716064453
2.724480390548706, 24.130136489868164, 33.88322067260742, -518.7584838867188, 3.2923882007598877, -195.3749237060547
2.7116267681121826, 24.136817932128906, 33.88492202758789, -518.3139038085938, 3.2957241535186768, -196.4195098876953
2.698817491531372, 24.143516540527344, 33.88671875, -517.8557739257812, 3.299022674560547, -197.45797729492188
2.6862566471099854, 24.15018081665039, 33.88835144042969, -517.3845825195312, 3.3020918369293213, -198.49069213867188
2.6737635135650635, 24.156862258911133, 33.890132904052734, -516.9005737304688, 3.305107593536377, -199.51731872558594
2.6615278720855713, 24.163482666015625, 33.8918571472168, -516.403564453125, 3.3080837726593018, -200.53738403320312
2.6496317386627197, 24.170198440551758, 33.89345169067383, -515.8939819335938, 3.3112540245056152, -201.55186462402344
2.6363980770111084, 24.176143646240234, 33.895416259765625, -515.3709106445312, 3.315277099609375, -202.5592498779297
2.6237213611602783, 24.179527282714844, 33.89695739746094, -514.8347778320312, 3.3198180198669434, -203.55999755859375
2.6097280979156494, 24.181659698486328, 33.89901351928711, -514.2880859375, 3.3255839347839355, -204.55296325683594
2.596470594406128, 24.183828353881836, 33.90199661254883, -513.7254638671875, 3.331561803817749, -205.53973388671875
2.5846264362335205, 24.18679428100586, 33.90647888183594, -513.1464233398438, 3.3398022651672363, -206.52041625976562
2.573524236679077, 24.192407608032227, 33.913543701171875, -512.5577392578125, 3.347454786300659, -207.4903564453125
2.5628960132598877, 24.200454711914062, 33.919368743896484, -511.9617004394531, 3.352966070175171, -208.45669555664062
2.550341844558716, 24.205965042114258, 33.929744720458984, -511.3533935546875, 3.3552117347717285, -209.41928100585938
2.537426233291626, 24.207115173339844, 33.938568115234375, -510.734130859375, 3.356438636779785, -210.3651123046875
2.5234978199005127, 24.2067928314209, 33.947113037109375, -510.09796142578125, 3.359407663345337, -211.30120849609375
2.509931802749634, 24.202489852905273, 33.95356369018555, -509.44268798828125, 3.3636634349823, -212.22781372070312
2.4976251125335693, 24.200458526611328, 33.95996856689453, -508.77288818359375, 3.3693153858184814, -213.14755249023438
2.4890329837799072, 24.19635009765625, 33.965450286865234, -508.08648681640625, 3.377913236618042, -214.06173706054688
2.482109785079956, 24.19986915588379, 33.9735221862793, -507.3910827636719, 3.391496419906616, -214.97088623046875
2.4715845584869385, 24.20273208618164, 33.986602783203125, -506.69085693359375, 3.4119858741760254, -215.8770294189453
2.466249704360962, 24.20793342590332, 33.99954605102539, -505.9884033203125, 3.430645704269409, -216.7735595703125
2.466397523880005, 24.212520599365234, 34.01338195800781, -505.28497314453125, 3.445662260055542, -217.66319274902344
2.462439775466919, 24.220861434936523, 34.026611328125, -504.5826110839844, 3.459407091140747, -218.5561981201172
2.457369565963745, 24.230905532836914, 34.03422546386719, -503.877685546875, 3.4762871265411377, -219.44505310058594
2.451310873031616, 24.240219116210938, 34.03858184814453, -503.17449951171875, 3.493786096572876, -220.33096313476562
2.449551820755005, 24.249988555908203, 34.043052673339844, -502.4623718261719, 3.5008270740509033, -221.2143096923828
2.4490416049957275, 24.257381439208984, 34.049949645996094, -501.7462463378906, 3.502492904663086, -222.09373474121094
2.4480783939361572, 24.2674617767334, 34.062522888183594, -501.0284423828125, 3.4990005493164062, -222.96917724609375
2.4494283199310303, 24.27188491821289, 34.0745735168457, -500.30926513671875, 3.496415138244629, -223.84190368652344
2.451525926589966, 24.279918670654297, 34.08481216430664, -499.59564208984375, 3.4947404861450195, -224.71681213378906
2.449286699295044, 24.29213523864746, 34.09726333618164, -498.8887023925781, 3.4989147186279297, -225.59706115722656
2.4438059329986572, 24.304527282714844, 34.1080207824707, -498.18402099609375, 3.4994826316833496, -226.4771270751953
2.4399330615997314, 24.31986427307129, 34.12186813354492, -497.4710998535156, 3.4940524101257324, -227.35279846191406
2.438098192214966, 24.34035301208496, 34.142093658447266, -496.749755859375, 3.486039161682129, -228.23239135742188
2.4386942386627197, 24.355764389038086, 34.15858459472656, -496.0259094238281, 3.4839303493499756, -229.11605834960938
2.4408175945281982, 24.366628646850586, 34.1750602722168, -495.2997131347656, 3.482800006866455, -229.9925994873047
2.4408180713653564, 24.37704849243164, 34.194671630859375, -494.5757751464844, 3.490450143814087, -230.8744659423828
2.4297306537628174, 24.38422393798828, 34.21198272705078, -493.8555908203125, 3.4976773262023926, -231.7540283203125
2.4202492237091064, 24.38861846923828, 34.22887420654297, -493.12628173828125, 3.5028932094573975, -232.62442016601562
2.4068357944488525, 24.39400291442871, 34.243873596191406, -492.3876953125, 3.5025370121002197, -233.48280334472656
2.3933775424957275, 24.400676727294922, 34.25770568847656, -491.63531494140625, 3.4947798252105713, -234.3272247314453
2.3813374042510986, 24.41499137878418, 34.272056579589844, -490.8616943359375, 3.48380708694458, -235.1574249267578
2.3664114475250244, 24.43089485168457, 34.285614013671875, -490.0835266113281, 3.4817118644714355, -235.98162841796875
2.354919672012329, 24.45136833190918, 34.296871185302734, -489.29248046875, 3.4790501594543457, -236.79757690429688
2.3422768115997314, 24.470760345458984, 34.30509948730469, -488.4862365722656, 3.47935152053833, -237.60455322265625
2.3304789066314697, 24.490921020507812, 34.31095504760742, -487.6627502441406, 3.473081111907959, -238.3929443359375
2.3169004917144775, 24.505382537841797, 34.31709289550781, -486.8330078125, 3.470533609390259, -239.1695098876953
2.3048999309539795, 24.520069122314453, 34.32441711425781, -485.97808837890625, 3.4712414741516113, -239.94325256347656
2.292412519454956, 24.530963897705078, 34.329925537109375, -485.1045837402344, 3.4747977256774902, -240.70919799804688
2.279986619949341, 24.540693283081055, 34.33506774902344, -484.2281799316406, 3.4785468578338623, -241.45828247070312
2.26769757270813, 24.54755973815918, 34.340877532958984, -483.3480224609375, 3.483400821685791, -242.19927978515625
2.2536613941192627, 24.552173614501953, 34.34499740600586, -482.46044921875, 3.4859604835510254, -242.9316864013672
2.23488450050354, 24.55803680419922, 34.34860610961914, -481.5675964355469, 3.4868950843811035, -243.65586853027344
2.2152140140533447, 24.562936782836914, 34.351295471191406, -480.6593017578125, 3.487375259399414, -244.36581420898438
2.1989262104034424, 24.565813064575195, 34.357608795166016, -479.7393798828125, 3.488255500793457, -245.05894470214844
2.1851308345794678, 24.57099151611328, 34.361568450927734, -478.8105163574219, 3.485666036605835, -245.73489379882812
2.172361135482788, 24.57668113708496, 34.36827850341797, -477.8789367675781, 3.4882564544677734, -246.39288330078125
2.1608755588531494, 24.58131217956543, 34.37191390991211, -476.94708251953125, 3.498196601867676, -247.0372772216797
2.151531457901001, 24.590085983276367, 34.378334045410156, -476.0107116699219, 3.5034401416778564, -247.66847229003906
2.144066095352173, 24.595348358154297, 34.38639831542969, -475.07867431640625, 3.506957769393921, -248.2841796875
2.134413003921509, 24.600812911987305, 34.39719772338867, -474.136962890625, 3.5113744735717773, -248.8955841064453
2.1282312870025635, 24.6076717376709, 34.407630920410156, -473.1905212402344, 3.5182242393493652, -249.4967041015625
2.1214001178741455, 24.61578369140625, 34.416595458984375, -472.2304992675781, 3.523995876312256, -250.09164428710938
2.115095853805542, 24.62233543395996, 34.421836853027344, -471.2694396972656, 3.5326340198516846, -250.6761016845703
2.1072661876678467, 24.6282901763916, 34.42607498168945, -470.298828125, 3.542579174041748, -251.25010681152344
2.097463369369507, 24.633838653564453, 34.43135070800781, -469.3183898925781, 3.550286293029785, -251.82034301757812
2.087524652481079, 24.643585205078125, 34.43797302246094, -468.32208251953125, 3.5534911155700684, -252.3828125
2.0732100009918213, 24.652509689331055, 34.4423713684082, -467.3194885253906, 3.560964822769165, -252.9423065185547
2.0635454654693604, 24.662609100341797, 34.449073791503906, -466.30755615234375, 3.5707826614379883, -253.4937744140625
2.054640531539917, 24.67838478088379, 34.45283508300781, -465.2822570800781, 3.583932638168335, -254.03497314453125
2.0466339588165283, 24.688335418701172, 34.46205139160156, -464.2521057128906, 3.5929064750671387, -254.56410217285156
2.036978006362915, 24.699018478393555, 34.47517013549805, -463.2167053222656, 3.6055080890655518, -255.08399963378906
2.028395414352417, 24.709192276000977, 34.491004943847656, -462.1842346191406, 3.619725465774536, -255.5907745361328
2.020639657974243, 24.71734046936035, 34.507225036621094, -461.1474914550781, 3.6307601928710938, -256.09466552734375
2.0128061771392822, 24.72399139404297, 34.522613525390625, -460.11322021484375, 3.6458280086517334, -256.58697509765625
2.0053703784942627, 24.727100372314453, 34.54482650756836, -459.0768127441406, 3.661522388458252, -257.0763854980469
1.9942362308502197, 24.735313415527344, 34.564876556396484, -458.0392761230469, 3.6683197021484375, -257.5580139160156
1.979461431503296, 24.743507385253906, 34.58393096923828, -456.99554443359375, 3.6766793727874756, -258.0328369140625
1.9688351154327393, 24.753814697265625, 34.60347366333008, -455.94586181640625, 3.6905903816223145, -258.490478515625
1.9588096141815186, 24.763164520263672, 34.62020492553711, -454.8974304199219, 3.699899435043335, -258.92431640625
1.944655179977417, 24.775339126586914, 34.63721466064453, -453.8482666015625, 3.7074837684631348, -259.3494567871094
1.9300634860992432, 24.786104202270508, 34.65031433105469, -452.79730224609375, 3.7120749950408936, -259.7545166015625
1.9166958332061768, 24.799800872802734, 34.66139602661133, -451.7396240234375, 3.713135004043579, -260.1478576660156
1.9075438976287842, 24.811330795288086, 34.67317581176758, -450.6723327636719, 3.7146413326263428, -260.525634765625
1.9009053707122803, 24.825334548950195, 34.68593215942383, -449.59429931640625, 3.7188029289245605, -260.8979797363281
1.8961074352264404, 24.837360382080078, 34.700706481933594, -448.510986328125, 3.7189931869506836, -261.2585144042969
1.889624834060669, 24.85040283203125, 34.71747970581055, -447.4247131347656, 3.7184770107269287, -261.6147766113281
1.8857038021087646, 24.85947608947754, 34.732688903808594, -446.3409423828125, 3.7251412868499756, -261.9657287597656
1.8800475597381592, 24.868209838867188, 34.749080657958984, -445.2572937011719, 3.7316482067108154, -262.3152160644531
1.8728797435760498, 24.877546310424805, 34.76881790161133, -444.1713562011719, 3.7373311519622803, -262.66510009765625
1.8669283390045166, 24.886180877685547, 34.78519058227539, -443.07568359375, 3.743863105773926, -263.0036315917969
1.8583695888519287, 24.893720626831055, 34.79560089111328, -441.9851989746094, 3.7533068656921387, -263.3309631347656
1.8452379703521729, 24.90445899963379, 34.80551528930664, -440.89044189453125, 3.760237216949463, -263.6499938964844
1.8369944095611572, 24.915775299072266, 34.815673828125, -439.7931823730469, 3.7648839950561523, -263.95318603515625
1.8285458087921143, 24.924535751342773, 34.825439453125, -438.6878356933594, 3.7680416107177734, -264.24542236328125
1.8242466449737549, 24.93220329284668, 34.833927154541016, -437.5824890136719, 3.767256021499634, -264.5260925292969
1.8196947574615479, 24.940113067626953, 34.84261703491211, -436.4775085449219, 3.7707910537719727, -264.8035888671875
1.8152515888214111, 24.94381332397461, 34.85348892211914, -435.36822509765625, 3.778768539428711, -265.0788879394531
1.8069589138031006, 24.949800491333008, 34.86465072631836, -434.26568603515625, 3.7898740768432617, -265.3476867675781
1.7959749698638916, 24.960378646850586, 34.87202835083008, -433.1602478027344, 3.7958364486694336, -265.60211181640625
1.7826955318450928, 24.97051429748535, 34.882843017578125, -432.0516357421875, 3.8010575771331787, -265.84368896484375
1.771599531173706, 24.979347229003906, 34.89850616455078, -430.9400634765625, 3.8044981956481934, -266.0705871582031
1.7599194049835205, 24.99045181274414, 34.911964416503906, -429.8332824707031, 3.805785655975342, -266.2790222167969
1.7446434497833252, 25.000709533691406, 34.919803619384766, -428.7259826660156, 3.811223268508911, -266.4769592285156
1.7296459674835205, 25.008325576782227, 34.92692184448242, -427.6192321777344, 3.813169479370117, -266.6627502441406
1.716428518295288, 25.012704849243164, 34.93320083618164, -426.50543212890625, 3.8121092319488525, -266.8321838378906
1.7061359882354736, 25.01514434814453, 34.94417190551758, -425.3768615722656, 3.810920000076294, -266.9908447265625
1.6972858905792236, 25.019025802612305, 34.95688247680664, -424.2398376464844, 3.8090436458587646, -267.13555908203125
1.6885960102081299, 25.01782989501953, 34.971458435058594, -423.10223388671875, 3.8028290271759033, -267.26776123046875
1.6827142238616943, 25.017498016357422, 34.98333740234375, -421.96240234375, 3.7980775833129883, -267.3904724121094
1.6790764331817627, 25.01764678955078, 34.99776077270508, -420.826416015625, 3.792867422103882, -267.5096130371094
1.6720592975616455, 25.019372940063477, 35.009342193603516, -419.68817138671875, 3.7926981449127197, -267.62493896484375
1.6633365154266357, 25.022939682006836, 35.021087646484375, -418.5525817871094, 3.7942960262298584, -267.7349548339844
1.6542689800262451, 25.02545166015625, 35.028587341308594, -417.4156494140625, 3.801225423812866, -267.83880615234375
1.650956392288208, 25.02790069580078, 35.0362548828125, -416.2709045410156, 3.810899257659912, -267.92767333984375
1.6487348079681396, 25.032217025756836, 35.04618835449219, -415.125244140625, 3.816272020339966, -268.0120849609375
1.646305799484253, 25.036989212036133, 35.05837631225586, -413.97991943359375, 3.8198530673980713, -268.0954895019531
1.642127275466919, 25.040477752685547, 35.06853485107422, -412.83526611328125, 3.82218337059021, -268.1818542480469
1.6369802951812744, 25.04364013671875, 35.07996368408203, -411.6925048828125, 3.826657772064209, -268.2649230957031
1.6351878643035889, 25.049652099609375, 35.09114456176758, -410.54473876953125, 3.826233148574829, -268.3459777832031
1.6363508701324463, 25.06062126159668, 35.10658264160156, -409.3981628417969, 3.823862075805664, -268.4225769042969
1.6373841762542725, 25.071256637573242, 35.118324279785156, -408.257568359375, 3.8204922676086426, -268.4947204589844
1.6347763538360596, 25.079551696777344, 35.12631607055664, -407.1197814941406, 3.811253547668457, -268.569091796875
1.6303293704986572, 25.09070587158203, 35.13235855102539, -405.9849548339844, 3.8020248413085938, -268.63909912109375
1.6231000423431396, 25.103620529174805, 35.13789367675781, -404.84942626953125, 3.7975475788116455, -268.7089538574219
1.612426519393921, 25.11591339111328, 35.143707275390625, -403.7057800292969, 3.7954647541046143, -268.76605224609375
1.6053802967071533, 25.132442474365234, 35.14619827270508, -402.5630798339844, 3.7949018478393555, -268.81561279296875
1.5963656902313232, 25.153297424316406, 35.156333923339844, -401.4195251464844, 3.7998366355895996, -268.86480712890625
1.589590311050415, 25.172094345092773, 35.167625427246094, -400.2730712890625, 3.801172971725464, -268.9028625488281
1.5852396488189697, 25.191360473632812, 35.17903518676758, -399.13214111328125, 3.799076795578003, -268.9283447265625
1.577479600906372, 25.206615447998047, 35.18973159790039, -397.9896240234375, 3.7957515716552734, -268.9477233886719
1.5675756931304932, 25.217695236206055, 35.20180130004883, -396.8495788574219, 3.79547381401062, -268.9490051269531
1.5625755786895752, 25.226226806640625, 35.210975646972656, -395.7160949707031, 3.795426845550537, -268.9405212402344
1.5578949451446533, 25.235639572143555, 35.217472076416016, -394.5802307128906, 3.8004980087280273, -268.92657470703125
1.5528724193572998, 25.241710662841797, 35.224788665771484, -393.4432373046875, 3.810399055480957, -268.90985107421875
1.5461771488189697, 25.245731353759766, 35.23324966430664, -392.3111877441406, 3.8178043365478516, -268.8794250488281
1.5401008129119873, 25.24738311767578, 35.241153717041016, -391.1794128417969, 3.8276853561401367, -268.8380432128906
1.5293772220611572, 25.248502731323242, 35.2495231628418, -390.04754638671875, 3.8412280082702637, -268.7908935546875
1.5179035663604736, 25.252532958984375, 35.260921478271484, -388.91497802734375, 3.8493309020996094, -268.73974609375
1.505042314529419, 25.257524490356445, 35.27585220336914, -387.7857666015625, 3.8592402935028076, -268.67962646484375
1.4934165477752686, 25.26905632019043, 35.293190002441406, -386.65692138671875, 3.8706576824188232, -268.6142883300781
1.4879190921783447, 25.284177780151367, 35.309959411621094, -385.52276611328125, 3.882944345474243, -268.537353515625
1.4840333461761475, 25.298871994018555, 35.32489013671875, -384.38836669921875, 3.8909285068511963, -268.4516906738281
1.4781296253204346, 25.318078994750977, 35.344730377197266, -383.2542724609375, 3.903826951980591, -268.3600158691406
1.4708502292633057, 25.33230972290039, 35.361541748046875, -382.123291015625, 3.9130430221557617, -268.2656555175781
1.4645159244537354, 25.348163604736328, 35.37508773803711, -380.9977722167969, 3.92399525642395, -268.16455078125
1.4590303897857666, 25.366384506225586, 35.39128494262695, -379.86907958984375, 3.929140090942383, -268.0535583496094
1.4538567066192627, 25.382654190063477, 35.40571594238281, -378.7366638183594, 3.9324707984924316, -267.9355163574219
1.4493582248687744, 25.40028190612793, 35.41669464111328, -377.6037292480469, 3.9332683086395264, -267.8116760253906
1.4441111087799072, 25.41910171508789, 35.43074035644531, -376.4664306640625, 3.933885097503662, -267.6824951171875
1.4398219585418701, 25.43608283996582, 35.445350646972656, -375.3302307128906, 3.9365460872650146, -267.5486755371094
1.4332630634307861, 25.454044342041016, 35.455894470214844, -374.1965637207031, 3.940833568572998, -267.4078369140625
1.4277966022491455, 25.465930938720703, 35.471275329589844, -373.0738525390625, 3.950439214706421, -267.2578430175781
1.4201257228851318, 25.475704193115234, 35.48345184326172, -371.95489501953125, 3.957704544067383, -267.1002502441406
1.407299280166626, 25.483840942382812, 35.49252700805664, -370.8436279296875, 3.9656429290771484, -266.9384460449219
1.3908703327178955, 25.4959659576416, 35.50423812866211, -369.7261962890625, 3.969937324523926, -266.75701904296875
1.3754031658172607, 25.512147903442383, 35.514522552490234, -368.6043395996094, 3.9788036346435547, -266.54876708984375
1.3606045246124268, 25.528316497802734, 35.52823257446289, -367.4795227050781, 3.9884989261627197, -266.3245544433594
1.3474104404449463, 25.541772842407227, 35.54033660888672, -366.35113525390625, 3.994852066040039, -266.0861511230469
1.3338220119476318, 25.5498104095459, 35.55277633666992, -365.22113037109375, 4.004457473754883, -265.8338623046875
1.323415994644165, 25.564064025878906, 35.56648254394531, -364.0926513671875, 4.008701324462891, -265.5707092285156
1.3153126239776611, 25.57643699645996, 35.574913024902344, -362.9701232910156, 4.013637542724609, -265.2980041503906
1.3074486255645752, 25.58194351196289, 35.5835075378418, -361.85565185546875, 4.0155768394470215, -265.013916015625
1.3027350902557373, 25.588529586791992, 35.591529846191406, -360.7503356933594, 4.01740837097168, -264.7254333496094
1.2991783618927002, 25.596710205078125, 35.60169982910156, -359.64215087890625, 4.021426200866699, -264.43365478515625
1.293752908706665, 25.60641098022461, 35.61454391479492, -358.5337219238281, 4.032926082611084, -264.146728515625
1.290919542312622, 25.615331649780273, 35.630062103271484, -357.42877197265625, 4.043353080749512, -263.8528747558594
1.287383794784546, 25.62514305114746, 35.64806365966797, -356.3200378417969, 4.047748565673828, -263.54742431640625
1.2823574542999268, 25.635482788085938, 35.66735076904297, -355.21405029296875, 4.051464080810547, -263.22821044921875
1.277991533279419, 25.645240783691406, 35.68474197387695, -354.1087341308594, 4.059270858764648, -262.9003601074219
1.2715818881988525, 25.650625228881836, 35.6995735168457, -353.0069274902344, 4.069423198699951, -262.56256103515625
1.2665493488311768, 25.656906127929688, 35.71037292480469, -351.9085693359375, 4.0776686668396, -262.21844482421875
1.2599589824676514, 25.662853240966797, 35.72068405151367, -350.8149719238281, 4.07915735244751, -261.871337890625
1.2509372234344482, 25.669137954711914, 35.73102569580078, -349.7309875488281, 4.083353519439697, -261.5175476074219
1.2427427768707275, 25.67413330078125, 35.73948287963867, -348.6424865722656, 4.081296920776367, -261.1562194824219
1.231992483139038, 25.682945251464844, 35.75090408325195, -347.548095703125, 4.078812599182129, -260.7916564941406
1.2259514331817627, 25.695566177368164, 35.76097869873047, -346.4529724121094, 4.078965187072754, -260.4120178222656
1.2240898609161377, 25.70832061767578, 35.772705078125, -345.36444091796875, 4.077211856842041, -260.0325622558594
1.2175915241241455, 25.724830627441406, 35.781272888183594, -344.28204345703125, 4.078394889831543, -259.656005859375
1.2122890949249268, 25.740482330322266, 35.790130615234375, -343.20001220703125, 4.0777058601379395, -259.27496337890625
1.20725417137146, 25.753110885620117, 35.79956817626953, -342.1190490722656, 4.072963714599609, -258.8830261230469
1.2046864032745361, 25.76690673828125, 35.80744934082031, -341.04705810546875, 4.066647052764893, -258.48297119140625
1.2024595737457275, 25.781740188598633, 35.81403350830078, -339.98468017578125, 4.062575817108154, -258.0807800292969
1.1997649669647217, 25.792325973510742, 35.82211685180664, -338.9272155761719, 4.057028293609619, -257.6758117675781
1.1958210468292236, 25.799861907958984, 35.83283996582031, -337.861572265625, 4.051262378692627, -257.26275634765625
1.1922781467437744, 25.809194564819336, 35.84135437011719, -336.8002014160156, 4.051266193389893, -256.8446044921875
1.1870596408843994, 25.814382553100586, 35.85204315185547, -335.7341613769531, 4.056423187255859, -256.4212951660156
1.181527853012085, 25.82301139831543, 35.861968994140625, -334.67364501953125, 4.0633649826049805, -255.9906463623047
1.1763417720794678, 25.834115982055664, 35.87509536743164, -333.6206970214844, 4.0737223625183105, -255.555419921875
1.1736423969268799, 25.848546981811523, 35.885921478271484, -332.5666809082031, 4.086967945098877, -255.11399841308594
1.1729271411895752, 25.862409591674805, 35.89013671875, -331.5143737792969, 4.098512649536133, -254.66368103027344
1.172055959701538, 25.873701095581055, 35.89620590209961, -330.4680480957031, 4.105617523193359, -254.21536254882812
1.1678650379180908, 25.88797378540039, 35.90361404418945, -329.4198303222656, 4.108987331390381, -253.7654266357422
1.1603972911834717, 25.89643096923828, 35.91922378540039, -328.380126953125, 4.115141868591309, -253.30909729003906
1.1542060375213623, 25.904293060302734, 35.93343734741211, -327.34051513671875, 4.119082927703857, -252.844970703125
1.1447789669036865, 25.910198211669922, 35.95122528076172, -326.3048095703125, 4.124355316162109, -252.3758544921875
1.1330435276031494, 25.923030853271484, 35.96928787231445, -325.2679748535156, 4.130179405212402, -251.8961639404297
1.121946096420288, 25.93758201599121, 35.98521423339844, -324.23077392578125, 4.135183811187744, -251.40573120117188
1.1102664470672607, 25.952987670898438, 35.999202728271484, -323.19647216796875, 4.139711856842041, -250.90603637695312
1.0980236530303955, 25.967281341552734, 36.011627197265625, -322.1656799316406, 4.142207145690918, -250.39683532714844
1.092250108718872, 25.97596549987793, 36.01848220825195, -321.14288330078125, 4.137314796447754, -249.87554931640625
1.090374231338501, 25.983182907104492, 36.02940368652344, -320.1236572265625, 4.134796142578125, -249.35545349121094
1.089418649673462, 25.992523193359375, 36.03984832763672, -319.1114501953125, 4.136126518249512, -248.8322296142578
1.0870416164398193, 26.002321243286133, 36.053123474121094, -318.1017761230469, 4.139057636260986, -248.29974365234375
1.0881516933441162, 26.0120849609375, 36.06989669799805, -317.0936279296875, 4.14064884185791, -247.76437377929688
1.0915439128875732, 26.019832611083984, 36.084991455078125, -316.08056640625, 4.140632629394531, -247.22584533691406
1.0915510654449463, 26.027441024780273, 36.099117279052734, -315.068603515625, 4.143619537353516, -246.69314575195312
1.0868604183197021, 26.038013458251953, 36.11248016357422, -314.05633544921875, 4.14530086517334, -246.15988159179688
1.080599069595337, 26.04799461364746, 36.12565612792969, -313.0487365722656, 4.1479668617248535, -245.62417602539062
1.0740787982940674, 26.05643081665039, 36.13731002807617, -312.0516052246094, 4.149232387542725, -245.0836944580078
1.0673048496246338, 26.06764030456543, 36.15040588378906, -311.06103515625, 4.144383430480957, -244.53773498535156
1.0597403049468994, 26.075557708740234, 36.16407775878906, -310.08038330078125, 4.138439655303955, -243.98666381835938
1.050264596939087, 26.08013916015625, 36.17929458618164, -309.1001892089844, 4.133591175079346, -243.42515563964844
1.0383083820343018, 26.089380264282227, 36.191627502441406, -308.1265563964844, 4.134303092956543, -242.85508728027344
1.0287625789642334, 26.100234985351562, 36.204368591308594, -307.15570068359375, 4.135322093963623, -242.27731323242188
1.021259069442749, 26.113563537597656, 36.215110778808594, -306.1833801269531, 4.138526916503906, -241.69039916992188
1.0176689624786377, 26.12653923034668, 36.22395324707031, -305.2065734863281, 4.1363630294799805, -241.09603881835938
1.0187618732452393, 26.135461807250977, 36.22996520996094, -304.2416076660156, 4.128716468811035, -240.49375915527344
1.016361951828003, 26.144811630249023, 36.237709045410156, -303.279052734375, 4.127811431884766, -239.8914031982422
1.0063421726226807, 26.1583251953125, 36.245323181152344, -302.3101501464844, 4.132307052612305, -239.28590393066406
0.9991958141326904, 26.173234939575195, 36.254486083984375, -301.34930419921875, 4.135350704193115, -238.66798400878906
0.9944102764129639, 26.184932708740234, 36.26055908203125, -300.3932800292969, 4.141629695892334, -238.04180908203125
0.9921853542327881, 26.194486618041992, 36.271812438964844, -299.4344482421875, 4.146070957183838, -237.41880798339844
0.991858720779419, 26.208078384399414, 36.28641891479492, -298.48114013671875, 4.145419120788574, -236.7910614013672
0.9915964603424072, 26.226696014404297, 36.29882049560547, -297.52978515625, 4.143276691436768, -236.1641387939453
0.9901678562164307, 26.241437911987305, 36.311607360839844, -296.5812683105469, 4.1383209228515625, -235.53970336914062
0.989403486251831, 26.255252838134766, 36.324466705322266, -295.6304626464844, 4.131429672241211, -234.91278076171875
0.9843342304229736, 26.26416778564453, 36.33620834350586, -294.67919921875, 4.122435092926025, -234.282470703125
0.9794223308563232, 26.272045135498047, 36.34675216674805, -293.73291015625, 4.115822792053223, -233.65029907226562
0.9715940952301025, 26.281015396118164, 36.359230041503906, -292.78179931640625, 4.109699726104736, -233.0113067626953
0.9650399684906006, 26.29204559326172, 36.37478256225586, -291.8282165527344, 4.103818416595459, -232.35755920410156
0.9627358913421631, 26.30278205871582, 36.389774322509766, -290.8852233886719, 4.093510150909424, -231.70162963867188
0.9616038799285889, 26.311784744262695, 36.404075622558594, -289.95050048828125, 4.081799030303955, -231.04408264160156
0.9619200229644775, 26.316490173339844, 36.41904067993164, -289.01544189453125, 4.0695624351501465, -230.3867950439453
0.9611437320709229, 26.321195602416992, 36.429771423339844, -288.080322265625, 4.055606842041016, -229.72763061523438
0.9591367244720459, 26.335920333862305, 36.439453125, -287.14178466796875, 4.043236255645752, -229.0705108642578
0.9580819606781006, 26.345380783081055, 36.44674301147461, -286.2061462402344, 4.034818172454834, -228.41873168945312
0.9577162265777588, 26.35563850402832, 36.450439453125, -285.2756042480469, 4.024184226989746, -227.76632690429688
0.9563424587249756, 26.36556053161621, 36.45936965942383, -284.347900390625, 4.013192653656006, -227.1130828857422
0.9569776058197021, 26.373422622680664, 36.468624114990234, -283.4176330566406, 4.0018792152404785, -226.4657440185547
0.9588143825531006, 26.381521224975586, 36.4806022644043, -282.4813232421875, 3.9885311126708984, -225.81214904785156
0.9584739208221436, 26.3919620513916, 36.49452209472656, -281.54656982421875, 3.9798645973205566, -225.15843200683594
0.9590394496917725, 26.402536392211914, 36.508914947509766, -280.61090087890625, 3.980668306350708, -224.50616455078125
0.9577662944793701, 26.407934188842773, 36.523067474365234, -279.67584228515625, 3.980241537094116, -223.85653686523438
0.9538953304290771, 26.412498474121094, 36.53659439086914, -278.7410888671875, 3.9813601970672607, -223.20436096191406
0.9455945491790771, 26.416770935058594, 36.5509147644043, -277.8116455078125, 3.9861741065979004, -222.54420471191406
0.9340951442718506, 26.421897888183594, 36.566314697265625, -276.88824462890625, 3.994527578353882, -221.88052368164062
0.9280397891998291, 26.429819107055664, 36.58402633666992, -275.9656982421875, 3.9979238510131836, -221.1946563720703
0.9214179515838623, 26.44087791442871, 36.5942497253418, -275.0483093261719, 4.00111722946167, -220.4932403564453
0.9176008701324463, 26.447120666503906, 36.60979461669922, -274.14007568359375, 4.000861167907715, -219.79196166992188
0.9115660190582275, 26.454816818237305, 36.62972640991211, -273.23370361328125, 3.9929425716400146, -219.08653259277344
0.9028356075286865, 26.462087631225586, 36.646461486816406, -272.33294677734375, 3.9892163276672363, -218.3844451904297
0.8925755023956299, 26.472570419311523, 36.663055419921875, -271.43743896484375, 3.986936092376709, -217.68035888671875
0.885178804397583, 26.48930549621582, 36.677833557128906, -270.5447998046875, 3.979814052581787, -216.96983337402344
0.8780968189239502, 26.506376266479492, 36.69477081298828, -269.6540222167969, 3.970540761947632, -216.25070190429688
0.87461256980896, 26.524856567382812, 36.710609436035156, -268.76275634765625, 3.9654836654663086, -215.52084350585938
0.8757498264312744, 26.543848037719727, 36.72248458862305, -267.87042236328125, 3.95965313911438, -214.78297424316406
0.8786900043487549, 26.5614013671875, 36.73054504394531, -266.97900390625, 3.9563417434692383, -214.0474395751953
0.8828756809234619, 26.58024787902832, 36.73920822143555, -266.0814514160156, 3.957186222076416, -213.31423950195312
0.8861520290374756, 26.597135543823242, 36.74889373779297, -265.1803894042969, 3.959097385406494, -212.58226013183594
0.886920690536499, 26.61015510559082, 36.756988525390625, -264.2715759277344, 3.9660696983337402, -211.8529052734375
0.8825128078460693, 26.619564056396484, 36.76561737060547, -263.3570861816406, 3.979243278503418, -211.1217803955078
0.8790595531463623, 26.632307052612305, 36.77446365356445, -262.4522399902344, 3.997246503829956, -210.39060974121094
0.8788988590240479, 26.64351463317871, 36.78609848022461, -261.552490234375, 4.008754730224609, -209.65719604492188
0.8788378238677979, 26.657255172729492, 36.80024719238281, -260.6530456542969, 4.022755146026611, -208.92820739746094
0.873089075088501, 26.668590545654297, 36.815975189208984, -259.7579040527344, 4.033995151519775, -208.1941680908203
0.8689229488372803, 26.676240921020508, 36.829689025878906, -258.8714599609375, 4.044698715209961, -207.45065307617188
0.8632242679595947, 26.685394287109375, 36.8437614440918, -257.9857482910156, 4.05800724029541, -206.70498657226562
0.8603389263153076, 26.692413330078125, 36.85643768310547, -257.107666015625, 4.0744404792785645, -205.95513916015625
0.8582756519317627, 26.704692840576172, 36.87294006347656, -256.2344665527344, 4.08669900894165, -205.1968994140625
0.8521246910095215, 26.712081909179688, 36.88965606689453, -255.3573760986328, 4.091383457183838, -204.43836975097656
0.8477203845977783, 26.72068214416504, 36.908199310302734, -254.4867706298828, 4.1012773513793945, -203.6864471435547
0.8425881862640381, 26.725879669189453, 36.93128204345703, -253.62374877929688, 4.108315944671631, -202.92984008789062
0.838726282119751, 26.730146408081055, 36.9526252746582, -252.7792205810547, 4.110236644744873, -202.17092895507812
0.831958532333374, 26.732343673706055, 36.97108840942383, -251.93507385253906, 4.117300510406494, -201.41213989257812
0.8273003101348877, 26.733152389526367, 36.98938751220703, -251.0994873046875, 4.124874591827393, -200.6506805419922
0.8249821662902832, 26.73595428466797, 37.01149368286133, -250.25624084472656, 4.12546968460083, -199.88333129882812
0.8237471580505371, 26.741661071777344, 37.034053802490234, -249.40966796875, 4.123126029968262, -199.10638427734375
0.8236799240112305, 26.750455856323242, 37.04939651489258, -248.56959533691406, 4.123775482177734, -198.32847595214844
0.8195004463195801, 26.75813865661621, 37.06474304199219, -247.73814392089844, 4.125729084014893, -197.54879760742188
0.8131504058837891, 26.763166427612305, 37.07929992675781, -246.91098022460938, 4.124061584472656, -196.76803588867188
0.8091237545013428, 26.766891479492188, 37.096031188964844, -246.08432006835938, 4.124233722686768, -195.98439025878906
0.8061695098876953, 26.77153205871582, 37.116172790527344, -245.2581787109375, 4.123569965362549, -195.1988983154297
0.8050253391265869, 26.777116775512695, 37.13005065917969, -244.43040466308594, 4.122708320617676, -194.4127960205078
0.805889368057251, 26.778583526611328, 37.140071868896484, -243.60968017578125, 4.124488830566406, -193.61874389648438
0.8089685440063477, 26.779050827026367, 37.15211868286133, -242.7882843017578, 4.122559547424316, -192.81906127929688
0.8076446056365967, 26.78512954711914, 37.164730072021484, -241.9658660888672, 4.1158223152160645, -192.0201873779297
0.8036108016967773, 26.795684814453125, 37.17603302001953, -241.14584350585938, 4.10828161239624, -191.21957397460938
0.7978718280792236, 26.81124496459961, 37.18673324584961, -240.3235321044922, 4.1022562980651855, -190.421630859375
0.7947614192962646, 26.825265884399414, 37.20169448852539, -239.50062561035156, 4.1000494956970215, -189.622802734375
0.7900059223175049, 26.83900260925293, 37.218875885009766, -238.6800079345703, 4.101634979248047, -188.8242645263672
0.7853257656097412, 26.848552703857422, 37.23176574707031, -237.8715057373047, 4.107785701751709, -188.02297973632812
0.7811591625213623, 26.856258392333984, 37.24034881591797, -237.07447814941406, 4.110683441162109, -187.21719360351562
0.7804670333862305, 26.861989974975586, 37.247894287109375, -236.2854766845703, 4.1082634925842285, -186.40579223632812
0.7792608737945557, 26.869564056396484, 37.259246826171875, -235.4938507080078, 4.11439847946167, -185.59109497070312
0.7804539203643799, 26.8754825592041, 37.27163314819336, -234.70277404785156, 4.119443416595459, -184.77479553222656
0.786104679107666, 26.880605697631836, 37.28337860107422, -233.91299438476562, 4.116300106048584, -183.95956420898438
0.7953755855560303, 26.88307762145996, 37.29042053222656, -233.12057495117188, 4.121912479400635, -183.14944458007812
0.8028414249420166, 26.88440704345703, 37.29612350463867, -232.32479858398438, 4.125922203063965, -182.34649658203125
0.8070175647735596, 26.885765075683594, 37.3025016784668, -231.52391052246094, 4.12018346786499, -181.54983520507812
0.8087759017944336, 26.892358779907227, 37.3101692199707, -230.71463012695312, 4.110569953918457, -180.74925231933594
0.8073303699493408, 26.90399742126465, 37.31926345825195, -229.90377807617188, 4.108196258544922, -179.9499969482422
0.8133018016815186, 26.919469833374023, 37.33309555053711, -229.08621215820312, 4.106581687927246, -179.14950561523438
0.8189117908477783, 26.933626174926758, 37.343570709228516, -228.26451110839844, 4.102120876312256, -178.35572814941406
0.8245553970336914, 26.947315216064453, 37.355857849121094, -227.43728637695312, 4.098536491394043, -177.5623779296875
0.8292427062988281, 26.96182632446289, 37.37322998046875, -226.601318359375, 4.096717834472656, -176.7687225341797
0.8351030349731445, 26.975820541381836, 37.392581939697266, -225.75604248046875, 4.098050117492676, -175.9825897216797
0.8322405815124512, 26.993141174316406, 37.41161346435547, -224.9114990234375, 4.097206115722656, -175.1922149658203
0.822502851486206, 27.00721549987793, 37.4218864440918, -224.06716918945312, 4.099703311920166, -174.40042114257812
0.8117938041687012, 27.02092170715332, 37.437042236328125, -223.22540283203125, 4.10482120513916, -173.59976196289062
0.8000414371490479, 27.03097915649414, 37.452510833740234, -222.39593505859375, 4.105501651763916, -172.7917938232422
0.7946798801422119, 27.04073143005371, 37.466548919677734, -221.57679748535156, 4.1018452644348145, -171.97816467285156
0.7934207916259766, 27.043554306030273, 37.475589752197266, -220.76119995117188, 4.094905853271484, -171.1600799560547
0.7932887077331543, 27.04470443725586, 37.48753356933594, -219.95196533203125, 4.086770534515381, -170.33340454101562
0.7956547737121582, 27.0467472076416, 37.49998092651367, -219.1422882080078, 4.076958656311035, -169.5125732421875
0.7975912094116211, 27.048280715942383, 37.50767517089844, -218.32794189453125, 4.0716142654418945, -168.6952667236328
0.802586555480957, 27.052371978759766, 37.51303482055664, -217.51275634765625, 4.065065383911133, -167.8831024169922
0.8062491416931152, 27.05909538269043, 37.519256591796875, -216.6934814453125, 4.0563740730285645, -167.0709686279297
0.8072717189788818, 27.068883895874023, 37.52880096435547, -215.86265563964844, 4.048986434936523, -166.25711059570312
0.8121154308319092, 27.078140258789062, 37.538360595703125, -215.03025817871094, 4.039051532745361, -165.44386291503906
0.8176510334014893, 27.09010124206543, 37.54835891723633, -214.19357299804688, 4.028591632843018, -164.64161682128906
0.826420783996582, 27.10509490966797, 37.55381393432617, -213.3560791015625, 4.015655994415283, -163.84368896484375
0.8335037231445312, 27.120094299316406, 37.55984115600586, -212.51995849609375, 4.012356758117676, -163.05685424804688
0.8387408256530762, 27.131532669067383, 37.5682373046875, -211.68089294433594, 4.009800910949707, -162.27528381347656
0.8381421566009521, 27.14262580871582, 37.577301025390625, -210.83580017089844, 3.9994444847106934, -161.49838256835938
0.8355727195739746, 27.155405044555664, 37.58576583862305, -209.98851013183594, 3.9861035346984863, -160.72608947753906
0.8349945545196533, 27.168075561523438, 37.593994140625, -209.14768981933594, 3.977642774581909, -159.95654296875
0.834763765335083, 27.180850982666016, 37.606170654296875, -208.30653381347656, 3.9721171855926514, -159.18905639648438
0.83701491355896, 27.193166732788086, 37.618988037109375, -207.46255493164062, 3.9692723751068115, -158.4209747314453
0.8367164134979248, 27.20189666748047, 37.63239288330078, -206.61329650878906, 3.9663443565368652, -157.6473388671875
0.8318796157836914, 27.20975112915039, 37.641334533691406, -205.76234436035156, 3.9653944969177246, -156.8686981201172
0.8279228210449219, 27.21896743774414, 37.64848709106445, -204.91519165039062, 3.964637517929077, -156.09170532226562
0.8268082141876221, 27.235454559326172, 37.65520477294922, -204.06646728515625, 3.9618592262268066, -155.30357360839844
0.8308351039886475, 27.25718879699707, 37.66521453857422, -203.22645568847656, 3.957843065261841, -154.51332092285156
0.8388493061065674, 27.275972366333008, 37.673667907714844, -202.3748779296875, 3.948835611343384, -153.72872924804688
0.8420665264129639, 27.291580200195312, 37.68594741821289, -201.51686096191406, 3.9479379653930664, -152.95364379882812
0.8390493392944336, 27.301589965820312, 37.698585510253906, -200.66151428222656, 3.952012062072754, -152.18785095214844
0.8322246074676514, 27.310897827148438, 37.70996856689453, -199.81019592285156, 3.9518940448760986, -151.42416381835938
0.8265988826751709, 27.319982528686523, 37.717411041259766, -198.9642791748047, 3.954183578491211, -150.6527099609375
0.8197717666625977, 27.32879066467285, 37.72740936279297, -198.11988830566406, 3.95953106880188, -149.8763885498047
0.8134446144104004, 27.338151931762695, 37.738555908203125, -197.2786102294922, 3.9673731327056885, -149.0904541015625
0.8087589740753174, 27.348512649536133, 37.75266647338867, -196.43592834472656, 3.9789328575134277, -148.30064392089844
0.797966718673706, 27.35682487487793, 37.768856048583984, -195.5924530029297, 3.9905283451080322, -147.50111389160156
0.7886745929718018, 27.366291046142578, 37.785240173339844, -194.76797485351562, 3.9988114833831787, -146.69630432128906
0.7819390296936035, 27.382841110229492, 37.806419372558594, -193.95217895507812, 4.00148868560791, -145.88186645507812
0.7753398418426514, 27.40214729309082, 37.82151794433594, -193.14320373535156, 3.998368978500366, -145.06329345703125
0.7692608833312988, 27.422306060791016, 37.832313537597656, -192.3492431640625, 3.999410390853882, -144.24388122558594
0.7668237686157227, 27.438791275024414, 37.844825744628906, -191.56520080566406, 3.9965946674346924, -143.4182891845703
0.7629616260528564, 27.45479393005371, 37.85964584350586, -190.77175903320312, 3.9943556785583496, -142.58453369140625
0.7583420276641846, 27.468305587768555, 37.87297821044922, -189.98341369628906, 3.9910390377044678, -141.74623107910156
0.7526774406433105, 27.481584548950195, 37.88823699951172, -189.19529724121094, 3.9871139526367188, -140.8992156982422
0.7477748394012451, 27.494274139404297, 37.904624938964844, -188.4043426513672, 3.986950159072876, -140.0523681640625
0.743328332901001, 27.505895614624023, 37.91830062866211, -187.6228485107422, 3.9852821826934814, -139.20462036132812
0.7374117374420166, 27.520111083984375, 37.925743103027344, -186.8466033935547, 3.9816219806671143, -138.3483123779297
0.730980396270752, 27.52840232849121, 37.93489456176758, -186.07252502441406, 3.9736292362213135, -137.4842071533203
0.7221052646636963, 27.538541793823242, 37.94301223754883, -185.3072509765625, 3.9659478664398193, -136.6097412109375
0.7128767967224121, 27.55087661743164, 37.95286560058594, -184.55101013183594, 3.9642767906188965, -135.735107421875
0.706587553024292, 27.563016891479492, 37.9632682800293, -183.80552673339844, 3.9629883766174316, -134.8538055419922
0.6983978748321533, 27.570083618164062, 37.9724006652832, -183.0648651123047, 3.9615485668182373, -133.9699249267578
0.6898529529571533, 27.582822799682617, 37.98340606689453, -182.33009338378906, 3.957366704940796, -133.08670043945312
0.6847782135009766, 27.592618942260742, 37.99692153930664, -181.60142517089844, 3.9561517238616943, -132.20567321777344
0.681260347366333, 27.604440689086914, 38.01093292236328, -180.87063598632812, 3.956131935119629, -131.31796264648438
0.6771411895751953, 27.61713981628418, 38.02667236328125, -180.13894653320312, 3.9543092250823975, -130.42013549804688
0.669933557510376, 27.630525588989258, 38.03982925415039, -179.4122772216797, 3.95245099067688, -129.52391052246094
0.6645901203155518, 27.642751693725586, 38.049800872802734, -178.68853759765625, 3.9527933597564697, -128.6239013671875
0.661391019821167, 27.655197143554688, 38.059165954589844, -177.97328186035156, 3.9522902965545654, -127.7196273803711
0.6635632514953613, 27.66832160949707, 38.070926666259766, -177.26451110839844, 3.9478304386138916, -126.81153106689453
0.6613285541534424, 27.67909812927246, 38.08343505859375, -176.55377197265625, 3.9469566345214844, -125.90756225585938
0.6564695835113525, 27.687179565429688, 38.095542907714844, -175.85195922851562, 3.9480555057525635, -125.00990295410156
0.6493752002716064, 27.693653106689453, 38.1040153503418, -175.15826416015625, 3.950068473815918, -124.11592102050781
0.6459798812866211, 27.70162582397461, 38.1131591796875, -174.46873474121094, 3.9496493339538574, -123.21414947509766
0.6440179347991943, 27.711923599243164, 38.12285614013672, -173.78216552734375, 3.953120708465576, -122.3072280883789
0.6415579319000244, 27.728994369506836, 38.13241958618164, -173.0957794189453, 3.956578254699707, -121.39100646972656
0.6399753093719482, 27.743635177612305, 38.14295196533203, -172.40869140625, 3.9568989276885986, -120.46812438964844
0.6382913589477539, 27.762331008911133, 38.15176010131836, -171.72328186035156, 3.958850145339966, -119.53642272949219
0.6346204280853271, 27.780567169189453, 38.16202926635742, -171.0396728515625, 3.960280179977417, -118.6117172241211
0.6293582916259766, 27.79771614074707, 38.16508483886719, -170.35902404785156, 3.9671027660369873, -117.67994689941406
0.6196589469909668, 27.812557220458984, 38.170433044433594, -169.68319702148438, 3.9713196754455566, -116.74751281738281
0.611365556716919, 27.82451057434082, 38.18025207519531, -169.0167236328125, 3.9761531352996826, -115.81954193115234
